"E:/UnrealEngine_Project/Perpetual_Dependancy_Github/Perpetual_Dependancy/Perpetual_Dependancy/Perpetual_Dependancy.uproject" 1
"../../../Engine/Plugins/AudioGameplayVolume/AudioGameplayVolume.uplugin" 2
"../../../Engine/Plugins/AudioGameplay/AudioGameplay.uplugin" 3
"../../../Engine/Plugins/Bridge/Bridge.uplugin" 4
"../../../Engine/Plugins/FastBuildController/FastBuildController.uplugin" 5
"../../../Engine/Plugins/JsonBlueprintUtilities/JsonBlueprintUtilities.uplugin" 6
"../../../Engine/Plugins/LightWeightInstancesEditor/LightWeightInstancesEditor.uplugin" 7
"../../../Engine/Plugins/MemoryUsageQueries/MemoryUsageQueries.uplugin" 8
"../../../Engine/Plugins/EnhancedInput/EnhancedInput.uplugin" 9
"../../../Engine/Plugins/MeshPainting/MeshPainting.uplugin" 10
"../../../Engine/Plugins/RenderGraphInsights/RenderGraphInsights.uplugin" 11
"../../../Engine/Plugins/ScriptPlugin/ScriptPlugin.uplugin" 12
"../../../Engine/Plugins/TraceUtilities/TraceUtilities.uplugin" 13
"../../../Engine/Plugins/XGEController/XGEController.uplugin" 14
"../../../Engine/Plugins/Animation/AnimationData/AnimationData.uplugin" 15
"../../../Engine/Plugins/Animation/AnimationWarping/AnimationWarping.uplugin" 16
"../../../Engine/Plugins/Animation/AnimationLocomotionLibrary/AnimationLocomotionLibrary.uplugin" 17
"../../../Engine/Plugins/Animation/BlendSpaceMotionAnalysis/BlendSpaceMotionAnalysis.uplugin" 18
"../../../Engine/Plugins/Animation/AnimToTexture/AnimToTexture.uplugin" 19
"../../../Engine/Plugins/Animation/ControlRig/ControlRig.uplugin" 20
"../../../Engine/Plugins/Animation/ControlRigSpline/ControlRigSpline.uplugin" 21
"../../../Engine/Plugins/Animation/GameplayInsights/GameplayInsights.uplugin" 22
"../../../Engine/Plugins/Animation/DeformerGraph/DeformerGraph.uplugin" 23
"../../../Engine/Plugins/Animation/LiveLink/LiveLink.uplugin" 24
"../../../Engine/Plugins/Animation/LiveLinkCurveDebugUI/LiveLinkCurveDebugUI.uplugin" 25
"../../../Engine/Plugins/Animation/IKRig/IKRig.uplugin" 26
"../../../Engine/Plugins/Animation/MotionWarping/MotionWarping.uplugin" 27
"../../../Engine/Plugins/Animation/RigLogic/RigLogic.uplugin" 28
"../../../Engine/Plugins/Compositing/LensDistortion/LensDistortion.uplugin" 29
"../../../Engine/Plugins/Compositing/Composure/Composure.uplugin" 30
"../../../Engine/Plugins/Compositing/OpenColorIO/OpenColorIO.uplugin" 31
"../../../Engine/Plugins/Compositing/OpenCVLensDistortion/OpenCVLensDistortion.uplugin" 32
"../../../Engine/Plugins/Editor/AssetManagerEditor/AssetManagerEditor.uplugin" 33
"../../../Engine/Plugins/Editor/AssetReferenceRestrictions/AssetReferenceRestrictions.uplugin" 34
"../../../Engine/Plugins/Editor/AssetRegistryExport/AssetRegistryExport.uplugin" 35
"../../../Engine/Plugins/Editor/AssetSearch/AssetSearch.uplugin" 36
"../../../Engine/Plugins/Animation/AnimationModifierLibrary/AnimationModifierLibrary.uplugin" 37
"../../../Engine/Plugins/Editor/BlueprintHeaderView/BlueprintHeaderView.uplugin" 38
"../../../Engine/Plugins/Editor/BlueprintMaterialTextureNodes/BlueprintMaterialTextureNodes.uplugin" 39
"../../../Engine/Plugins/Editor/ChangelistReview/ChangelistReview.uplugin" 40
"../../../Engine/Plugins/Editor/ConsoleVariablesEditor/ConsoleVariables.uplugin" 41
"../../../Engine/Plugins/Editor/CryptoKeys/CryptoKeys.uplugin" 42
"../../../Engine/Plugins/Editor/CurveEditorTools/CurveEditorTools.uplugin" 43
"../../../Engine/Plugins/Editor/DataValidation/DataValidation.uplugin" 44
"../../../Engine/Plugins/Editor/EditorDebugTools/EditorDebugTools.uplugin" 45
"../../../Engine/Plugins/Editor/DisplayClusterLaunch/DisplayClusterLaunch.uplugin" 46
"../../../Engine/Plugins/Editor/GameplayTagsEditor/GameplayTagsEditor.uplugin" 47
"../../../Engine/Plugins/Editor/GeometryMode/GeometryMode.uplugin" 48
"../../../Engine/Plugins/Editor/GLTFImporter/GLTFImporter.uplugin" 49
"../../../Engine/Plugins/BlueprintFileUtils/BlueprintFileUtils.uplugin" 50
"../../../Engine/Plugins/Editor/GuidedTutorials/GuidedTutorials.uplugin" 51
"../../../Engine/Plugins/Editor/LiveUpdateForSlate/LiveUpdateForSlate.uplugin" 52
"../../../Engine/Plugins/Editor/MacGraphicsSwitching/MacGraphicsSwitching.uplugin" 53
"../../../Engine/Plugins/Editor/MobileLauncherProfileWizard/MobileLauncherProfileWizard.uplugin" 54
"../../../Engine/Plugins/Editor/EditorScriptingUtilities/EditorScriptingUtilities.uplugin" 55
"../../../Engine/Plugins/Editor/ModelingToolsEditorMode/ModelingToolsEditorMode.uplugin" 56
"../../../Engine/Plugins/Editor/SequencerAnimTools/SequencerAnimTools.uplugin" 57
"../../../Engine/Plugins/Editor/PluginBrowser/PluginBrowser.uplugin" 58
"../../../Engine/Plugins/Editor/SpeedTreeImporter/SpeedTreeImporter.uplugin" 59
"../../../Engine/Plugins/Editor/StylusInput/StylusInput.uplugin" 60
"../../../Engine/Plugins/Editor/MakeCookedEditorAsDLC/MakeCookedEditorAsDLC.uplugin" 61
"../../../Engine/Plugins/Editor/WaveformEditor/WaveformEditor.uplugin" 62
"../../../Engine/Plugins/Editor/WorldPartitionHLODUtilities/WorldPartitionHLODUtilities.uplugin" 63
"../../../Engine/Plugins/Experimental/AbilitySystemGameFeatureActions/AbilitySystemGameFeatureActions.uplugin" 64
"../../../Engine/Plugins/Experimental/ActorPalette/ActorPalette.uplugin" 65
"../../../Engine/Plugins/Experimental/AppleVision/AppleVision.uplugin" 66
"../../../Engine/Plugins/Experimental/AnimNext/AnimNext.uplugin" 67
"../../../Engine/Plugins/Experimental/AutomationUtils/AutomationUtils.uplugin" 68
"../../../Engine/Plugins/Experimental/BlueprintSnapNodes/BlueprintSnapNodes.uplugin" 69
"../../../Engine/Plugins/Experimental/BackChannel/BackChannel.uplugin" 70
"../../../Engine/Plugins/Experimental/AssetPlacementEdMode/AssetPlacementEdMode.uplugin" 71
"../../../Engine/Plugins/Experimental/ChaosCloth/ChaosCloth.uplugin" 72
"../../../Engine/Plugins/Experimental/ChaosClothAsset/ChaosClothAsset.uplugin" 73
"../../../Engine/Plugins/Experimental/ChaosClothEditor/ChaosClothEditor.uplugin" 74
"../../../Engine/Plugins/Experimental/ChaosClothAssetEditor/ChaosClothAssetEditor.uplugin" 75
"../../../Engine/Plugins/Experimental/ChaosCaching/ChaosCaching.uplugin" 76
"../../../Engine/Plugins/Experimental/ChaosFlesh/ChaosFlesh.uplugin" 77
"../../../Engine/Plugins/Experimental/ChaosEditor/ChaosEditor.uplugin" 78
"../../../Engine/Plugins/Experimental/ChaosNiagara/ChaosNiagara.uplugin" 79
"../../../Engine/Plugins/Experimental/ChaosUserDataPT/ChaosUserDataPT.uplugin" 80
"../../../Engine/Plugins/Experimental/ChaosVehiclesPlugin/ChaosVehiclesPlugin.uplugin" 81
"../../../Engine/Plugins/Experimental/CharacterAI/CharacterAI.uplugin" 82
"../../../Engine/Plugins/Experimental/BlueprintStats/BlueprintStats.uplugin" 83
"../../../Engine/Plugins/Experimental/Chooser/Chooser.uplugin" 84
"../../../Engine/Plugins/Experimental/CineCameraRigs/CineCameraRigs.uplugin" 85
"../../../Engine/Plugins/Experimental/CinematicPrestreaming/CinematicPrestreaming.uplugin" 86
"../../../Engine/Plugins/Experimental/CodeEditor/CodeEditor.uplugin" 87
"../../../Engine/Plugins/Experimental/CodeView/CodeView.uplugin" 88
"../../../Engine/Plugins/Experimental/ColorCorrectRegions/ColorCorrectRegions.uplugin" 89
"../../../Engine/Plugins/Experimental/CommonConversation/CommonConversation.uplugin" 90
"../../../Engine/Plugins/Experimental/CommonUI/CommonUI.uplugin" 91
"../../../Engine/Plugins/Experimental/ControlFlows/ControlFlows.uplugin" 92
"../../../Engine/Plugins/Experimental/ChaosSolverPlugin/ChaosSolverPlugin.uplugin" 93
"../../../Engine/Plugins/Experimental/DefaultInstallBundleManager/DefaultInstallBundleManager.uplugin" 94
"../../../Engine/Plugins/Experimental/Fracture/Fracture.uplugin" 95
"../../../Engine/Plugins/Experimental/FieldSystemPlugin/FieldSystemPlugin.uplugin" 96
"../../../Engine/Plugins/Experimental/FullBodyIK/FullBodyIK.uplugin" 97
"../../../Engine/Plugins/Experimental/GameFeatures/GameFeatures.uplugin" 98
"../../../Engine/Plugins/Experimental/GameplayBehaviors/GameplayBehaviors.uplugin" 99
"../../../Engine/Plugins/Editor/EngineAssetDefinitions/EngineAssetDefinitions.uplugin" 100
"../../../Engine/Plugins/Experimental/GeometryCacheAbcFile/GeometryCacheAbcFile.uplugin" 101
"../../../Engine/Plugins/Experimental/GeometryCollectionPlugin/GeometryCollectionPlugin.uplugin" 102
"../../../Engine/Plugins/Experimental/GeometryFlow/GeometryFlow.uplugin" 103
"../../../Engine/Plugins/Editor/MaterialAnalyzer/MaterialAnalyzer.uplugin" 104
"../../../Engine/Plugins/Editor/FacialAnimation/FacialAnimation.uplugin" 105
"../../../Engine/Plugins/Experimental/GeometryScripting/GeometryScripting.uplugin" 106
"../../../Engine/Plugins/Experimental/GizmoEdMode/GizmoEdMode.uplugin" 107
"../../../Engine/Plugins/Experimental/GizmoFramework/GizmoFramework.uplugin" 108
"../../../Engine/Plugins/Experimental/GPULightmass/GPULightmass.uplugin" 109
"../../../Engine/Plugins/Experimental/HairModelingToolset/HairModelingToolset.uplugin" 110
"../../../Engine/Plugins/Experimental/ImagePlate/ImagePlate.uplugin" 111
"../../../Engine/Plugins/Experimental/Iris/Iris.uplugin" 112
"../../../Engine/Plugins/Experimental/JWT/JWT.uplugin" 113
"../../../Engine/Plugins/Experimental/Landmass/Landmass.uplugin" 114
"../../../Engine/Plugins/Experimental/LiveLinkControlRig/LiveLinkControlRig.uplugin" 115
"../../../Engine/Plugins/Experimental/MeshLODToolset/MeshLODToolset.uplugin" 116
"../../../Engine/Plugins/Experimental/LiveLinkFaceImporter/LiveLinkFaceImporter.uplugin" 117
"../../../Engine/Plugins/Experimental/LandscapePatch/LandscapePatch.uplugin" 118
"../../../Engine/Plugins/Experimental/MeshModelingToolsetExp/MeshModelingToolsetExp.uplugin" 119
"../../../Engine/Plugins/Experimental/MotoSynth/MotoSynth.uplugin" 120
"../../../Engine/Plugins/Experimental/ModularGameplay/ModularGameplay.uplugin" 121
"../../../Engine/Plugins/Experimental/ImpostorBaker/ImpostorBaker.uplugin" 122
"../../../Engine/Plugins/Experimental/MotorSimOutputMotoSynth/MotorSimOutputMotoSynth.uplugin" 123
"../../../Engine/Plugins/Experimental/NNE/NNE.uplugin" 124
"../../../Engine/Plugins/Experimental/NNI/NeuralNetworkInference.uplugin" 125
"../../../Engine/Plugins/Experimental/NaniteDisplacedMesh/NaniteDisplacedMesh.uplugin" 126
"../../../Engine/Plugins/Experimental/Mutable/Mutable.uplugin" 127
"../../../Engine/Plugins/Experimental/OptiXDenoise/OptiXDenoise.uplugin" 128
"../../../Engine/Plugins/Experimental/OpenImageDenoise/OpenImageDenoise.uplugin" 129
"../../../Engine/Plugins/Experimental/PanoramicCapture/PanoramicCapture.uplugin" 130
"../../../Engine/Plugins/Experimental/PCG/PCG.uplugin" 131
"../../../Engine/Plugins/Experimental/PCGGeometryScriptInterop/PCGGeometryScriptInterop.uplugin" 132
"../../../Engine/Plugins/Experimental/PhysicsControl/PhysicsControl.uplugin" 133
"../../../Engine/Plugins/Experimental/PixelStreamingPlayer/PixelStreamingPlayer.uplugin" 134
"../../../Engine/Plugins/Experimental/ProxyLODPlugin/ProxyLODPlugin.uplugin" 135
"../../../Engine/Plugins/Experimental/PlatformCrypto/PlatformCrypto.uplugin" 136
"../../../Engine/Plugins/Experimental/PlanarCutPlugin/PlanarCut.uplugin" 137
"../../../Engine/Plugins/Experimental/PythonFoundationPackages/PythonFoundationPackages.uplugin" 138
"../../../Engine/Plugins/Experimental/RawInput/RawInput.uplugin" 139
"../../../Engine/Plugins/Experimental/RenderGrid/RenderGrid.uplugin" 140
"../../../Engine/Plugins/Experimental/SampleToolsEditorMode/SampleToolsEditorMode.uplugin" 141
"../../../Engine/Plugins/Experimental/ScreenReader/ScreenReader.uplugin" 142
"../../../Engine/Plugins/Experimental/ScriptableToolsEditorMode/ScriptableToolsEditorMode.uplugin" 143
"../../../Engine/Plugins/Experimental/SimpleHMD/SimpleHMD.uplugin" 144
"../../../Engine/Plugins/Experimental/PythonScriptPlugin/PythonScriptPlugin.uplugin" 145
"../../../Engine/Plugins/Experimental/SkeletalReduction/SkeletalReduction.uplugin" 146
"../../../Engine/Plugins/Experimental/SlateScreenReader/SlateScreenReader.uplugin" 147
"../../../Engine/Plugins/Experimental/Shotgrid/Shotgrid.uplugin" 148
"../../../Engine/Plugins/Experimental/StaticMeshEditorModeling/StaticMeshEditorModeling.uplugin" 149
"../../../Engine/Plugins/Experimental/ScriptableToolsFramework/ScriptableToolsFramework.uplugin" 150
"../../../Engine/Plugins/Experimental/StructUtils/StructUtils.uplugin" 151
"../../../Engine/Plugins/Experimental/TetMeshing/TetMeshing.uplugin" 152
"../../../Engine/Plugins/Experimental/Text3D/Text3D.uplugin" 153
"../../../Engine/Plugins/Experimental/TextureMediaPlayer/TextureMediaPlayer.uplugin" 154
"../../../Engine/Plugins/Experimental/TextToSpeech/TextToSpeech.uplugin" 155
"../../../Engine/Plugins/Experimental/ToolPresets/ToolPresets.uplugin" 156
"../../../Engine/Plugins/Experimental/TypedElementsDataStorage/TypedElementsDataStorage.uplugin" 157
"../../../Engine/Plugins/Experimental/UIFramework/UIFramework.uplugin" 158
"../../../Engine/Plugins/Experimental/UserToolBoxBasicCommand/UserToolBoxBasicCommand.uplugin" 159
"../../../Engine/Plugins/Experimental/UserToolBoxCore/UserToolBoxCore.uplugin" 160
"../../../Engine/Plugins/Experimental/UVEditor/UVEditor.uplugin" 161
"../../../Engine/Plugins/Experimental/VirtualCameraCore/VirtualCameraCore.uplugin" 162
"../../../Engine/Plugins/Experimental/RemoteSession/RemoteSession.uplugin" 163
"../../../Engine/Plugins/Experimental/Dataflow/Dataflow.uplugin" 164
"../../../Engine/Plugins/Experimental/VirtualHeightfieldMesh/VirtualHeightfieldMesh.uplugin" 165
"../../../Engine/Plugins/Experimental/VirtualScouting/VirtualScouting.uplugin" 166
"../../../Engine/Plugins/Experimental/Volumetrics/Volumetrics.uplugin" 167
"../../../Engine/Plugins/Experimental/Water/Water.uplugin" 168
"../../../Engine/Plugins/Experimental/VirtualCamera/VirtualCamera.uplugin" 169
"../../../Engine/Plugins/Experimental/WaterExtras/WaterExtras.uplugin" 170
"../../../Engine/Plugins/Experimental/WaveFunctionCollapse/WaveFunctionCollapse.uplugin" 171
"../../../Engine/Plugins/Experimental/WebSocketNetworking/WebSocketNetworking.uplugin" 172
"../../../Engine/Plugins/Experimental/WidgetEditorToolPalette/WidgetEditorToolPalette.uplugin" 173
"../../../Engine/Plugins/Messaging/MessagingDebugger/MessagingDebugger.uplugin" 174
"../../../Engine/Plugins/Experimental/XRCreativeFramework/XRCreativeFramework.uplugin" 175
"../../../Engine/Plugins/Messaging/TcpMessaging/TcpMessaging.uplugin" 176
"../../../Engine/Plugins/Performance/PerformanceMonitor/PerformanceMonitor.uplugin" 177
"../../../Engine/Plugins/Slate/SlateInsights/SlateInsights.uplugin" 178
"../../../Engine/Plugins/Messaging/UdpMessaging/UdpMessaging.uplugin" 179
"../../../Engine/Plugins/Slate/SlateScripting/SlateScripting.uplugin" 180
"../../../Engine/Plugins/VirtualProduction/CameraCalibration/CameraCalibration.uplugin" 181
"../../../Engine/Plugins/VirtualProduction/CompositePlane/CompositePlane.uplugin" 182
"../../../Engine/Plugins/VirtualProduction/CameraCalibrationCore/CameraCalibrationCore.uplugin" 183
"../../../Engine/Plugins/VirtualProduction/DataCharts/DataCharts.uplugin" 184
"../../../Engine/Plugins/VirtualProduction/EpicStageApp/EpicStageApp.uplugin" 185
"../../../Engine/Plugins/VirtualProduction/ICVFX/ICVFX.uplugin" 186
"../../../Engine/Plugins/VirtualProduction/LevelSnapshots/LevelSnapshots.uplugin" 187
"../../../Engine/Plugins/VirtualProduction/LiveLinkFreeD/LiveLinkFreeD.uplugin" 188
"../../../Engine/Plugins/VirtualProduction/LiveLinkCamera/LiveLinkCamera.uplugin" 189
"../../../Engine/Plugins/VirtualProduction/LiveLinkLens/LiveLinkLens.uplugin" 190
"../../../Engine/Plugins/VirtualProduction/LiveLinkMasterLockit/LiveLinkMasterLockit.uplugin" 191
"../../../Engine/Plugins/VirtualProduction/LiveLinkPrestonMDR/LiveLinkPrestonMDR.uplugin" 192
"../../../Engine/Plugins/VirtualProduction/MultiUserTakes/MultiUserTakes.uplugin" 193
"../../../Engine/Plugins/VirtualProduction/LiveLinkVRPN/LiveLinkVRPN.uplugin" 194
"../../../Engine/Plugins/VirtualProduction/RemoteControl/RemoteControl.uplugin" 195
"../../../Engine/Plugins/VirtualProduction/RemoteControlInterception/RemoteControlInterception.uplugin" 196
"../../../Engine/Plugins/VirtualProduction/RemoteControlProtocolDMX/RemoteControlProtocolDMX.uplugin" 197
"../../../Engine/Plugins/VirtualProduction/LiveLinkXR/LiveLinkXR.uplugin" 198
"../../../Engine/Plugins/VirtualProduction/RemoteControlProtocolMIDI/RemoteControlProtocolMIDI.uplugin" 199
"../../../Engine/Plugins/VirtualProduction/SequencerPlaylists/SequencerPlaylists.uplugin" 200
"../../../Engine/Plugins/VirtualProduction/RemoteControlWebInterface/RemoteControlWebInterface.uplugin" 201
"../../../Engine/Plugins/VirtualProduction/StageMonitoring/StageMonitoring.uplugin" 202
"../../../Engine/Plugins/VirtualProduction/Switchboard/Switchboard.uplugin" 203
"../../../Engine/Plugins/VirtualProduction/TextureShare/TextureShare.uplugin" 204
"../../../Engine/Plugins/VirtualProduction/Takes/Takes.uplugin" 205
"../../../Engine/Plugins/VirtualProduction/TimedDataMonitor/TimedDataMonitor.uplugin" 206
"../../../Engine/Plugins/AI/HTNPlanner/HTNPlanner.uplugin" 207
"../../../Engine/Plugins/AI/EnvironmentQueryEditor/EnvironmentQueryEditor.uplugin" 208
"../../../Engine/Plugins/AI/AISupport/AISupport.uplugin" 209
"../../../Engine/Plugins/AI/MLAdapter/MLAdapter.uplugin" 210
"../../../Engine/Plugins/Developer/BlankPlugin/BlankPlugin.uplugin" 211
"../../../Engine/Plugins/Developer/AnimationSharing/AnimationSharing.uplugin" 212
"../../../Engine/Plugins/Developer/CLionSourceCodeAccess/CLionSourceCodeAccess.uplugin" 213
"../../../Engine/Plugins/AI/MassCrowd/MassCrowd.uplugin" 214
"../../../Engine/Plugins/AI/MassAI/MassAI.uplugin" 215
"../../../Engine/Plugins/Experimental/VirtualProductionUtilities/VirtualProductionUtilities.uplugin" 216
"../../../Engine/Plugins/Developer/CodeLiteSourceCodeAccess/CodeLiteSourceCodeAccess.uplugin" 217
"../../../Engine/Plugins/Developer/GitSourceControl/GitSourceControl.uplugin" 218
"../../../Engine/Plugins/Developer/KDevelopSourceCodeAccess/KDevelopSourceCodeAccess.uplugin" 219
"../../../Engine/Plugins/Developer/OneSkyLocalizationService/OneSkyLocalizationService.uplugin" 220
"../../../Engine/Plugins/Developer/PixWinPlugin/PixWinPlugin.uplugin" 221
"../../../Engine/Plugins/Developer/PerforceSourceControl/PerforceSourceControl.uplugin" 222
"../../../Engine/Plugins/Developer/PlasticSourceControl/PlasticSourceControl.uplugin" 223
"../../../Engine/Plugins/Developer/PluginUtils/PluginUtils.uplugin" 224
"../../../Engine/Plugins/Developer/PropertyAccessNode/PropertyAccessNode.uplugin" 225
"../../../Engine/Plugins/Developer/RiderSourceCodeAccess/RiderSourceCodeAccess.uplugin" 226
"../../../Engine/Plugins/Developer/SubversionSourceControl/SubversionSourceControl.uplugin" 227
"../../../Engine/Plugins/Developer/DumpGPUServices/DumpGPUServices.uplugin" 228
"../../../Engine/Plugins/Developer/TextureFormatOodle/TextureFormatOodle.uplugin" 229
"../../../Engine/Plugins/Developer/NullSourceCodeAccess/NullSourceCodeAccess.uplugin" 230
"../../../Engine/Plugins/Developer/RenderDocPlugin/RenderDocPlugin.uplugin" 231
"../../../Engine/Plugins/Developer/TraceDataFiltering/TraceDataFilters.uplugin" 232
"../../../Engine/Plugins/Developer/UObjectPlugin/UObjectPlugin.uplugin" 233
"../../../Engine/Plugins/Developer/TraceSourceFiltering/TraceSourceFilters.uplugin" 234
"../../../Engine/Plugins/Developer/XcodeGPUDebuggerPlugin/XcodeGPUDebuggerPlugin.uplugin" 235
"../../../Engine/Plugins/Developer/VisualStudioCodeSourceCodeAccess/VisualStudioCodeSourceCodeAccess.uplugin" 236
"../../../Engine/Plugins/Developer/VisualStudioSourceCodeAccess/VisualStudioSourceCodeAccess.uplugin" 237
"../../../Engine/Plugins/Enterprise/AxFImporter/AxFImporter.uplugin" 238
"../../../Engine/Plugins/Enterprise/DataprepEditor/DataprepEditor.uplugin" 239
"../../../Engine/Plugins/Enterprise/DatasmithC4DImporter/DatasmithC4DImporter.uplugin" 240
"../../../Engine/Plugins/Enterprise/DatasmithContent/DatasmithContent.uplugin" 241
"../../../Engine/Plugins/Enterprise/DatasmithFBXImporter/DatasmithFBXImporter.uplugin" 242
"../../../Engine/Plugins/Enterprise/DatasmithImporter/DatasmithImporter.uplugin" 243
"../../../Engine/Plugins/Enterprise/GLTFExporter/GLTFExporter.uplugin" 244
"../../../Engine/Plugins/Enterprise/LidarPointCloud/LidarPointCloud.uplugin" 245
"../../../Engine/Plugins/Enterprise/MDLImporter/MDLImporter.uplugin" 246
"../../../Engine/Plugins/Enterprise/VariantManager/VariantManager.uplugin" 247
"../../../Engine/Plugins/Developer/XCodeSourceCodeAccess/XCodeSourceCodeAccess.uplugin" 248
"../../../Engine/Plugins/Enterprise/VariantManagerContent/VariantManagerContent.uplugin" 249
"../../../Engine/Plugins/Importers/AlembicHairImporter/AlembicHairImporter.uplugin" 250
"../../../Engine/Plugins/Importers/AlembicImporter/AlembicImporter.uplugin" 251
"../../../Engine/Plugins/Importers/USDImporter/USDImporter.uplugin" 252
"../../../Engine/Plugins/Importers/USDMultiUser/USDMultiUser.uplugin" 253
"../../../Engine/Plugins/Online/EOSShared/EOSShared.uplugin" 254
"../../../Engine/Plugins/VirtualProduction/RemoteControlProtocolOSC/RemoteControlProtocolOSC.uplugin" 255
"../../../Engine/Plugins/Online/OnlineBase/OnlineBase.uplugin" 256
"../../../Engine/Plugins/Online/OnlineFramework/OnlineFramework.uplugin" 257
"../../../Engine/Plugins/Online/OnlineServicesEOS/OnlineServicesEOS.uplugin" 258
"../../../Engine/Plugins/Online/OnlineServices/OnlineServices.uplugin" 259
"../../../Engine/Plugins/Online/OnlineServicesEOSGS/OnlineServicesEOSGS.uplugin" 260
"../../../Engine/Plugins/Enterprise/DatasmithGLTFImporter/DatasmithGLTFImporter.uplugin" 261
"../../../Engine/Plugins/Online/OnlineServicesNull/OnlineServicesNull.uplugin" 262
"../../../Engine/Plugins/Online/OnlineServicesOSSAdapter/OnlineServicesOSSAdapter.uplugin" 263
"../../../Engine/Plugins/Online/OnlineSubsystem/OnlineSubsystem.uplugin" 264
"../../../Engine/Plugins/Online/OnlineSubsystemApple/OnlineSubsystemApple.uplugin" 265
"../../../Engine/Plugins/Online/OnlineSubsystemEOS/OnlineSubsystemEOS.uplugin" 266
"../../../Engine/Plugins/Online/OnlineSubsystemAmazon/OnlineSubsystemAmazon.uplugin" 267
"../../../Engine/Plugins/Online/OnlineSubsystemFacebook/OnlineSubsystemFacebook.uplugin" 268
"../../../Engine/Plugins/Online/OnlineSubsystemGoogle/OnlineSubsystemGoogle.uplugin" 269
"../../../Engine/Plugins/Online/OnlineSubsystemNull/OnlineSubsystemNull.uplugin" 270
"../../../Engine/Plugins/Online/OnlineSubsystemOculus/OnlineSubsystemOculus.uplugin" 271
"../../../Engine/Plugins/Enterprise/DatasmithIFCImporter/DatasmithIFCImporter.uplugin" 272
"../../../Engine/Plugins/Online/OnlineSubsystemUtils/OnlineSubsystemUtils.uplugin" 273
"../../../Engine/Plugins/Online/SocketSubsystemEOS/SocketSubsystemEOS.uplugin" 274
"../../../Engine/Plugins/Online/WebAuth/WebAuth.uplugin" 275
"../../../Engine/Plugins/Tests/AutomationDriverTests/AutomationDriverTests.uplugin" 276
"../../../Engine/Plugins/Tests/EditorTests/EditorTests.uplugin" 277
"../../../Engine/Plugins/Tests/FbxAutomationTestBuilder/FbxAutomationTestBuilder.uplugin" 278
"../../../Engine/Plugins/Tests/FunctionalTestingEditor/FunctionalTestingEditor.uplugin" 279
"../../../Engine/Plugins/Tests/PythonAutomationTest/PythonAutomationTest.uplugin" 280
"../../../Engine/Plugins/Tests/InterchangeTests/InterchangeTests.uplugin" 281
"../../../Engine/Plugins/Tests/RHITests/RHITests.uplugin" 282
"../../../Engine/Plugins/Tests/RuntimeTests/RuntimeTests.uplugin" 283
"../../../Engine/Plugins/Web/HttpBlueprint/HttpBlueprint.uplugin" 284
"../../../Engine/Plugins/Cameras/GameplayCameras/GameplayCameras.uplugin" 285
"../../../Engine/Plugins/Cameras/CameraShakePreviewer/CameraShakePreviewer.uplugin" 286
"../../../Engine/Plugins/Interchange/Editor/InterchangeEditor.uplugin" 287
"../../../Engine/Plugins/Online/OnlineSubsystemSteam/OnlineSubsystemSteam.uplugin" 288
"../../../Engine/Plugins/Enterprise/DatasmithCADImporter/DatasmithCADImporter.uplugin" 289
"../../../Engine/Plugins/Online/OnlineSubsystemTencent/OnlineSubsystemTencent.uplugin" 290
"../../../Engine/Plugins/Media/AjaMedia/AjaMedia.uplugin" 291
"../../../Engine/Plugins/Interchange/Runtime/Interchange.uplugin" 292
"../../../Engine/Plugins/Media/AndroidCamera/AndroidCamera.uplugin" 293
"../../../Engine/Plugins/Media/AndroidMedia/AndroidMedia.uplugin" 294
"../../../Engine/Plugins/Media/AppleProResMedia/AppleProResMedia.uplugin" 295
"../../../Engine/Plugins/Media/AvfMedia/AvfMedia.uplugin" 296
"../../../Engine/Plugins/Media/AvidDNxMedia/AvidDNxMedia.uplugin" 297
"../../../Engine/Plugins/Media/AudioCaptureTimecodeProvider/AudioCaptureTimecodeProvider.uplugin" 298
"../../../Engine/Plugins/Media/BinkMedia/BinkMedia.uplugin" 299
"../../../Engine/Plugins/Media/BlackmagicMedia/BlackmagicMedia.uplugin" 300
"../../../Engine/Plugins/Media/ElectraCDM/ElectraCDM.uplugin" 301
"../../../Engine/Plugins/Media/ElectraSubtitles/ElectraSubtitles.uplugin" 302
"../../../Engine/Plugins/Media/ElectraPlayer/ElectraPlayer.uplugin" 303
"../../../Engine/Plugins/Media/ElectraUtil/ElectraUtil.uplugin" 304
"../../../Engine/Plugins/Media/HAPMedia/HAPMedia.uplugin" 305
"../../../Engine/Plugins/Media/HLMedia/HLMedia.uplugin" 306
"../../../Engine/Plugins/Media/HardwareEncoders/HardwareEncoders.uplugin" 307
"../../../Engine/Plugins/Media/ImgMedia/ImgMedia.uplugin" 308
"../../../Engine/Plugins/Tests/TestSamples/TestSamples.uplugin" 309
"../../../Engine/Plugins/Media/LinearTimecode/LinearTimecode.uplugin" 310
"../../../Engine/Plugins/Media/MediaCompositing/MediaCompositing.uplugin" 311
"../../../Engine/Plugins/Media/MediaFrameworkUtilities/MediaFrameworkUtilities.uplugin" 312
"../../../Engine/Plugins/Media/MediaMovieStreamer/MediaMovieStreamer.uplugin" 313
"../../../Engine/Plugins/Media/MediaIOFramework/MediaIOFramework.uplugin" 314
"../../../Engine/Plugins/Media/MediaPlate/MediaPlate.uplugin" 315
"../../../Engine/Plugins/Media/MediaPlayerEditor/MediaPlayerEditor.uplugin" 316
"../../../Engine/Plugins/Media/MfMedia/MfMedia.uplugin" 317
"../../../Engine/Plugins/Media/PixelCapture/PixelCapture.uplugin" 318
"../../../Engine/Plugins/Media/PixelStreaming/PixelStreaming.uplugin" 319
"../../../Engine/Plugins/Media/WebMMedia/WebMMedia.uplugin" 320
"../../../Engine/Plugins/Media/WmfMedia/WmfMedia.uplugin" 321
"../../../Engine/Plugins/Media/TimecodeSynchronizer/TimecodeSynchronizer.uplugin" 322
"../../../Engine/Plugins/MovieScene/ActorSequence/ActorSequence.uplugin" 323
"../../../Engine/Plugins/MovieScene/CustomizableSequencerTracks/CustomizableSequencerTracks.uplugin" 324
"../../../Engine/Plugins/MovieScene/LevelSequenceEditor/LevelSequenceEditor.uplugin" 325
"../../../Engine/Plugins/MovieScene/MoviePipelineMaskRenderPass/MoviePipelineMaskRenderPass.uplugin" 326
"../../../Engine/Plugins/MovieScene/MovieRenderPipeline/MovieRenderPipeline.uplugin" 327
"../../../Engine/Plugins/MovieScene/ReplayTracks/ReplayTracks.uplugin" 328
"../../../Engine/Plugins/MovieScene/SequencerScripting/SequencerScripting.uplugin" 329
"../../../Engine/Plugins/MovieScene/TemplateSequence/TemplateSequence.uplugin" 330
"../../../Engine/Plugins/Runtime/ActorLayerUtilities/ActorLayerUtilities.uplugin" 331
"../../../Engine/Plugins/Experimental/GameplayTargetingSystem/TargetingSystem.uplugin" 332
"../../../Engine/Plugins/Portal/LauncherChunkInstaller/LauncherChunkInstaller.uplugin" 333
"../../../Engine/Plugins/Runtime/AndroidBackgroundService/AndroidBackgroundService.uplugin" 334
"../../../Engine/Plugins/Runtime/AndroidDeviceProfileSelector/AndroidDeviceProfileSelector.uplugin" 335
"../../../Engine/Plugins/Runtime/AndroidMoviePlayer/AndroidMoviePlayer.uplugin" 336
"../../../Engine/Plugins/Runtime/AndroidFileServer/AndroidFileServer.uplugin" 337
"../../../Engine/Plugins/Runtime/AndroidPermission/AndroidPermission.uplugin" 338
"../../../Engine/Plugins/Runtime/AnimationBudgetAllocator/AnimationBudgetAllocator.uplugin" 339
"../../../Engine/Plugins/Runtime/ApexDestruction/ApexDestruction.uplugin" 340
"../../../Engine/Plugins/Runtime/AppleImageUtils/AppleImageUtils.uplugin" 341
"../../../Engine/Plugins/Runtime/AppleMoviePlayer/AppleMoviePlayer.uplugin" 342
"../../../Engine/Plugins/Runtime/ArchVisCharacter/ArchVisCharacter.uplugin" 343
"../../../Engine/Plugins/Runtime/AudioCapture/AudioCapture.uplugin" 344
"../../../Engine/Plugins/Runtime/AssetTags/AssetTags.uplugin" 345
"../../../Engine/Plugins/Runtime/AudioMotorSim/AudioMotorSim.uplugin" 346
"../../../Engine/Plugins/Runtime/AudioModulation/AudioModulation.uplugin" 347
"../../../Engine/Plugins/Runtime/AudioSynesthesia/AudioSynesthesia.uplugin" 348
"../../../Engine/Plugins/Runtime/AudioWidgets/AudioWidgets.uplugin" 349
"../../../Engine/Plugins/Runtime/ChunkDownloader/ChunkDownloader.uplugin" 350
"../../../Engine/Plugins/Runtime/CustomMeshComponent/CustomMeshComponent.uplugin" 351
"../../../Engine/Plugins/Runtime/CableComponent/CableComponent.uplugin" 352
"../../../Engine/Plugins/Runtime/DataRegistry/DataRegistry.uplugin" 353
"../../../Engine/Plugins/Runtime/ExampleDeviceProfileSelector/ExampleDeviceProfileSelector.uplugin" 354
"../../../Engine/Plugins/Runtime/ComputeFramework/ComputeFramework.uplugin" 355
"../../../Engine/Plugins/Runtime/GameplayInteractions/GameplayInteractions.uplugin" 356
"../../../Engine/Plugins/Runtime/GameplayStateTree/GameplayStateTree.uplugin" 357
"../../../Engine/Plugins/Runtime/Firebase/Firebase.uplugin" 358
"../../../Engine/Plugins/Runtime/GameplayBehaviorSmartObjects/GameplayBehaviorSmartObjects.uplugin" 359
"../../../Engine/Plugins/Runtime/GeometryCache/GeometryCache.uplugin" 360
"../../../Engine/Plugins/Runtime/GeometryProcessing/GeometryProcessing.uplugin" 361
"../../../Engine/Plugins/Runtime/GeoReferencing/GeoReferencing.uplugin" 362
"../../../Engine/Plugins/Runtime/GoogleCloudMessaging/GoogleCloudMessaging.uplugin" 363
"../../../Engine/Plugins/Runtime/GooglePAD/GooglePAD.uplugin" 364
"../../../Engine/Plugins/Runtime/HairStrands/HairStrands.uplugin" 365
"../../../Engine/Plugins/Runtime/HDRIBackdrop/HDRIBackdrop.uplugin" 366
"../../../Engine/Plugins/Runtime/HPMotionController/HPMotionController.uplugin" 367
"../../../Engine/Plugins/Runtime/HTTPChunkInstaller/HTTPChunkInstaller.uplugin" 368
"../../../Engine/Plugins/Runtime/IOSDeviceProfileSelector/IOSDeviceProfileSelector.uplugin" 369
"../../../Engine/Plugins/Runtime/InputDebugging/InputDebugging.uplugin" 370
"../../../Engine/Plugins/Runtime/GameplayAbilities/GameplayAbilities.uplugin" 371
"../../../Engine/Plugins/Runtime/IOSReplayKit/IOSReplayKit.uplugin" 372
"../../../Engine/Plugins/Runtime/LiveLinkOvernDisplay/LiveLinkOverNDisplay.uplugin" 373
"../../../Engine/Plugins/Runtime/LinuxDeviceProfileSelector/LinuxDeviceProfileSelector.uplugin" 374
"../../../Engine/Plugins/Runtime/LocationServicesBPLibrary/LocationServicesBPLibrary.uplugin" 375
"../../../Engine/Plugins/Runtime/LocationServicesAndroidImpl/LocationServicesAndroidImpl.uplugin" 376
"../../../Engine/Plugins/Runtime/LocationServicesIOSImpl/LocationServicesIOSImpl.uplugin" 377
"../../../Engine/Plugins/Runtime/MassGameplay/MassGameplay.uplugin" 378
"../../../Engine/Plugins/Runtime/MeshModelingToolset/MeshModelingToolset.uplugin" 379
"../../../Engine/Plugins/Runtime/MassEntity/MassEntity.uplugin" 380
"../../../Engine/Plugins/Runtime/Metasound/Metasound.uplugin" 381
"../../../Engine/Plugins/Runtime/MicrosoftSpatialAudio/MicroSoftSpatialSound.uplugin" 382
"../../../Engine/Plugins/Runtime/MIDIDevice/MIDIDevice.uplugin" 383
"../../../Engine/Plugins/Runtime/MixedRealityCaptureFramework/MixedRealityCaptureFramework.uplugin" 384
"../../../Engine/Plugins/Runtime/MobilePatchingUtils/MobilePatchingUtils.uplugin" 385
"../../../Engine/Plugins/Runtime/MobileFSR/MobileFSR.uplugin" 386
"../../../Engine/Plugins/Runtime/NavCorridor/NavCorridor.uplugin" 387
"../../../Engine/Plugins/Runtime/nDisplay/nDisplay.uplugin" 388
"../../../Engine/Plugins/Runtime/ModelViewViewModel/ModelViewViewModel.uplugin" 389
"../../../Engine/Plugins/Runtime/nDisplayModularFeatures/nDisplayModularFeatures.uplugin" 390
"../../../Engine/Plugins/Runtime/NetworkPrediction/NetworkPrediction.uplugin" 391
"../../../Engine/Plugins/Runtime/NetworkPredictionExtras/NetworkPredictionExtras.uplugin" 392
"../../../Engine/Plugins/Runtime/NetworkPredictionInsights/NetworkPredictionInsights.uplugin" 393
"../../../Engine/Plugins/Runtime/OpenXR/OpenXR.uplugin" 394
"../../../Engine/Plugins/Runtime/OpenXREyeTracker/OpenXREyeTracker.uplugin" 395
"../../../Engine/Plugins/Runtime/OpenCV/OpenCV.uplugin" 396
"../../../Engine/Plugins/Runtime/OpenXRHandTracking/OpenXRHandTracking.uplugin" 397
"../../../Engine/Plugins/Runtime/OpenXRMsftHandInteraction/OpenXRMsftHandInteraction.uplugin" 398
"../../../Engine/Plugins/Runtime/OpenXRViveTracker/OpenXRViveTracker.uplugin" 399
"../../../Engine/Plugins/Runtime/OSC/OSC.uplugin" 400
"../../../Engine/Plugins/Runtime/OptionalMobileFeaturesBPLibrary/OptionalMobileFeaturesBPLibrary.uplugin" 401
"../../../Engine/Plugins/Runtime/OSCModulationMixing/OSCModulationMixing.uplugin" 402
"../../../Engine/Plugins/Runtime/PreLoadScreenMoviePlayer/PreLoadScreenMoviePlayer.uplugin" 403
"../../../Engine/Plugins/Runtime/ProceduralMeshComponent/ProceduralMeshComponent.uplugin" 404
"../../../Engine/Plugins/Runtime/PropertyAccess/PropertyAccessEditor.uplugin" 405
"../../../Engine/Plugins/Runtime/RenderTrace/RenderTrace.uplugin" 406
"../../../Engine/Plugins/Runtime/ReplicationGraph/ReplicationGraph.uplugin" 407
"../../../Engine/Plugins/Runtime/ReplicationSystemTestPlugin/ReplicationSystemTestPlugin.uplugin" 408
"../../../Engine/Plugins/Runtime/SkeletalMerging/SkeletalMerging.uplugin" 409
"../../../Engine/Plugins/Runtime/ResonanceAudio/ResonanceAudio.uplugin" 410
"../../../Engine/Plugins/Runtime/SmartObjects/SmartObjects.uplugin" 411
"../../../Engine/Plugins/Runtime/SoundCueTemplates/SoundCueTemplates.uplugin" 412
"../../../Engine/Plugins/Runtime/SoundMod/SoundMod.uplugin" 413
"../../../Engine/Plugins/Runtime/Soundscape/Soundscape.uplugin" 414
"../../../Engine/Plugins/Runtime/SoundFields/SoundFields.uplugin" 415
"../../../Engine/Plugins/Runtime/SoundUtilities/SoundUtilities.uplugin" 416
"../../../Engine/Plugins/Runtime/Spatialization/Spatialization.uplugin" 417
"../../../Engine/Plugins/Runtime/SunPosition/SunPosition.uplugin" 418
"../../../Engine/Plugins/Runtime/Synthesis/Synthesis.uplugin" 419
"../../../Engine/Plugins/Runtime/StateTree/StateTree.uplugin" 420
"../../../Engine/Plugins/Runtime/WarpUtils/WarpUtils.uplugin" 421
"../../../Engine/Plugins/Runtime/SignificanceManager/SignificanceManager.uplugin" 422
"../../../Engine/Plugins/Runtime/WebBrowserWidget/WebBrowserWidget.uplugin" 423
"../../../Engine/Plugins/Runtime/WebBrowserNativeProxy/WebBrowserNativeProxy.uplugin" 424
"../../../Engine/Plugins/Runtime/WebMMoviePlayer/WebMMoviePlayer.uplugin" 425
"../../../Engine/Plugins/Runtime/WindowsDeviceProfileSelector/WindowsDeviceProfileSelector.uplugin" 426
"../../../Engine/Plugins/Runtime/WindowsMoviePlayer/WindowsMoviePlayer.uplugin" 427
"../../../Engine/Plugins/Runtime/WorldConditions/WorldConditions.uplugin" 428
"../../../Engine/Plugins/Runtime/ZoneGraph/ZoneGraph.uplugin" 429
"../../../Engine/Plugins/Runtime/ZoneGraphAnnotations/ZoneGraphAnnotations.uplugin" 430
"../../../Engine/Plugins/2D/Paper2D/Paper2D.uplugin" 431
"../../../Engine/Plugins/Runtime/WaveTable/WaveTable.uplugin" 432
"../../../Engine/Plugins/Compression/OodleNetwork/OodleNetwork.uplugin" 433
"../../../Engine/Plugins/FX/CascadeToNiagaraConverter/CascadeToNiagaraConverter.uplugin" 434
"../../../Engine/Plugins/FX/ExampleCustomDataInterface/ExampleCustomDataInterface.uplugin" 435
"../../../Engine/Plugins/FX/Niagara/Niagara.uplugin" 436
"../../../Engine/Plugins/FX/NiagaraSimCaching/NiagaraSimCaching.uplugin" 437
"../../../Engine/Plugins/FX/NiagaraFluids/NiagaraFluids.uplugin" 438
"../../../Engine/Plugins/NetcodeUnitTest/NetcodeUnitTest/NetcodeUnitTest.uplugin" 439
"../../../Engine/Plugins/NetcodeUnitTest/NUTUnrealEngine/NUTUnrealEngine.uplugin" 440
"../../../Engine/Plugins/Protocols/MQTT/MQTT.uplugin" 441
"../../../Engine/Plugins/Experimental/Gauntlet/Gauntlet.uplugin" 442
"../../../Engine/Plugins/Editor/ContentBrowser/ContentBrowserAssetDataSource/ContentBrowserAssetDataSource.uplugin" 443
"../../../Engine/Plugins/Editor/ContentBrowser/ContentBrowserAliasDataSoure/ContentBrowserAliasDataSource.uplugin" 444
"../../../Engine/Plugins/Editor/ContentBrowser/ContentBrowserClassDataSource/ContentBrowserClassDataSource.uplugin" 445
"../../../Engine/Plugins/Experimental/AR/PointCloud/PointCloud.uplugin" 446
"../../../Engine/Plugins/Developer/Concert/ConcertMain/ConcertMain.uplugin" 447
"../../../Engine/Plugins/Editor/ContentBrowser/ContentBrowserFileDataSource/ContentBrowserFileDataSource.uplugin" 448
"../../../Engine/Plugins/Online/VoiceChat/EOSVoiceChat/EOSVoiceChat.uplugin" 449
"../../../Engine/Plugins/Online/VoiceChat/VoiceChat/VoiceChat.uplugin" 450
"../../../Engine/Plugins/Runtime/Steam/SteamAudio/SteamAudio.uplugin" 451
"../../../Engine/Plugins/Runtime/Steam/SteamShared/SteamShared.uplugin" 452
"../../../Engine/Plugins/Runtime/Steam/SteamController/SteamController.uplugin" 453
"../../../Engine/Plugins/Runtime/Steam/SteamSockets/SteamSockets.uplugin" 454
"../../../Engine/Plugins/Runtime/XR/XRVisualization/XRVisualization.uplugin" 455
"../../../Engine/Plugins/Runtime/Steam/SteamVR/SteamVR.uplugin" 456
"../../../Engine/Plugins/VirtualProduction/DMX/DatasmithMVR/DatasmithMVR.uplugin" 457
"../../../Engine/Plugins/VirtualProduction/DMX/DMXControlConsole/DMXControlConsole.uplugin" 458
"../../../Engine/Plugins/VirtualProduction/DMX/DMXDisplayCluster/DMXDisplayCluster.uplugin" 459
"../../../Engine/Plugins/VirtualProduction/DMX/DMXEngine/DMXEngine.uplugin" 460
"../../../Engine/Plugins/VirtualProduction/DMX/DMXFixtures/DMXFixtures.uplugin" 461
"../../../Engine/Plugins/VirtualProduction/DMX/DMXProtocol/DMXProtocol.uplugin" 462
"../../../Engine/Plugins/VirtualProduction/DMX/DMXModularFeatures/DMXModularFeatures.uplugin" 463
"../../../Engine/Plugins/Runtime/Analytics/Adjust/Adjust.uplugin" 464
"../../../Engine/Plugins/Runtime/Analytics/AnalyticsMulticast/AnalyticsMulticast.uplugin" 465
"../../../Engine/Plugins/Runtime/Analytics/AnalyticsBlueprintLibrary/AnalyticsBlueprintLibrary.uplugin" 466
"../../../Engine/Plugins/Runtime/Analytics/Flurry/Flurry.uplugin" 467
"../../../Engine/Plugins/Runtime/Analytics/FileLogging/FileLogging.uplugin" 468
"../../../Engine/Plugins/Runtime/Nvidia/GeForceNOWWrapper/GeForceNOWWrapper.uplugin" 469
"../../../Engine/Plugins/Runtime/PacketHandlers/AESGCMHandlerComponent/AESGCMHandlerComponent.uplugin" 470
"../../../Engine/Plugins/Runtime/Nvidia/Reflex/Reflex.uplugin" 471
"../../../Engine/Plugins/Runtime/PacketHandlers/DTLSHandlerComponent/DTLSHandlerComponent.uplugin" 472
"../../../Engine/Plugins/VirtualProduction/DMX/DMXPixelMapping/DMXPixelMapping.uplugin" 473
"../../../Engine/Plugins/Online/Android/AndroidFetchBackgroundDownload/AndroidFetchBackgroundDownload.uplugin" 474
"../../../Engine/Plugins/Runtime/Advertising/IOSTapJoy/IOSTapJoy.uplugin" 475
"../../../Engine/Plugins/Online/Android/OnlineSubsystemGooglePlay/OnlineSubsystemGooglePlay.uplugin" 476
"../../../Engine/Plugins/Editor/ObjectMixer/ObjectMixer/ObjectMixer.uplugin" 477
"../../../Engine/Plugins/Editor/ObjectMixer/LightMixer/LightMixer.uplugin" 478
"../../../Engine/Plugins/Runtime/AR/AzureSpatialAnchors/AzureSpatialAnchors.uplugin" 479
"../../../Engine/Plugins/Runtime/AR/AzureSpatialAnchorsForARCore/AzureSpatialAnchorsForARCore.uplugin" 480
"../../../Engine/Plugins/Runtime/AR/AzureSpatialAnchorsForARKit/AzureSpatialAnchorsForARKit.uplugin" 481
"../../../Engine/Plugins/Runtime/PacketHandlers/AESHandlerComponent/AESHandlerComponent.uplugin" 482
"../../../Engine/Plugins/Runtime/Database/DatabaseSupport/DatabaseSupport.uplugin" 483
"../../../Engine/Plugins/Runtime/AR/ARUtilities/ARUtilities.uplugin" 484
"../../../Engine/Plugins/Runtime/Database/RemoteDatabaseSupport/RemoteDatabaseSupport.uplugin" 485
"../../../Engine/Plugins/Runtime/Database/SQLiteCore/SQLiteCore.uplugin" 486
"../../../Engine/Plugins/Animation/MLDeformer/NearestNeighborModel/NearestNeighborModel.uplugin" 487
"../../../Engine/Plugins/Runtime/Database/ADOSupport/ADOSupport.uplugin" 488
"../../../Engine/Plugins/Runtime/Database/SQLiteSupport/SQLiteSupport.uplugin" 489
"../../../Engine/Plugins/Animation/MLDeformer/NeuralMorphModel/NeuralMorphModel.uplugin" 490
"../../../Engine/Plugins/Animation/MLDeformer/VertexDeltaModel/VertexDeltaModel.uplugin" 491
"../../../Engine/Plugins/Experimental/Animation/ContextualAnimation/ContextualAnimation.uplugin" 492
"../../../Engine/Plugins/Experimental/Animation/CurveExpression/CurveExpression.uplugin" 493
"../../../Engine/Plugins/Experimental/Animation/MotionTrajectory/MotionTrajectory.uplugin" 494
"../../../Engine/Plugins/Experimental/Animation/Optimus/Optimus.uplugin" 495
"../../../Engine/Plugins/Experimental/Animation/PoseSearch/PoseSearch.uplugin" 496
"../../../Engine/Plugins/Experimental/Animation/PoseCorrectives/PoseCorrectives.uplugin" 497
"../../../Engine/Plugins/Experimental/Animation/SkeletalMeshModelingTools/SkeletalMeshModelingTools.uplugin" 498
"../../../Engine/Plugins/Experimental/AVCodecs/NVCodecs/NVCodecs.uplugin" 499
"../../../Engine/Plugins/Experimental/AVCodecs/WMFCodecs/WMFCodecs.uplugin" 500
"../../../Engine/Plugins/Experimental/CharacterFXEditor/BaseCharacterFXEditor/BaseCharacterFXEditor.uplugin" 501
"../../../Engine/Plugins/Experimental/CharacterFXEditor/ExampleCharacterFXEditor/ExampleCharacterFXEditor.uplugin" 502
"../../../Engine/Plugins/Experimental/Enterprise/DataprepGeometryOperations/DataprepGeometryOperations.uplugin" 503
"../../../Engine/Plugins/Experimental/VirtualProduction/LedWallCalibration/LedWallCalibration.uplugin" 504
"../../../Engine/Plugins/Experimental/Enterprise/DatasmithRuntime/DatasmithRuntime.uplugin" 505
"../../../Engine/Plugins/Experimental/VirtualProduction/VPRoles/VPRoles.uplugin" 506
"../../../Engine/Plugins/Experimental/Enterprise/DatasmithInterchange/DatasmithInterchange.uplugin" 507
"../../../Engine/Plugins/VirtualProduction/Rivermax/RivermaxCore/RivermaxCore.uplugin" 508
"../../../Engine/Plugins/Experimental/VirtualProduction/VPSettings/VPSettings.uplugin" 509
"../../../Engine/Plugins/Experimental/Web/WebAPI/WebAPI.uplugin" 510
"../../../Engine/Plugins/VirtualProduction/Rivermax/RivermaxMedia/RivermaxMedia.uplugin" 511
"../../../Engine/Plugins/Runtime/MeshReconstruction/DummyMeshReconstructor/DummyMeshReconstructor.uplugin" 512
"../../../Engine/Plugins/Online/IOS/OnlineSubsystemIOS/OnlineSubsystemIOS.uplugin" 513
"../../../Engine/Plugins/Runtime/Oculus/OculusAudio/OculusAudio.uplugin" 514
"../../../Engine/Plugins/Runtime/Oculus/OculusVR/OculusVR.uplugin" 515
"../../../Engine/Plugins/Runtime/Windows/WinDualShock/WinDualShock.uplugin" 516
"../../../Engine/Plugins/Animation/MLDeformer/MLDeformerFramework/MLDeformerFramework.uplugin" 517
"../../../Engine/Plugins/Developer/Concert/ConcertApp/DisasterRecoveryClient/DisasterRecoveryClient.uplugin" 518
"../../../Engine/Plugins/Experimental/AVCodecs/AMFCodecs/AMFCodecs.uplugin" 519
"../../../Engine/Plugins/Experimental/AVCodecs/AVCodecsCore/AVCodecsCore.uplugin" 520
"../../../Engine/Plugins/Developer/Concert/ConcertUI/ConcertSharedSlate/ConcertSharedSlate.uplugin" 521
"../../../Engine/Plugins/Developer/Concert/ConcertApp/MultiUserClient/MultiUserClient.uplugin" 522
"../../../Engine/Plugins/Developer/Concert/ConcertApp/MultiUserServer/MultiUserServer.uplugin" 523
"../../../Engine/Plugins/Developer/Concert/ConcertUI/ConcertClientSharedSlate/ConcertClientSharedSlate.uplugin" 524
"../../../Engine/Plugins/Runtime/AR/AppleAR/AppleARKit/AppleARKit.uplugin" 525
"../../../Engine/Plugins/Runtime/AR/Google/GoogleARCore/GoogleARCore.uplugin" 526
"../../../Engine/Plugins/Runtime/AR/AppleAR/AppleARKitFaceSupport/AppleARKitFaceSupport.uplugin" 527
"../../../Engine/Plugins/Runtime/AR/Google/GoogleARCoreServices/GoogleARCoreServices.uplugin" 528
"../../../Engine/Plugins/Developer/Concert/ConcertSync/ConcertSyncCore/ConcertSyncCore.uplugin" 529
"../../../Engine/Plugins/Developer/Concert/ConcertSync/ConcertSyncClient/ConcertSyncClient.uplugin" 530
"../../../Engine/Plugins/Developer/Concert/ConcertSync/ConcertSyncTest/ConcertSyncTest.uplugin" 531
"../../../Engine/Plugins/Developer/Concert/ConcertSync/ConcertSyncServer/ConcertSyncServer.uplugin" 532
"../../../Engine/Platforms/HoloLens/Plugins/Compression/OodleNetwork/OodleNetwork_HoloLens.uplugin" 533
"../../../Engine/Platforms/HoloLens/Plugins/Media/MfMedia/MfMedia_HoloLens.uplugin" 534
"../../../Engine/Platforms/HoloLens/Plugins/Online/OnlineServicesEOSGS/OnlineServicesEOSGS_HoloLens.uplugin" 535
"../../../Engine/Platforms/HoloLens/Plugins/Media/HLMedia/HLMedia_HoloLens.uplugin" 536
"../../../Engine/Platforms/HoloLens/Plugins/Runtime/ApexDestruction/ApexDestruction_HoloLens.uplugin" 537
"../../../Engine/Platforms/HoloLens/Plugins/Runtime/GeoReferencing/GeoReferencing_HoloLens.uplugin" 538
"../../../Engine/Platforms/HoloLens/Plugins/Runtime/MicrosoftSpatialAudio/MicroSoftSpatialSound_HoloLens.uplugin" 539
"../../../Engine/Platforms/HoloLens/Plugins/Runtime/OpenXREyeTracker/OpenXREyeTracker_HoloLens.uplugin" 540
"../../../Engine/Platforms/HoloLens/Plugins/Runtime/OpenXR/OpenXR_HoloLens.uplugin" 541
"../../../Engine/Platforms/HoloLens/Plugins/Runtime/OpenXRHandTracking/OpenXRHandTracking_HoloLens.uplugin" 542
"../../../Engine/Platforms/HoloLens/Plugins/Runtime/OpenXRMsftHandInteraction/OpenXRMsftHandInteraction_HoloLens.uplugin" 543
"../../../Engine/Platforms/HoloLens/Plugins/Online/OnlineServicesEOS/OnlineServicesEOS_HoloLens.uplugin" 544
"../../../Engine/Platforms/HoloLens/Plugins/Runtime/AR/AzureSpatialAnchors/AzureSpatialAnchors_HoloLens.uplugin" 545
"../../../Engine/Platforms/HoloLens/Plugins/Media/BinkMedia/BinkMedia_HoloLens.uplugin" 546
"../../../Engine/Content/Internationalization/icudt64l/cnvalias.icu" 547
"../../../Engine/Content/Internationalization/icudt64l/res_index.res" 548
"../../../Engine/Content/Internationalization/icudt64l/plurals.res" 549
"../../../Engine/Content/Internationalization/icudt64l/lang/fr.res" 550
"../../../Engine/Content/Internationalization/icudt64l/lang/pool.res" 551
"../../../Engine/Content/Internationalization/icudt64l/lang/root.res" 552
"../../../Engine/Content/Internationalization/icudt64l/region/fr.res" 553
"../../../Engine/Content/Internationalization/icudt64l/region/pool.res" 554
"../../../Engine/Content/Internationalization/icudt64l/region/root.res" 555
"../../../Engine/Content/Internationalization/icudt64l/lang/en.res" 556
"../../../Engine/Content/Internationalization/icudt64l/region/en.res" 557
"../../../Engine/Content/Internationalization/icudt64l/windowsZones.res" 558
"../../../Engine/Content/Internationalization/icudt64l/zoneinfo64.res" 559
"../../../Engine/Content/Internationalization/icudt64l/keyTypeData.res" 560
"../../../Engine/Content/Internationalization/icudt64l/timezoneTypes.res" 561
"../../../Engine/Content/Internationalization/icudt64l/likelySubtags.res" 562
"../../../Engine/Content/Internationalization/icudt64l/fr_FR.res" 563
"../../../Engine/Content/Internationalization/icudt64l/pool.res" 564
"../../../Engine/Content/Internationalization/icudt64l/fr.res" 565
"../../../Engine/Content/Internationalization/icudt64l/root.res" 566
"../../../Engine/Content/Internationalization/icudt64l/supplementalData.res" 567
"../../../Engine/Config/ConfigRedirects.ini" 568
"../../../Engine/Config/Base.ini" 569
"../../../Engine/Config/BaseEngine.ini" 570
"C:/Users/Yannick/AppData/Local/UnrealEngine/5.2/Saved/Config/WindowsEditor/Manifest.ini" 571
"../../../Engine/Config/Android/BaseAndroidEngine.ini" 572
"../../../../../UnrealEngine_Project/Perpetual_Dependancy_Github/Perpetual_Dependancy/Perpetual_Dependancy/Config/DefaultEngine.ini" 573
"../../../Engine/Config/Android/AndroidEngine.ini" 574
"../../../Engine/Platforms/HoloLens/Config/BaseHoloLensEngine.ini" 575
"../../../Engine/Config/IOS/BaseIOSEngine.ini" 576
"../../../Engine/Config/HoloLens/HoloLensEngine.ini" 577
"../../../Engine/Config/IOS/IOSEngine.ini" 578
"../../../Engine/Config/Windows/BaseWindowsEngine.ini" 579
"../../../../../UnrealEngine_Project/Perpetual_Dependancy_Github/Perpetual_Dependancy/Perpetual_Dependancy/Platforms/HoloLens/Config/HoloLensEngine.ini" 580
"../../../Engine/Config/Windows/WindowsEngine.ini" 581
"../../../Engine/Config/BaseGame.ini" 582
"E:/UnrealEngine_Project/Perpetual_Dependancy_Github/Perpetual_Dependancy/Perpetual_Dependancy/Saved/Config/WindowsEditor/Engine.ini" 583
"../../../Engine/Config/Android/BaseAndroidGame.ini" 584
"../../../Engine/Config/IOS/BaseIOSGame.ini" 585
"../../../../../UnrealEngine_Project/Perpetual_Dependancy_Github/Perpetual_Dependancy/Perpetual_Dependancy/Config/DefaultGame.ini" 586
"../../../Engine/Config/IOS/IOSGame.ini" 587
"../../../Engine/Config/Windows/WindowsGame.ini" 588
"E:/UnrealEngine_Project/Perpetual_Dependancy_Github/Perpetual_Dependancy/Perpetual_Dependancy/Saved/Config/WindowsEditor/Game.ini" 589
"../../../Engine/Config/BaseInput.ini" 590
"../../../../../UnrealEngine_Project/Perpetual_Dependancy_Github/Perpetual_Dependancy/Perpetual_Dependancy/Config/DefaultInput.ini" 591
"../../../Engine/Config/Windows/WindowsInput.ini" 592
"E:/UnrealEngine_Project/Perpetual_Dependancy_Github/Perpetual_Dependancy/Perpetual_Dependancy/Saved/Config/WindowsEditor/Input.ini" 593
"../../../Engine/Config/BaseDeviceProfiles.ini" 594
"E:/UnrealEngine_Project/Perpetual_Dependancy_Github/Perpetual_Dependancy/Perpetual_Dependancy/Saved/Config/WindowsEditor/DeviceProfiles.ini" 595
"../../../Engine/Config/BaseGameUserSettings.ini" 596
"E:/UnrealEngine_Project/Perpetual_Dependancy_Github/Perpetual_Dependancy/Perpetual_Dependancy/Saved/Config/WindowsEditor/GameUserSettings.ini" 597
"../../../Engine/Config/BaseScalability.ini" 598
"E:/UnrealEngine_Project/Perpetual_Dependancy_Github/Perpetual_Dependancy/Perpetual_Dependancy/Saved/Config/WindowsEditor/Scalability.ini" 599
"../../../Engine/Config/BaseRuntimeOptions.ini" 600
"E:/UnrealEngine_Project/Perpetual_Dependancy_Github/Perpetual_Dependancy/Perpetual_Dependancy/Saved/Config/WindowsEditor/RuntimeOptions.ini" 601
"../../../Engine/Config/BaseInstallBundle.ini" 602
"E:/UnrealEngine_Project/Perpetual_Dependancy_Github/Perpetual_Dependancy/Perpetual_Dependancy/Saved/Config/WindowsEditor/InstallBundle.ini" 603
"../../../Engine/Config/BaseHardware.ini" 604
"E:/UnrealEngine_Project/Perpetual_Dependancy_Github/Perpetual_Dependancy/Perpetual_Dependancy/Saved/Config/WindowsEditor/Hardware.ini" 605
"../../../Engine/Config/HoloLens/HoloLensGame.ini" 606
"../../../Engine/Config/BaseCompat.ini" 607
"E:/UnrealEngine_Project/Perpetual_Dependancy_Github/Perpetual_Dependancy/Perpetual_Dependancy/Saved/Config/WindowsEditor/Compat.ini" 608
"../../../Engine/Config/BaseLightmass.ini" 609
"E:/UnrealEngine_Project/Perpetual_Dependancy_Github/Perpetual_Dependancy/Perpetual_Dependancy/Saved/Config/WindowsEditor/Lightmass.ini" 610
"../../../Engine/Config/BaseEditor.ini" 611
"../../../Engine/Config/IOS/IOSScalability.ini" 612
"../../../Engine/Config/Android/AndroidScalability.ini" 613
"../../../../../UnrealEngine_Project/Perpetual_Dependancy_Github/Perpetual_Dependancy/Perpetual_Dependancy/Config/DefaultEditor.ini" 614
"E:/UnrealEngine_Project/Perpetual_Dependancy_Github/Perpetual_Dependancy/Perpetual_Dependancy/Saved/Config/WindowsEditor/Editor.ini" 615
"../../../Engine/Config/BaseEditorPerProjectUserSettings.ini" 616
"../../../Engine/Config/Android/BaseAndroidInstallBundle.ini" 617
"../../../../../UnrealEngine_Project/Perpetual_Dependancy_Github/Perpetual_Dependancy/Perpetual_Dependancy/Config/DefaultEditorPerProjectUserSettings.ini" 618
"../../../Engine/Config/Windows/WindowsEditorPerProjectUserSettings.ini" 619
"E:/UnrealEngine_Project/Perpetual_Dependancy_Github/Perpetual_Dependancy/Perpetual_Dependancy/Saved/Config/WindowsEditor/EditorPerProjectUserSettings.ini" 620
"../../../Engine/Config/Linux/BaseLinuxEngine.ini" 621
"../../../Engine/Config/Unix/UnixEngine.ini" 622
"../../../Engine/Config/Linux/LinuxEngine.ini" 623
"../../../Engine/Config/BaseEditorSettings.ini" 624
"../../../Engine/Config/LinuxArm64/BaseLinuxArm64Engine.ini" 625
"../../../Engine/Config/Mac/BaseMacEngine.ini" 626
"C:/Users/Yannick/AppData/Local/UnrealEngine/5.2/Saved/Config/WindowsEditor/EditorSettings.ini" 627
"../../../Engine/Config/Mac/MacEngine.ini" 628
"../../../Engine/Config/LinuxArm64/LinuxArm64Engine.ini" 629
"../../../Engine/Config/BaseEditorKeyBindings.ini" 630
"../../../Engine/Config/Linux/LinuxGame.ini" 631
"C:/Users/Yannick/AppData/Local/UnrealEngine/5.2/Saved/Config/WindowsEditor/EditorKeyBindings.ini" 632
"../../../Engine/Config/Mac/MacGame.ini" 633
"C:/Users/Yannick/AppData/Local/UnrealEngine/5.2/Saved/Config/WindowsEditor/EditorLayout.ini" 634
"../../../Engine/Binaries/Win64/BootstrapPackagedGame-Win64-Shipping.target" 635
"../../../Engine/Binaries/Win64/BuildPatchTool-Win64-Shipping.target" 636
"../../../Engine/Binaries/Win64/CrashReportClient-Win64-Shipping.target" 637
"../../../Engine/Binaries/Win64/CrashReportClientEditor-Win64-Shipping.target" 638
"../../../Engine/Binaries/Win64/DatasmithCADWorker.target" 639
"../../../Engine/Binaries/Win64/EpicWebHelper-Win64-Shipping.target" 640
"../../../Engine/Binaries/Win64/InterchangeWorker.target" 641
"../../../Engine/Binaries/Win64/LiveCodingConsole.target" 642
"../../../Engine/Binaries/Win64/ShaderCompileWorker.target" 643
"../../../Engine/Binaries/Win64/SwitchboardListener.target" 644
"../../../Engine/Binaries/Win64/SwitchboardListenerHelper.target" 645
"../../../Engine/Binaries/Win64/UnrealEditor-Win64-DebugGame.target" 646
"../../../Engine/Config/TVOS/TVOSEngine.ini" 647
"../../../Engine/Binaries/Win64/UnrealEditor.target" 648
"../../../Engine/Plugins/Bridge/Config/BaseBridge.ini" 649
"E:/UnrealEngine_Project/Perpetual_Dependancy_Github/Perpetual_Dependancy/Perpetual_Dependancy/Saved/Config/WindowsEditor/Bridge.ini" 650
"../../../Engine/Plugins/EnhancedInput/Config/BaseEnhancedInput.ini" 651
"E:/UnrealEngine_Project/Perpetual_Dependancy_Github/Perpetual_Dependancy/Perpetual_Dependancy/Saved/Config/WindowsEditor/EnhancedInput.ini" 652
"../../../Engine/Plugins/EnhancedInput/Config/Input.ini" 653
"../../../Engine/Plugins/TraceUtilities/Config/BaseTraceUtilities.ini" 654
"E:/UnrealEngine_Project/Perpetual_Dependancy_Github/Perpetual_Dependancy/Perpetual_Dependancy/Saved/Config/WindowsEditor/TraceUtilities.ini" 655
"../../../Engine/Plugins/Animation/ControlRig/Config/BaseControlRig.ini" 656
"E:/UnrealEngine_Project/Perpetual_Dependancy_Github/Perpetual_Dependancy/Perpetual_Dependancy/Saved/Config/WindowsEditor/ControlRig.ini" 657
"../../../Engine/Plugins/Animation/IKRig/Config/BaseIKRig.ini" 658
"E:/UnrealEngine_Project/Perpetual_Dependancy_Github/Perpetual_Dependancy/Perpetual_Dependancy/Saved/Config/WindowsEditor/IKRig.ini" 659
"../../../Engine/Plugins/Editor/EditorScriptingUtilities/Config/BaseEditorScriptingUtilities.ini" 660
"E:/UnrealEngine_Project/Perpetual_Dependancy_Github/Perpetual_Dependancy/Perpetual_Dependancy/Saved/Config/WindowsEditor/EditorScriptingUtilities.ini" 661
"../../../Engine/Plugins/Experimental/FullBodyIK/Config/BaseFullBodyIK.ini" 662
"E:/UnrealEngine_Project/Perpetual_Dependancy_Github/Perpetual_Dependancy/Perpetual_Dependancy/Saved/Config/WindowsEditor/FullBodyIK.ini" 663
"../../../Engine/Plugins/Developer/TraceDataFiltering/Config/BaseTraceDataFilters.ini" 664
"E:/UnrealEngine_Project/Perpetual_Dependancy_Github/Perpetual_Dependancy/Perpetual_Dependancy/Saved/Config/WindowsEditor/TraceDataFilters.ini" 665
"../../../Engine/Plugins/Enterprise/DatasmithContent/Config/BaseDatasmithContent.ini" 666
"E:/UnrealEngine_Project/Perpetual_Dependancy_Github/Perpetual_Dependancy/Perpetual_Dependancy/Saved/Config/WindowsEditor/DatasmithContent.ini" 667
"../../../Engine/Plugins/Enterprise/GLTFExporter/Config/BaseGLTFExporter.ini" 668
"../../../Engine/Plugins/Enterprise/GLTFExporter/Config/DefaultGLTFExporter.ini" 669
"E:/UnrealEngine_Project/Perpetual_Dependancy_Github/Perpetual_Dependancy/Perpetual_Dependancy/Saved/Config/WindowsEditor/GLTFExporter.ini" 670
"../../../Engine/Plugins/Enterprise/VariantManagerContent/Config/BaseVariantManagerContent.ini" 671
"E:/UnrealEngine_Project/Perpetual_Dependancy_Github/Perpetual_Dependancy/Perpetual_Dependancy/Saved/Config/WindowsEditor/VariantManagerContent.ini" 672
"../../../Engine/Plugins/Interchange/Runtime/Config/BaseInterchange.ini" 673
"E:/UnrealEngine_Project/Perpetual_Dependancy_Github/Perpetual_Dependancy/Perpetual_Dependancy/Saved/Config/WindowsEditor/Interchange.ini" 674
"../../../Engine/Plugins/Runtime/InputDebugging/Config/Input.ini" 675
"../../../Engine/Plugins/Runtime/Metasound/Config/BaseMetasound.ini" 676
"E:/UnrealEngine_Project/Perpetual_Dependancy_Github/Perpetual_Dependancy/Perpetual_Dependancy/Saved/Config/WindowsEditor/Metasound.ini" 677
"../../../Engine/Plugins/Runtime/Synthesis/Config/BaseSynthesis.ini" 678
"E:/UnrealEngine_Project/Perpetual_Dependancy_Github/Perpetual_Dependancy/Perpetual_Dependancy/Saved/Config/WindowsEditor/Synthesis.ini" 679
"../../../Engine/Plugins/2D/Paper2D/Config/BasePaper2D.ini" 680
"E:/UnrealEngine_Project/Perpetual_Dependancy_Github/Perpetual_Dependancy/Perpetual_Dependancy/Saved/Config/WindowsEditor/Paper2D.ini" 681
"../../../Engine/Plugins/FX/Niagara/Config/BaseNiagara.ini" 682
"E:/UnrealEngine_Project/Perpetual_Dependancy_Github/Perpetual_Dependancy/Perpetual_Dependancy/Saved/Config/WindowsEditor/Niagara.ini" 683
"../../../Engine/Plugins/Editor/ModelingToolsEditorMode/Binaries/Win64/UnrealEditor.modules" 684
"../../../Engine/Plugins/Runtime/MeshModelingToolset/Binaries/Win64/UnrealEditor.modules" 685
"../../../Engine/Plugins/Experimental/MeshModelingToolsetExp/Binaries/Win64/UnrealEditor.modules" 686
"../../../Engine/Plugins/Experimental/MeshLODToolset/Binaries/Win64/UnrealEditor.modules" 687
"../../../Engine/Plugins/Editor/StylusInput/Binaries/Win64/UnrealEditor.modules" 688
"../../../Engine/Plugins/Experimental/ToolPresets/Binaries/Win64/UnrealEditor.modules" 689
"../../../Engine/Plugins/Runtime/GeometryProcessing/Binaries/Win64/UnrealEditor.modules" 690
"../../../Engine/Plugins/Experimental/ProxyLODPlugin/Binaries/Win64/UnrealEditor.modules" 691
"../../../Engine/Plugins/Experimental/GeometryFlow/Binaries/Win64/UnrealEditor.modules" 692
"../../../Engine/Plugins/Editor/EditorScriptingUtilities/Binaries/Win64/UnrealEditor.modules" 693
"../../../Engine/Plugins/Bridge/Binaries/Win64/UnrealEditor.modules" 694
"../../../Engine/Plugins/EnhancedInput/Binaries/Win64/UnrealEditor.modules" 695
"../../../Engine/Plugins/FastBuildController/Binaries/Win64/UnrealEditor.modules" 696
"../../../Engine/Plugins/MeshPainting/Binaries/Win64/UnrealEditor.modules" 697
"../../../Engine/Plugins/Interchange/Editor/Binaries/Win64/UnrealEditor.modules" 698
"../../../Engine/Plugins/Interchange/Runtime/Binaries/Win64/UnrealEditor.modules" 699
"../../../Engine/Plugins/Editor/GLTFImporter/Binaries/Win64/UnrealEditor.modules" 700
"../../../Engine/Plugins/Enterprise/VariantManagerContent/Binaries/Win64/UnrealEditor.modules" 701
"../../../Engine/Plugins/Enterprise/VariantManager/Binaries/Win64/UnrealEditor.modules" 702
"../../../Engine/Plugins/TraceUtilities/Binaries/Win64/UnrealEditor.modules" 703
"../../../Engine/Plugins/XGEController/Binaries/Win64/UnrealEditor.modules" 704
"../../../Engine/Plugins/Animation/AnimationData/Binaries/Win64/UnrealEditor.modules" 705
"../../../Engine/Plugins/Animation/ControlRig/Binaries/Win64/UnrealEditor.modules" 706
"../../../Engine/Plugins/Experimental/PythonScriptPlugin/Binaries/Win64/UnrealEditor.modules" 707
"../../../Engine/Plugins/MovieScene/LevelSequenceEditor/Binaries/Win64/UnrealEditor.modules" 708
"../../../Engine/Plugins/Runtime/PropertyAccess/Binaries/Win64/UnrealEditor.modules" 709
"../../../Engine/Plugins/MovieScene/SequencerScripting/Binaries/Win64/UnrealEditor.modules" 710
"../../../Engine/Plugins/Editor/ContentBrowser/ContentBrowserFileDataSource/Binaries/Win64/UnrealEditor.modules" 711
"../../../Engine/Plugins/Animation/BlendSpaceMotionAnalysis/Binaries/Win64/UnrealEditor.modules" 712
"../../../Engine/Plugins/Animation/ControlRigSpline/Binaries/Win64/UnrealEditor.modules" 713
"../../../Engine/Plugins/Animation/IKRig/Binaries/Win64/UnrealEditor.modules" 714
"../../../Engine/Plugins/Experimental/FullBodyIK/Binaries/Win64/UnrealEditor.modules" 715
"../../../Engine/Plugins/Editor/AssetManagerEditor/Binaries/Win64/UnrealEditor.modules" 716
"../../../Engine/Plugins/Animation/AnimationModifierLibrary/Binaries/Win64/UnrealEditor.modules" 717
"../../../Engine/Plugins/Editor/BlueprintHeaderView/Binaries/Win64/UnrealEditor.modules" 718
"../../../Engine/Plugins/Editor/ChangelistReview/Binaries/Win64/UnrealEditor.modules" 719
"../../../Engine/Plugins/Editor/CryptoKeys/Binaries/Win64/UnrealEditor.modules" 720
"../../../Engine/Plugins/Editor/CurveEditorTools/Binaries/Win64/UnrealEditor.modules" 721
"../../../Engine/Plugins/Editor/DataValidation/Binaries/Win64/UnrealEditor.modules" 722
"../../../Engine/Plugins/Editor/EditorDebugTools/Binaries/Win64/UnrealEditor.modules" 723
"../../../Engine/Plugins/Editor/GameplayTagsEditor/Binaries/Win64/UnrealEditor.modules" 724
"../../../Engine/Plugins/Editor/GeometryMode/Binaries/Win64/UnrealEditor.modules" 725
"../../../Engine/Plugins/Editor/MaterialAnalyzer/Binaries/Win64/UnrealEditor.modules" 726
"../../../Engine/Plugins/Editor/MobileLauncherProfileWizard/Binaries/Win64/UnrealEditor.modules" 727
"../../../Engine/Plugins/Editor/SequencerAnimTools/Binaries/Win64/UnrealEditor.modules" 728
"../../../Engine/Plugins/Editor/PluginBrowser/Binaries/Win64/UnrealEditor.modules" 729
"../../../Engine/Plugins/Developer/PluginUtils/Binaries/Win64/UnrealEditor.modules" 730
"../../../Engine/Plugins/Editor/SpeedTreeImporter/Binaries/Win64/UnrealEditor.modules" 731
"../../../Engine/Plugins/Editor/WorldPartitionHLODUtilities/Binaries/Win64/UnrealEditor.modules" 732
"../../../Engine/Plugins/Experimental/AutomationUtils/Binaries/Win64/UnrealEditor.modules" 733
"../../../Engine/Plugins/Experimental/BackChannel/Binaries/Win64/UnrealEditor.modules" 734
"../../../Engine/Plugins/Experimental/ChaosCloth/Binaries/Win64/UnrealEditor.modules" 735
"../../../Engine/Plugins/Experimental/ChaosCaching/Binaries/Win64/UnrealEditor.modules" 736
"../../../Engine/Plugins/VirtualProduction/Takes/Binaries/Win64/UnrealEditor.modules" 737
"../../../Engine/Plugins/Experimental/ChaosClothEditor/Binaries/Win64/UnrealEditor.modules" 738
"../../../Engine/Plugins/Experimental/ChaosEditor/Binaries/Win64/UnrealEditor.modules" 739
"../../../Engine/Plugins/Experimental/PlanarCutPlugin/Binaries/Win64/UnrealEditor.modules" 740
"../../../Engine/Plugins/Experimental/GeometryCollectionPlugin/Binaries/Win64/UnrealEditor.modules" 741
"../../../Engine/Plugins/Experimental/Fracture/Binaries/Win64/UnrealEditor.modules" 742
"../../../Engine/Plugins/Runtime/ProceduralMeshComponent/Binaries/Win64/UnrealEditor.modules" 743
"../../../Engine/Plugins/Experimental/ChaosSolverPlugin/Binaries/Win64/UnrealEditor.modules" 744
"../../../Engine/Plugins/Experimental/Dataflow/Binaries/Win64/UnrealEditor.modules" 745
"../../../Engine/Plugins/Experimental/ChaosNiagara/Binaries/Win64/UnrealEditor.modules" 746
"../../../Engine/Plugins/FX/Niagara/Binaries/Win64/UnrealEditor.modules" 747
"../../../Engine/Plugins/Experimental/ChaosUserDataPT/Binaries/Win64/UnrealEditor.modules" 748
"../../../Engine/Plugins/Experimental/CharacterAI/Binaries/Win64/UnrealEditor.modules" 749
"../../../Engine/Plugins/Editor/EngineAssetDefinitions/Binaries/Win64/UnrealEditor.modules" 750
"../../../Engine/Plugins/Editor/FacialAnimation/Binaries/Win64/UnrealEditor.modules" 751
"../../../Engine/Plugins/Experimental/OpenImageDenoise/Binaries/Win64/UnrealEditor.modules" 752
"../../../Engine/Plugins/Experimental/PlatformCrypto/Binaries/Win64/UnrealEditor.modules" 753
"../../../Engine/Plugins/Experimental/SkeletalReduction/Binaries/Win64/UnrealEditor.modules" 754
"../../../Engine/Plugins/Experimental/UVEditor/Binaries/Win64/UnrealEditor.modules" 755
"../../../Engine/Plugins/Messaging/TcpMessaging/Binaries/Win64/UnrealEditor.modules" 756
"../../../Engine/Plugins/Messaging/UdpMessaging/Binaries/Win64/UnrealEditor.modules" 757
"../../../Engine/Plugins/AI/AISupport/Binaries/Win64/UnrealEditor.modules" 758
"../../../Engine/Plugins/AI/EnvironmentQueryEditor/Binaries/Win64/UnrealEditor.modules" 759
"../../../Engine/Plugins/Developer/AnimationSharing/Binaries/Win64/UnrealEditor.modules" 760
"../../../Engine/Plugins/Runtime/SignificanceManager/Binaries/Win64/UnrealEditor.modules" 761
"../../../Engine/Plugins/Developer/CLionSourceCodeAccess/Binaries/Win64/UnrealEditor.modules" 762
"../../../Engine/Plugins/Developer/GitSourceControl/Binaries/Win64/UnrealEditor.modules" 763
"../../../Engine/Plugins/Developer/PixWinPlugin/Binaries/Win64/UnrealEditor.modules" 764
"../../../Engine/Plugins/Developer/PerforceSourceControl/Binaries/Win64/UnrealEditor.modules" 765
"../../../Engine/Plugins/Developer/PlasticSourceControl/Binaries/Win64/UnrealEditor.modules" 766
"../../../Engine/Plugins/Developer/PropertyAccessNode/Binaries/Win64/UnrealEditor.modules" 767
"../../../Engine/Plugins/Developer/RiderSourceCodeAccess/Binaries/Win64/UnrealEditor.modules" 768
"../../../Engine/Plugins/Developer/SubversionSourceControl/Binaries/Win64/UnrealEditor.modules" 769
"../../../Engine/Plugins/Developer/DumpGPUServices/Binaries/Win64/UnrealEditor.modules" 770
"../../../Engine/Plugins/Developer/TextureFormatOodle/Binaries/Win64/UnrealEditor.modules" 771
"../../../Engine/Plugins/Developer/RenderDocPlugin/Binaries/Win64/UnrealEditor.modules" 772
"../../../Engine/Plugins/Developer/TraceDataFiltering/Binaries/Win64/UnrealEditor.modules" 773
"../../../Engine/Plugins/Developer/UObjectPlugin/Binaries/Win64/UnrealEditor.modules" 774
"../../../Engine/Plugins/Developer/VisualStudioCodeSourceCodeAccess/Binaries/Win64/UnrealEditor.modules" 775
"../../../Engine/Plugins/Developer/VisualStudioSourceCodeAccess/Binaries/Win64/UnrealEditor.modules" 776
"../../../Engine/Plugins/Enterprise/DatasmithContent/Binaries/Win64/UnrealEditor.modules" 777
"../../../Engine/Plugins/Enterprise/GLTFExporter/Binaries/Win64/UnrealEditor.modules" 778
"../../../Engine/Plugins/Importers/AlembicImporter/Binaries/Win64/UnrealEditor.modules" 779
"../../../Engine/Plugins/Runtime/GeometryCache/Binaries/Win64/UnrealEditor.modules" 780
"../../../Engine/Plugins/Online/OnlineBase/Binaries/Win64/UnrealEditor.modules" 781
"../../../Engine/Plugins/Online/OnlineSubsystem/Binaries/Win64/UnrealEditor.modules" 782
"../../../Engine/Plugins/Online/OnlineSubsystemNull/Binaries/Win64/UnrealEditor.modules" 783
"../../../Engine/Plugins/Online/OnlineSubsystemUtils/Binaries/Win64/UnrealEditor.modules" 784
"../../../Engine/Plugins/Online/OnlineServices/Binaries/Win64/UnrealEditor.modules" 785
"../../../Engine/Plugins/Tests/InterchangeTests/Binaries/Win64/UnrealEditor.modules" 786
"../../../Engine/Plugins/Cameras/GameplayCameras/Binaries/Win64/UnrealEditor.modules" 787
"../../../Engine/Plugins/MovieScene/TemplateSequence/Binaries/Win64/UnrealEditor.modules" 788
"../../../Engine/Plugins/Cameras/CameraShakePreviewer/Binaries/Win64/UnrealEditor.modules" 789
"../../../Engine/Plugins/Media/AndroidMedia/Binaries/Win64/UnrealEditor.modules" 790
"../../../Engine/Plugins/Media/AvfMedia/Binaries/Win64/UnrealEditor.modules" 791
"../../../Engine/Plugins/Media/ImgMedia/Binaries/Win64/UnrealEditor.modules" 792
"../../../Engine/Plugins/Media/MediaPlayerEditor/Binaries/Win64/UnrealEditor.modules" 793
"../../../Engine/Plugins/Media/MediaCompositing/Binaries/Win64/UnrealEditor.modules" 794
"../../../Engine/Plugins/Media/MediaPlate/Binaries/Win64/UnrealEditor.modules" 795
"../../../Engine/Plugins/Media/WmfMedia/Binaries/Win64/UnrealEditor.modules" 796
"../../../Engine/Plugins/MovieScene/ActorSequence/Binaries/Win64/UnrealEditor.modules" 797
"../../../Engine/Plugins/Runtime/ActorLayerUtilities/Binaries/Win64/UnrealEditor.modules" 798
"../../../Engine/Plugins/Portal/LauncherChunkInstaller/Binaries/Win64/UnrealEditor.modules" 799
"../../../Engine/Plugins/Runtime/AndroidDeviceProfileSelector/Binaries/Win64/UnrealEditor.modules" 800
"../../../Engine/Plugins/Runtime/AndroidFileServer/Binaries/Win64/UnrealEditor.modules" 801
"../../../Engine/Plugins/Runtime/AndroidPermission/Binaries/Win64/UnrealEditor.modules" 802
"../../../Engine/Plugins/Runtime/AppleImageUtils/Binaries/Win64/UnrealEditor.modules" 803
"../../../Engine/Plugins/Runtime/ArchVisCharacter/Binaries/Win64/UnrealEditor.modules" 804
"../../../Engine/Plugins/Runtime/AudioCapture/Binaries/Win64/UnrealEditor.modules" 805
"../../../Engine/Plugins/Runtime/AssetTags/Binaries/Win64/UnrealEditor.modules" 806
"../../../Engine/Plugins/Runtime/ChunkDownloader/Binaries/Win64/UnrealEditor.modules" 807
"../../../Engine/Plugins/Runtime/CustomMeshComponent/Binaries/Win64/UnrealEditor.modules" 808
"../../../Engine/Plugins/Runtime/CableComponent/Binaries/Win64/UnrealEditor.modules" 809
"../../../Engine/Plugins/Runtime/ExampleDeviceProfileSelector/Binaries/Win64/UnrealEditor.modules" 810
"../../../Engine/Plugins/Runtime/GooglePAD/Binaries/Win64/UnrealEditor.modules" 811
"../../../Engine/Plugins/Runtime/InputDebugging/Binaries/Win64/UnrealEditor.modules" 812
"../../../Engine/Plugins/Runtime/LocationServicesBPLibrary/Binaries/Win64/UnrealEditor.modules" 813
"../../../Engine/Plugins/Runtime/Metasound/Binaries/Win64/UnrealEditor.modules" 814
"../../../Engine/Plugins/Runtime/AudioWidgets/Binaries/Win64/UnrealEditor.modules" 815
"../../../Engine/Plugins/Runtime/AudioSynesthesia/Binaries/Win64/UnrealEditor.modules" 816
"../../../Engine/Plugins/Runtime/WaveTable/Binaries/Win64/UnrealEditor.modules" 817
"../../../Engine/Plugins/Runtime/MobilePatchingUtils/Binaries/Win64/UnrealEditor.modules" 818
"../../../Engine/Plugins/Runtime/ResonanceAudio/Binaries/Win64/UnrealEditor.modules" 819
"../../../Engine/Plugins/Runtime/SoundFields/Binaries/Win64/UnrealEditor.modules" 820
"../../../Engine/Plugins/Runtime/Synthesis/Binaries/Win64/UnrealEditor.modules" 821
"../../../Engine/Plugins/Runtime/WebMMoviePlayer/Binaries/Win64/UnrealEditor.modules" 822
"../../../Engine/Plugins/Media/WebMMedia/Binaries/Win64/UnrealEditor.modules" 823
"../../../Engine/Plugins/Runtime/WindowsDeviceProfileSelector/Binaries/Win64/UnrealEditor.modules" 824
"../../../Engine/Plugins/Runtime/WindowsMoviePlayer/Binaries/Win64/UnrealEditor.modules" 825
"../../../Engine/Plugins/2D/Paper2D/Binaries/Win64/UnrealEditor.modules" 826
"../../../Engine/Plugins/Compression/OodleNetwork/Binaries/Win64/UnrealEditor.modules" 827
"../../../Engine/Plugins/Editor/ContentBrowser/ContentBrowserAssetDataSource/Binaries/Win64/UnrealEditor.modules" 828
"../../../Engine/Plugins/Editor/ContentBrowser/ContentBrowserClassDataSource/Binaries/Win64/UnrealEditor.modules" 829
"../../../Engine/Plugins/Editor/ObjectMixer/ObjectMixer/Binaries/Win64/UnrealEditor.modules" 830
"../../../Engine/Plugins/Editor/ObjectMixer/LightMixer/Binaries/Win64/UnrealEditor.modules" 831
"../../../Engine/Content/Certificates/ThirdParty/cacert.pem" 832
"../../../Engine/Config/ConsoleVariables.ini" 833
"../../../Engine/Binaries/Win64/Android/UnrealEditor.modules" 834
"../../../Engine/Binaries/Win64/IOS/UnrealEditor.modules" 835
"../../../Engine/Binaries/Win64/Linux/UnrealEditor.modules" 836
"../../../Engine/Binaries/Win64/LinuxArm64/UnrealEditor.modules" 837
"../../../../../UnrealEngine_Project/Perpetual_Dependancy_Github/Perpetual_Dependancy/Perpetual_Dependancy/Content/Localization/Game/Game.locmeta" 838
"../../../../../UnrealEngine_Project/Perpetual_Dependancy_Github/Perpetual_Dependancy/Perpetual_Dependancy/Content/Localization/Game/en/Game.locres" 839
"../../../Engine/Plugins/Online/OnlineSubsystem/Content/Localization/OnlineSubsystem/fr/OnlineSubsystem.locres" 840
"../../../Engine/Plugins/Online/OnlineSubsystemUtils/Content/Localization/OnlineSubsystemUtils/fr/OnlineSubsystemUtils.locres" 841
"../../../Engine/Plugins/Online/Android/OnlineSubsystemGooglePlay/Content/Localization/OnlineSubsystemGooglePlay/fr/OnlineSubsystemGooglePlay.locres" 842
"../../../Engine/Plugins/Online/IOS/OnlineSubsystemIOS/Content/Localization/OnlineSubsystemIOS/fr/OnlineSubsystemIOS.locres" 843
"../../../Engine/Content/Internationalization/icudt64l/numberingSystems.res" 844
"../../../Engine/Content/Internationalization/icudt64l/curr/supplementalData.res" 845
"../../../Engine/Content/Internationalization/icudt64l/curr/fr.res" 846
"../../../Engine/Content/Internationalization/icudt64l/curr/pool.res" 847
"../../../Engine/Content/Internationalization/icudt64l/curr/root.res" 848
"../../../Engine/Content/Internationalization/icudt64l/lang/af.res" 849
"../../../Engine/Content/Internationalization/icudt64l/region/af.res" 850
"../../../Engine/Content/Internationalization/icudt64l/lang/agq.res" 851
"../../../Engine/Content/Internationalization/icudt64l/region/agq.res" 852
"../../../Engine/Content/Internationalization/icudt64l/lang/ak.res" 853
"../../../Engine/Content/Internationalization/icudt64l/region/ak.res" 854
"../../../Engine/Content/Internationalization/icudt64l/lang/am.res" 855
"../../../Engine/Content/Internationalization/icudt64l/region/am.res" 856
"../../../Engine/Content/Internationalization/icudt64l/lang/ar.res" 857
"../../../Engine/Content/Internationalization/icudt64l/region/ar.res" 858
"../../../Engine/Content/Internationalization/icudt64l/region/ar_AE.res" 859
"../../../Engine/Content/Internationalization/icudt64l/lang/ar_EG.res" 860
"../../../Engine/Content/Internationalization/icudt64l/lang/ar_LY.res" 861
"../../../Engine/Content/Internationalization/icudt64l/region/ar_LY.res" 862
"../../../Engine/Content/Internationalization/icudt64l/lang/ar_SA.res" 863
"../../../Engine/Content/Internationalization/icudt64l/region/ar_SA.res" 864
"../../../Engine/Content/Internationalization/icudt64l/lang/as.res" 865
"../../../Engine/Content/Internationalization/icudt64l/region/as.res" 866
"../../../Engine/Content/Internationalization/icudt64l/lang/asa.res" 867
"../../../Engine/Content/Internationalization/icudt64l/region/asa.res" 868
"../../../Engine/Content/Internationalization/icudt64l/lang/ast.res" 869
"../../../Engine/Content/Internationalization/icudt64l/region/ast.res" 870
"../../../Engine/Content/Internationalization/icudt64l/lang/az.res" 871
"../../../Engine/Content/Internationalization/icudt64l/lang/az_Cyrl.res" 872
"../../../Engine/Content/Internationalization/icudt64l/lang/az_AZ.res" 873
"../../../Engine/Content/Internationalization/icudt64l/lang/az_Latn_AZ.res" 874
"../../../Engine/Content/Internationalization/icudt64l/lang/az_Latn.res" 875
"../../../Engine/Content/Internationalization/icudt64l/region/az_AZ.res" 876
"../../../Engine/Content/Internationalization/icudt64l/region/az_Latn_AZ.res" 877
"../../../Engine/Content/Internationalization/icudt64l/region/az_Latn.res" 878
"../../../Engine/Content/Internationalization/icudt64l/region/az.res" 879
"../../../Engine/Content/Internationalization/icudt64l/region/az_Cyrl.res" 880
"../../../Engine/Content/Internationalization/icudt64l/lang/bas.res" 881
"../../../Engine/Content/Internationalization/icudt64l/region/bas.res" 882
"../../../Engine/Content/Internationalization/icudt64l/lang/be.res" 883
"../../../Engine/Content/Internationalization/icudt64l/region/be.res" 884
"../../../Engine/Content/Internationalization/icudt64l/lang/bem.res" 885
"../../../Engine/Content/Internationalization/icudt64l/region/bem.res" 886
"../../../Engine/Content/Internationalization/icudt64l/lang/bez.res" 887
"../../../Engine/Content/Internationalization/icudt64l/region/bez.res" 888
"../../../Engine/Content/Internationalization/icudt64l/lang/bg.res" 889
"../../../Engine/Content/Internationalization/icudt64l/region/bg.res" 890
"../../../Engine/Content/Internationalization/icudt64l/lang/bm.res" 891
"../../../Engine/Content/Internationalization/icudt64l/region/bm.res" 892
"../../../Engine/Content/Internationalization/icudt64l/lang/bn.res" 893
"../../../Engine/Content/Internationalization/icudt64l/region/bn.res" 894
"../../../Engine/Content/Internationalization/icudt64l/lang/bn_IN.res" 895
"../../../Engine/Content/Internationalization/icudt64l/region/bn_IN.res" 896
"../../../Engine/Content/Internationalization/icudt64l/lang/bo.res" 897
"../../../Engine/Content/Internationalization/icudt64l/region/bo.res" 898
"../../../Engine/Content/Internationalization/icudt64l/region/bo_IN.res" 899
"../../../Engine/Content/Internationalization/icudt64l/lang/br.res" 900
"../../../Engine/Content/Internationalization/icudt64l/region/br.res" 901
"../../../Engine/Content/Internationalization/icudt64l/lang/brx.res" 902
"../../../Engine/Content/Internationalization/icudt64l/region/brx.res" 903
"../../../Engine/Content/Internationalization/icudt64l/lang/bs.res" 904
"../../../Engine/Content/Internationalization/icudt64l/lang/bs_Cyrl.res" 905
"../../../Engine/Content/Internationalization/icudt64l/lang/bs_BA.res" 906
"../../../Engine/Content/Internationalization/icudt64l/lang/bs_Latn_BA.res" 907
"../../../Engine/Content/Internationalization/icudt64l/lang/bs_Latn.res" 908
"../../../Engine/Content/Internationalization/icudt64l/region/bs_BA.res" 909
"../../../Engine/Content/Internationalization/icudt64l/region/bs_Latn_BA.res" 910
"../../../Engine/Content/Internationalization/icudt64l/region/bs_Latn.res" 911
"../../../Engine/Content/Internationalization/icudt64l/region/bs.res" 912
"../../../Engine/Content/Internationalization/icudt64l/region/bs_Cyrl.res" 913
"../../../Engine/Content/Internationalization/icudt64l/lang/ca.res" 914
"../../../Engine/Content/Internationalization/icudt64l/region/ca.res" 915
"../../../Engine/Content/Internationalization/icudt64l/lang/ccp.res" 916
"../../../Engine/Content/Internationalization/icudt64l/region/ccp.res" 917
"../../../Engine/Content/Internationalization/icudt64l/lang/ce.res" 918
"../../../Engine/Content/Internationalization/icudt64l/region/ce.res" 919
"../../../Engine/Content/Internationalization/icudt64l/lang/ceb.res" 920
"../../../Engine/Content/Internationalization/icudt64l/region/ceb.res" 921
"../../../Engine/Content/Internationalization/icudt64l/lang/cgg.res" 922
"../../../Engine/Content/Internationalization/icudt64l/region/cgg.res" 923
"../../../Engine/Content/Internationalization/icudt64l/lang/chr.res" 924
"../../../Engine/Content/Internationalization/icudt64l/region/chr.res" 925
"../../../Engine/Content/Internationalization/icudt64l/lang/ckb.res" 926
"../../../Engine/Content/Internationalization/icudt64l/region/ckb.res" 927
"../../../Engine/Content/Internationalization/icudt64l/lang/cs.res" 928
"../../../Engine/Content/Internationalization/icudt64l/region/cs.res" 929
"../../../Engine/Content/Internationalization/icudt64l/lang/cy.res" 930
"../../../Engine/Content/Internationalization/icudt64l/region/cy.res" 931
"../../../Engine/Content/Internationalization/icudt64l/lang/da.res" 932
"../../../Engine/Content/Internationalization/icudt64l/region/da.res" 933
"../../../Engine/Content/Internationalization/icudt64l/lang/dav.res" 934
"../../../Engine/Content/Internationalization/icudt64l/region/dav.res" 935
"../../../Engine/Content/Internationalization/icudt64l/lang/de.res" 936
"../../../Engine/Content/Internationalization/icudt64l/lang/de_AT.res" 937
"../../../Engine/Content/Internationalization/icudt64l/region/de_AT.res" 938
"../../../Engine/Content/Internationalization/icudt64l/region/de.res" 939
"../../../Engine/Content/Internationalization/icudt64l/lang/de_CH.res" 940
"../../../Engine/Content/Internationalization/icudt64l/region/de_CH.res" 941
"../../../Engine/Content/Internationalization/icudt64l/lang/de_LU.res" 942
"../../../Engine/Content/Internationalization/icudt64l/lang/dje.res" 943
"../../../Engine/Content/Internationalization/icudt64l/region/dje.res" 944
"../../../Engine/Content/Internationalization/icudt64l/lang/dsb.res" 945
"../../../Engine/Content/Internationalization/icudt64l/region/dsb.res" 946
"../../../Engine/Content/Internationalization/icudt64l/lang/dua.res" 947
"../../../Engine/Content/Internationalization/icudt64l/region/dua.res" 948
"../../../Engine/Content/Internationalization/icudt64l/lang/dyo.res" 949
"../../../Engine/Content/Internationalization/icudt64l/region/dyo.res" 950
"../../../Engine/Content/Internationalization/icudt64l/lang/dz.res" 951
"../../../Engine/Content/Internationalization/icudt64l/region/dz.res" 952
"../../../Engine/Content/Internationalization/icudt64l/lang/ebu.res" 953
"../../../Engine/Content/Internationalization/icudt64l/region/ebu.res" 954
"../../../Engine/Content/Internationalization/icudt64l/lang/ee.res" 955
"../../../Engine/Content/Internationalization/icudt64l/region/ee.res" 956
"../../../Engine/Content/Internationalization/icudt64l/lang/el.res" 957
"../../../Engine/Content/Internationalization/icudt64l/region/el.res" 958
"../../../Engine/Content/Internationalization/icudt64l/lang/en_001.res" 959
"../../../Engine/Content/Internationalization/icudt64l/lang/en_150.res" 960
"../../../Engine/Content/Internationalization/icudt64l/region/en_150.res" 961
"../../../Engine/Content/Internationalization/icudt64l/lang/en_AG.res" 962
"../../../Engine/Content/Internationalization/icudt64l/region/en_AG.res" 963
"../../../Engine/Content/Internationalization/icudt64l/lang/en_AI.res" 964
"../../../Engine/Content/Internationalization/icudt64l/region/en_AI.res" 965
"../../../Engine/Content/Internationalization/icudt64l/lang/en_AT.res" 966
"../../../Engine/Content/Internationalization/icudt64l/region/en_AT.res" 967
"../../../Engine/Content/Internationalization/icudt64l/lang/en_AU.res" 968
"../../../Engine/Content/Internationalization/icudt64l/region/en_AU.res" 969
"../../../Engine/Content/Internationalization/icudt64l/lang/en_BB.res" 970
"../../../Engine/Content/Internationalization/icudt64l/region/en_BB.res" 971
"../../../Engine/Content/Internationalization/icudt64l/lang/en_BE.res" 972
"../../../Engine/Content/Internationalization/icudt64l/region/en_BE.res" 973
"../../../Engine/Content/Internationalization/icudt64l/lang/en_BM.res" 974
"../../../Engine/Content/Internationalization/icudt64l/region/en_BM.res" 975
"../../../Engine/Content/Internationalization/icudt64l/lang/en_BS.res" 976
"../../../Engine/Content/Internationalization/icudt64l/region/en_BS.res" 977
"../../../Engine/Content/Internationalization/icudt64l/lang/en_BW.res" 978
"../../../Engine/Content/Internationalization/icudt64l/region/en_BW.res" 979
"../../../Engine/Content/Internationalization/icudt64l/lang/en_BZ.res" 980
"../../../Engine/Content/Internationalization/icudt64l/region/en_BZ.res" 981
"../../../Engine/Content/Internationalization/icudt64l/lang/en_CA.res" 982
"../../../Engine/Content/Internationalization/icudt64l/region/en_CA.res" 983
"../../../Engine/Content/Internationalization/icudt64l/lang/en_CC.res" 984
"../../../Engine/Content/Internationalization/icudt64l/region/en_CC.res" 985
"../../../Engine/Content/Internationalization/icudt64l/lang/en_CH.res" 986
"../../../Engine/Content/Internationalization/icudt64l/region/en_CH.res" 987
"../../../Engine/Content/Internationalization/icudt64l/lang/en_CK.res" 988
"../../../Engine/Content/Internationalization/icudt64l/region/en_CK.res" 989
"../../../Engine/Content/Internationalization/icudt64l/lang/en_CM.res" 990
"../../../Engine/Content/Internationalization/icudt64l/region/en_CM.res" 991
"../../../Engine/Content/Internationalization/icudt64l/lang/en_CX.res" 992
"../../../Engine/Content/Internationalization/icudt64l/region/en_CX.res" 993
"../../../Engine/Content/Internationalization/icudt64l/lang/en_CY.res" 994
"../../../Engine/Content/Internationalization/icudt64l/region/en_CY.res" 995
"../../../Engine/Content/Internationalization/icudt64l/lang/en_DE.res" 996
"../../../Engine/Content/Internationalization/icudt64l/region/en_DE.res" 997
"../../../Engine/Content/Internationalization/icudt64l/lang/en_DG.res" 998
"../../../Engine/Content/Internationalization/icudt64l/region/en_DG.res" 999
"../../../Engine/Content/Internationalization/icudt64l/lang/en_DK.res" 1000
"../../../Engine/Content/Internationalization/icudt64l/region/en_DK.res" 1001
"../../../Engine/Content/Internationalization/icudt64l/lang/en_DM.res" 1002
"../../../Engine/Content/Internationalization/icudt64l/region/en_DM.res" 1003
"../../../Engine/Content/Internationalization/icudt64l/lang/en_ER.res" 1004
"../../../Engine/Content/Internationalization/icudt64l/region/en_ER.res" 1005
"../../../Engine/Content/Internationalization/icudt64l/lang/en_FI.res" 1006
"../../../Engine/Content/Internationalization/icudt64l/region/en_FI.res" 1007
"../../../Engine/Content/Internationalization/icudt64l/lang/en_FJ.res" 1008
"../../../Engine/Content/Internationalization/icudt64l/region/en_FJ.res" 1009
"../../../Engine/Content/Internationalization/icudt64l/lang/en_FK.res" 1010
"../../../Engine/Content/Internationalization/icudt64l/region/en_FK.res" 1011
"../../../Engine/Content/Internationalization/icudt64l/lang/en_FM.res" 1012
"../../../Engine/Content/Internationalization/icudt64l/region/en_FM.res" 1013
"../../../Engine/Content/Internationalization/icudt64l/lang/en_GB.res" 1014
"../../../Engine/Content/Internationalization/icudt64l/region/en_GB.res" 1015
"../../../Engine/Content/Internationalization/icudt64l/lang/en_GD.res" 1016
"../../../Engine/Content/Internationalization/icudt64l/region/en_GD.res" 1017
"../../../Engine/Content/Internationalization/icudt64l/lang/en_GG.res" 1018
"../../../Engine/Content/Internationalization/icudt64l/region/en_GG.res" 1019
"../../../Engine/Content/Internationalization/icudt64l/lang/en_GH.res" 1020
"../../../Engine/Content/Internationalization/icudt64l/region/en_GH.res" 1021
"../../../Engine/Content/Internationalization/icudt64l/lang/en_GI.res" 1022
"../../../Engine/Content/Internationalization/icudt64l/region/en_GI.res" 1023
"../../../Engine/Content/Internationalization/icudt64l/lang/en_GM.res" 1024
"../../../Engine/Content/Internationalization/icudt64l/region/en_GM.res" 1025
"../../../Engine/Content/Internationalization/icudt64l/lang/en_GY.res" 1026
"../../../Engine/Content/Internationalization/icudt64l/region/en_GY.res" 1027
"../../../Engine/Content/Internationalization/icudt64l/lang/en_HK.res" 1028
"../../../Engine/Content/Internationalization/icudt64l/region/en_HK.res" 1029
"../../../Engine/Content/Internationalization/icudt64l/lang/en_IE.res" 1030
"../../../Engine/Content/Internationalization/icudt64l/region/en_IE.res" 1031
"../../../Engine/Content/Internationalization/icudt64l/lang/en_IL.res" 1032
"../../../Engine/Content/Internationalization/icudt64l/region/en_IL.res" 1033
"../../../Engine/Content/Internationalization/icudt64l/lang/en_IM.res" 1034
"../../../Engine/Content/Internationalization/icudt64l/region/en_IM.res" 1035
"../../../Engine/Content/Internationalization/icudt64l/lang/en_IN.res" 1036
"../../../Engine/Content/Internationalization/icudt64l/region/en_IN.res" 1037
"../../../Engine/Content/Internationalization/icudt64l/lang/en_IO.res" 1038
"../../../Engine/Content/Internationalization/icudt64l/region/en_IO.res" 1039
"../../../Engine/Content/Internationalization/icudt64l/lang/en_JE.res" 1040
"../../../Engine/Content/Internationalization/icudt64l/region/en_JE.res" 1041
"../../../Engine/Content/Internationalization/icudt64l/lang/en_JM.res" 1042
"../../../Engine/Content/Internationalization/icudt64l/region/en_JM.res" 1043
"../../../Engine/Content/Internationalization/icudt64l/lang/en_KE.res" 1044
"../../../Engine/Content/Internationalization/icudt64l/region/en_KE.res" 1045
"../../../Engine/Content/Internationalization/icudt64l/lang/en_KI.res" 1046
"../../../Engine/Content/Internationalization/icudt64l/region/en_KI.res" 1047
"../../../Engine/Content/Internationalization/icudt64l/lang/en_KN.res" 1048
"../../../Engine/Content/Internationalization/icudt64l/region/en_KN.res" 1049
"../../../Engine/Content/Internationalization/icudt64l/lang/en_KY.res" 1050
"../../../Engine/Content/Internationalization/icudt64l/region/en_KY.res" 1051
"../../../Engine/Content/Internationalization/icudt64l/lang/en_LC.res" 1052
"../../../Engine/Content/Internationalization/icudt64l/region/en_LC.res" 1053
"../../../Engine/Content/Internationalization/icudt64l/lang/en_LR.res" 1054
"../../../Engine/Content/Internationalization/icudt64l/region/en_LR.res" 1055
"../../../Engine/Content/Internationalization/icudt64l/lang/en_LS.res" 1056
"../../../Engine/Content/Internationalization/icudt64l/region/en_LS.res" 1057
"../../../Engine/Content/Internationalization/icudt64l/lang/en_MG.res" 1058
"../../../Engine/Content/Internationalization/icudt64l/region/en_MG.res" 1059
"../../../Engine/Content/Internationalization/icudt64l/lang/en_MO.res" 1060
"../../../Engine/Content/Internationalization/icudt64l/region/en_MO.res" 1061
"../../../Engine/Content/Internationalization/icudt64l/lang/en_MS.res" 1062
"../../../Engine/Content/Internationalization/icudt64l/region/en_MS.res" 1063
"../../../Engine/Content/Internationalization/icudt64l/lang/en_MT.res" 1064
"../../../Engine/Content/Internationalization/icudt64l/region/en_MT.res" 1065
"../../../Engine/Content/Internationalization/icudt64l/lang/en_MU.res" 1066
"../../../Engine/Content/Internationalization/icudt64l/region/en_MU.res" 1067
"../../../Engine/Content/Internationalization/icudt64l/lang/en_MW.res" 1068
"../../../Engine/Content/Internationalization/icudt64l/region/en_MW.res" 1069
"../../../Engine/Content/Internationalization/icudt64l/lang/en_MY.res" 1070
"../../../Engine/Content/Internationalization/icudt64l/region/en_MY.res" 1071
"../../../Engine/Content/Internationalization/icudt64l/lang/en_NA.res" 1072
"../../../Engine/Content/Internationalization/icudt64l/region/en_NA.res" 1073
"../../../Engine/Content/Internationalization/icudt64l/lang/en_NF.res" 1074
"../../../Engine/Content/Internationalization/icudt64l/region/en_NF.res" 1075
"../../../Engine/Content/Internationalization/icudt64l/lang/en_NG.res" 1076
"../../../Engine/Content/Internationalization/icudt64l/region/en_NG.res" 1077
"../../../Engine/Content/Internationalization/icudt64l/lang/en_NL.res" 1078
"../../../Engine/Content/Internationalization/icudt64l/region/en_NL.res" 1079
"../../../Engine/Content/Internationalization/icudt64l/lang/en_NR.res" 1080
"../../../Engine/Content/Internationalization/icudt64l/region/en_NR.res" 1081
"../../../Engine/Content/Internationalization/icudt64l/lang/en_NU.res" 1082
"../../../Engine/Content/Internationalization/icudt64l/region/en_NU.res" 1083
"../../../Engine/Content/Internationalization/icudt64l/lang/en_NZ.res" 1084
"../../../Engine/Content/Internationalization/icudt64l/region/en_NZ.res" 1085
"../../../Engine/Content/Internationalization/icudt64l/lang/en_PG.res" 1086
"../../../Engine/Content/Internationalization/icudt64l/region/en_PG.res" 1087
"../../../Engine/Content/Internationalization/icudt64l/lang/en_PH.res" 1088
"../../../Engine/Content/Internationalization/icudt64l/region/en_PH.res" 1089
"../../../Engine/Content/Internationalization/icudt64l/lang/en_PK.res" 1090
"../../../Engine/Content/Internationalization/icudt64l/region/en_PK.res" 1091
"../../../Engine/Content/Internationalization/icudt64l/lang/en_PN.res" 1092
"../../../Engine/Content/Internationalization/icudt64l/region/en_PN.res" 1093
"../../../Engine/Content/Internationalization/icudt64l/lang/en_PW.res" 1094
"../../../Engine/Content/Internationalization/icudt64l/region/en_PW.res" 1095
"../../../Engine/Content/Internationalization/icudt64l/lang/en_RW.res" 1096
"../../../Engine/Content/Internationalization/icudt64l/region/en_RW.res" 1097
"../../../Engine/Content/Internationalization/icudt64l/lang/en_SB.res" 1098
"../../../Engine/Content/Internationalization/icudt64l/region/en_SB.res" 1099
"../../../Engine/Content/Internationalization/icudt64l/lang/en_SC.res" 1100
"../../../Engine/Content/Internationalization/icudt64l/region/en_SC.res" 1101
"../../../Engine/Content/Internationalization/icudt64l/lang/en_SD.res" 1102
"../../../Engine/Content/Internationalization/icudt64l/region/en_SD.res" 1103
"../../../Engine/Content/Internationalization/icudt64l/lang/en_SE.res" 1104
"../../../Engine/Content/Internationalization/icudt64l/region/en_SE.res" 1105
"../../../Engine/Content/Internationalization/icudt64l/lang/en_SG.res" 1106
"../../../Engine/Content/Internationalization/icudt64l/region/en_SG.res" 1107
"../../../Engine/Content/Internationalization/icudt64l/lang/en_SH.res" 1108
"../../../Engine/Content/Internationalization/icudt64l/region/en_SH.res" 1109
"../../../Engine/Content/Internationalization/icudt64l/lang/en_SI.res" 1110
"../../../Engine/Content/Internationalization/icudt64l/region/en_SI.res" 1111
"../../../Engine/Content/Internationalization/icudt64l/lang/en_SL.res" 1112
"../../../Engine/Content/Internationalization/icudt64l/region/en_SL.res" 1113
"../../../Engine/Content/Internationalization/icudt64l/lang/en_SS.res" 1114
"../../../Engine/Content/Internationalization/icudt64l/region/en_SS.res" 1115
"../../../Engine/Content/Internationalization/icudt64l/lang/en_SX.res" 1116
"../../../Engine/Content/Internationalization/icudt64l/region/en_SX.res" 1117
"../../../Engine/Content/Internationalization/icudt64l/lang/en_SZ.res" 1118
"../../../Engine/Content/Internationalization/icudt64l/region/en_SZ.res" 1119
"../../../Engine/Content/Internationalization/icudt64l/lang/en_TC.res" 1120
"../../../Engine/Content/Internationalization/icudt64l/region/en_TC.res" 1121
"../../../Engine/Content/Internationalization/icudt64l/lang/en_TK.res" 1122
"../../../Engine/Content/Internationalization/icudt64l/region/en_TK.res" 1123
"../../../Engine/Content/Internationalization/icudt64l/lang/en_TO.res" 1124
"../../../Engine/Content/Internationalization/icudt64l/region/en_TO.res" 1125
"../../../Engine/Content/Internationalization/icudt64l/lang/en_TT.res" 1126
"../../../Engine/Content/Internationalization/icudt64l/region/en_TT.res" 1127
"../../../Engine/Content/Internationalization/icudt64l/lang/en_TV.res" 1128
"../../../Engine/Content/Internationalization/icudt64l/region/en_TV.res" 1129
"../../../Engine/Content/Internationalization/icudt64l/lang/en_TZ.res" 1130
"../../../Engine/Content/Internationalization/icudt64l/region/en_TZ.res" 1131
"../../../Engine/Content/Internationalization/icudt64l/lang/en_UG.res" 1132
"../../../Engine/Content/Internationalization/icudt64l/region/en_UG.res" 1133
"../../../Engine/Content/Internationalization/icudt64l/lang/en_VC.res" 1134
"../../../Engine/Content/Internationalization/icudt64l/region/en_VC.res" 1135
"../../../Engine/Content/Internationalization/icudt64l/lang/en_VG.res" 1136
"../../../Engine/Content/Internationalization/icudt64l/region/en_VG.res" 1137
"../../../Engine/Content/Internationalization/icudt64l/lang/en_VU.res" 1138
"../../../Engine/Content/Internationalization/icudt64l/region/en_VU.res" 1139
"../../../Engine/Content/Internationalization/icudt64l/lang/en_WS.res" 1140
"../../../Engine/Content/Internationalization/icudt64l/region/en_WS.res" 1141
"../../../Engine/Content/Internationalization/icudt64l/lang/en_ZA.res" 1142
"../../../Engine/Content/Internationalization/icudt64l/region/en_ZA.res" 1143
"../../../Engine/Content/Internationalization/icudt64l/lang/en_ZM.res" 1144
"../../../Engine/Content/Internationalization/icudt64l/region/en_ZM.res" 1145
"../../../Engine/Content/Internationalization/icudt64l/lang/en_ZW.res" 1146
"../../../Engine/Content/Internationalization/icudt64l/region/en_ZW.res" 1147
"../../../Engine/Content/Internationalization/icudt64l/lang/eo.res" 1148
"../../../Engine/Content/Internationalization/icudt64l/region/eo.res" 1149
"../../../Engine/Content/Internationalization/icudt64l/lang/es.res" 1150
"../../../Engine/Content/Internationalization/icudt64l/lang/es_419.res" 1151
"../../../Engine/Content/Internationalization/icudt64l/region/es_419.res" 1152
"../../../Engine/Content/Internationalization/icudt64l/region/es.res" 1153
"../../../Engine/Content/Internationalization/icudt64l/lang/es_AR.res" 1154
"../../../Engine/Content/Internationalization/icudt64l/region/es_AR.res" 1155
"../../../Engine/Content/Internationalization/icudt64l/lang/es_BO.res" 1156
"../../../Engine/Content/Internationalization/icudt64l/region/es_BO.res" 1157
"../../../Engine/Content/Internationalization/icudt64l/lang/es_BR.res" 1158
"../../../Engine/Content/Internationalization/icudt64l/region/es_BR.res" 1159
"../../../Engine/Content/Internationalization/icudt64l/lang/es_BZ.res" 1160
"../../../Engine/Content/Internationalization/icudt64l/region/es_BZ.res" 1161
"../../../Engine/Content/Internationalization/icudt64l/lang/es_CL.res" 1162
"../../../Engine/Content/Internationalization/icudt64l/region/es_CL.res" 1163
"../../../Engine/Content/Internationalization/icudt64l/lang/es_CO.res" 1164
"../../../Engine/Content/Internationalization/icudt64l/region/es_CO.res" 1165
"../../../Engine/Content/Internationalization/icudt64l/lang/es_CR.res" 1166
"../../../Engine/Content/Internationalization/icudt64l/region/es_CR.res" 1167
"../../../Engine/Content/Internationalization/icudt64l/lang/es_CU.res" 1168
"../../../Engine/Content/Internationalization/icudt64l/region/es_CU.res" 1169
"../../../Engine/Content/Internationalization/icudt64l/lang/es_DO.res" 1170
"../../../Engine/Content/Internationalization/icudt64l/region/es_DO.res" 1171
"../../../Engine/Content/Internationalization/icudt64l/lang/es_EC.res" 1172
"../../../Engine/Content/Internationalization/icudt64l/region/es_EC.res" 1173
"../../../Engine/Content/Internationalization/icudt64l/lang/es_GT.res" 1174
"../../../Engine/Content/Internationalization/icudt64l/region/es_GT.res" 1175
"../../../Engine/Content/Internationalization/icudt64l/lang/es_HN.res" 1176
"../../../Engine/Content/Internationalization/icudt64l/region/es_HN.res" 1177
"../../../Engine/Content/Internationalization/icudt64l/lang/es_MX.res" 1178
"../../../Engine/Content/Internationalization/icudt64l/region/es_MX.res" 1179
"../../../Engine/Content/Internationalization/icudt64l/lang/es_NI.res" 1180
"../../../Engine/Content/Internationalization/icudt64l/region/es_NI.res" 1181
"../../../Engine/Content/Internationalization/icudt64l/lang/es_PA.res" 1182
"../../../Engine/Content/Internationalization/icudt64l/region/es_PA.res" 1183
"../../../Engine/Content/Internationalization/icudt64l/lang/es_PE.res" 1184
"../../../Engine/Content/Internationalization/icudt64l/region/es_PE.res" 1185
"../../../Engine/Content/Internationalization/icudt64l/lang/es_PR.res" 1186
"../../../Engine/Content/Internationalization/icudt64l/region/es_PR.res" 1187
"../../../Engine/Content/Internationalization/icudt64l/lang/es_PY.res" 1188
"../../../Engine/Content/Internationalization/icudt64l/region/es_PY.res" 1189
"../../../Engine/Content/Internationalization/icudt64l/lang/es_SV.res" 1190
"../../../Engine/Content/Internationalization/icudt64l/region/es_SV.res" 1191
"../../../Engine/Content/Internationalization/icudt64l/lang/es_US.res" 1192
"../../../Engine/Content/Internationalization/icudt64l/region/es_US.res" 1193
"../../../Engine/Content/Internationalization/icudt64l/lang/es_UY.res" 1194
"../../../Engine/Content/Internationalization/icudt64l/region/es_UY.res" 1195
"../../../Engine/Content/Internationalization/icudt64l/lang/es_VE.res" 1196
"../../../Engine/Content/Internationalization/icudt64l/region/es_VE.res" 1197
"../../../Engine/Content/Internationalization/icudt64l/lang/et.res" 1198
"../../../Engine/Content/Internationalization/icudt64l/region/et.res" 1199
"../../../Engine/Content/Internationalization/icudt64l/lang/eu.res" 1200
"../../../Engine/Content/Internationalization/icudt64l/region/eu.res" 1201
"../../../Engine/Content/Internationalization/icudt64l/lang/ewo.res" 1202
"../../../Engine/Content/Internationalization/icudt64l/region/ewo.res" 1203
"../../../Engine/Content/Internationalization/icudt64l/lang/fa.res" 1204
"../../../Engine/Content/Internationalization/icudt64l/lang/fa_AF.res" 1205
"../../../Engine/Content/Internationalization/icudt64l/region/fa_AF.res" 1206
"../../../Engine/Content/Internationalization/icudt64l/region/fa.res" 1207
"../../../Engine/Content/Internationalization/icudt64l/lang/ff.res" 1208
"../../../Engine/Content/Internationalization/icudt64l/lang/ff_Latn.res" 1209
"../../../Engine/Content/Internationalization/icudt64l/region/ff.res" 1210
"../../../Engine/Content/Internationalization/icudt64l/region/ff_Latn.res" 1211
"../../../Engine/Content/Internationalization/icudt64l/lang/ff_CM.res" 1212
"../../../Engine/Content/Internationalization/icudt64l/lang/ff_Latn_CM.res" 1213
"../../../Engine/Content/Internationalization/icudt64l/region/ff_CM.res" 1214
"../../../Engine/Content/Internationalization/icudt64l/region/ff_Latn_CM.res" 1215
"../../../Engine/Content/Internationalization/icudt64l/lang/ff_GN.res" 1216
"../../../Engine/Content/Internationalization/icudt64l/lang/ff_Latn_GN.res" 1217
"../../../Engine/Content/Internationalization/icudt64l/region/ff_GN.res" 1218
"../../../Engine/Content/Internationalization/icudt64l/region/ff_Latn_GN.res" 1219
"../../../Engine/Content/Internationalization/icudt64l/lang/ff_MR.res" 1220
"../../../Engine/Content/Internationalization/icudt64l/lang/ff_Latn_MR.res" 1221
"../../../Engine/Content/Internationalization/icudt64l/region/ff_MR.res" 1222
"../../../Engine/Content/Internationalization/icudt64l/region/ff_Latn_MR.res" 1223
"../../../Engine/Content/Internationalization/icudt64l/lang/ff_SN.res" 1224
"../../../Engine/Content/Internationalization/icudt64l/lang/ff_Latn_SN.res" 1225
"../../../Engine/Content/Internationalization/icudt64l/region/ff_SN.res" 1226
"../../../Engine/Content/Internationalization/icudt64l/region/ff_Latn_SN.res" 1227
"../../../Engine/Content/Internationalization/icudt64l/lang/fi.res" 1228
"../../../Engine/Content/Internationalization/icudt64l/region/fi.res" 1229
"../../../Engine/Content/Internationalization/icudt64l/lang/fil.res" 1230
"../../../Engine/Content/Internationalization/icudt64l/lang/fil_PH.res" 1231
"../../../Engine/Content/Internationalization/icudt64l/region/fil_PH.res" 1232
"../../../Engine/Content/Internationalization/icudt64l/region/fil.res" 1233
"../../../Engine/Content/Internationalization/icudt64l/lang/fo.res" 1234
"../../../Engine/Content/Internationalization/icudt64l/region/fo.res" 1235
"../../../Engine/Content/Internationalization/icudt64l/lang/fr_BE.res" 1236
"../../../Engine/Content/Internationalization/icudt64l/region/fr_BE.res" 1237
"../../../Engine/Content/Internationalization/icudt64l/lang/fr_CA.res" 1238
"../../../Engine/Content/Internationalization/icudt64l/region/fr_CA.res" 1239
"../../../Engine/Content/Internationalization/icudt64l/lang/fr_CH.res" 1240
"../../../Engine/Content/Internationalization/icudt64l/lang/fur.res" 1241
"../../../Engine/Content/Internationalization/icudt64l/region/fur.res" 1242
"../../../Engine/Content/Internationalization/icudt64l/lang/fy.res" 1243
"../../../Engine/Content/Internationalization/icudt64l/region/fy.res" 1244
"../../../Engine/Content/Internationalization/icudt64l/lang/ga.res" 1245
"../../../Engine/Content/Internationalization/icudt64l/region/ga.res" 1246
"../../../Engine/Content/Internationalization/icudt64l/lang/gd.res" 1247
"../../../Engine/Content/Internationalization/icudt64l/region/gd.res" 1248
"../../../Engine/Content/Internationalization/icudt64l/lang/gl.res" 1249
"../../../Engine/Content/Internationalization/icudt64l/region/gl.res" 1250
"../../../Engine/Content/Internationalization/icudt64l/lang/gsw.res" 1251
"../../../Engine/Content/Internationalization/icudt64l/region/gsw.res" 1252
"../../../Engine/Content/Internationalization/icudt64l/lang/gu.res" 1253
"../../../Engine/Content/Internationalization/icudt64l/region/gu.res" 1254
"../../../Engine/Content/Internationalization/icudt64l/lang/guz.res" 1255
"../../../Engine/Content/Internationalization/icudt64l/region/guz.res" 1256
"../../../Engine/Content/Internationalization/icudt64l/lang/gv.res" 1257
"../../../Engine/Content/Internationalization/icudt64l/region/gv.res" 1258
"../../../Engine/Content/Internationalization/icudt64l/lang/ha.res" 1259
"../../../Engine/Content/Internationalization/icudt64l/region/ha.res" 1260
"../../../Engine/Content/Internationalization/icudt64l/lang/ha_NE.res" 1261
"../../../Engine/Content/Internationalization/icudt64l/region/ha_NE.res" 1262
"../../../Engine/Content/Internationalization/icudt64l/lang/haw.res" 1263
"../../../Engine/Content/Internationalization/icudt64l/region/haw.res" 1264
"../../../Engine/Content/Internationalization/icudt64l/lang/he.res" 1265
"../../../Engine/Content/Internationalization/icudt64l/lang/he_IL.res" 1266
"../../../Engine/Content/Internationalization/icudt64l/region/he_IL.res" 1267
"../../../Engine/Content/Internationalization/icudt64l/region/he.res" 1268
"../../../Engine/Content/Internationalization/icudt64l/lang/hi.res" 1269
"../../../Engine/Content/Internationalization/icudt64l/region/hi.res" 1270
"../../../Engine/Content/Internationalization/icudt64l/lang/hr.res" 1271
"../../../Engine/Content/Internationalization/icudt64l/region/hr.res" 1272
"../../../Engine/Content/Internationalization/icudt64l/lang/hsb.res" 1273
"../../../Engine/Content/Internationalization/icudt64l/region/hsb.res" 1274
"../../../Engine/Content/Internationalization/icudt64l/lang/hu.res" 1275
"../../../Engine/Content/Internationalization/icudt64l/region/hu.res" 1276
"../../../Engine/Content/Internationalization/icudt64l/lang/hy.res" 1277
"../../../Engine/Content/Internationalization/icudt64l/region/hy.res" 1278
"../../../Engine/Content/Internationalization/icudt64l/lang/ia.res" 1279
"../../../Engine/Content/Internationalization/icudt64l/region/ia.res" 1280
"../../../Engine/Content/Internationalization/icudt64l/lang/id.res" 1281
"../../../Engine/Content/Internationalization/icudt64l/lang/id_ID.res" 1282
"../../../Engine/Content/Internationalization/icudt64l/region/id_ID.res" 1283
"../../../Engine/Content/Internationalization/icudt64l/region/id.res" 1284
"../../../Engine/Content/Internationalization/icudt64l/lang/ig.res" 1285
"../../../Engine/Content/Internationalization/icudt64l/region/ig.res" 1286
"../../../Engine/Content/Internationalization/icudt64l/lang/ii.res" 1287
"../../../Engine/Content/Internationalization/icudt64l/region/ii.res" 1288
"../../../Engine/Content/Internationalization/icudt64l/lang/is.res" 1289
"../../../Engine/Content/Internationalization/icudt64l/region/is.res" 1290
"../../../Engine/Content/Internationalization/icudt64l/lang/it.res" 1291
"../../../Engine/Content/Internationalization/icudt64l/region/it.res" 1292
"../../../Engine/Content/Internationalization/icudt64l/lang/ja.res" 1293
"../../../Engine/Content/Internationalization/icudt64l/lang/ja_JP.res" 1294
"../../../Engine/Content/Internationalization/icudt64l/region/ja_JP.res" 1295
"../../../Engine/Content/Internationalization/icudt64l/region/ja.res" 1296
"../../../Engine/Content/Internationalization/icudt64l/lang/jgo.res" 1297
"../../../Engine/Content/Internationalization/icudt64l/region/jgo.res" 1298
"../../../Engine/Content/Internationalization/icudt64l/lang/jmc.res" 1299
"../../../Engine/Content/Internationalization/icudt64l/region/jmc.res" 1300
"../../../Engine/Content/Internationalization/icudt64l/lang/jv.res" 1301
"../../../Engine/Content/Internationalization/icudt64l/region/jv.res" 1302
"../../../Engine/Content/Internationalization/icudt64l/lang/ka.res" 1303
"../../../Engine/Content/Internationalization/icudt64l/region/ka.res" 1304
"../../../Engine/Content/Internationalization/icudt64l/lang/kab.res" 1305
"../../../Engine/Content/Internationalization/icudt64l/region/kab.res" 1306
"../../../Engine/Content/Internationalization/icudt64l/lang/kam.res" 1307
"../../../Engine/Content/Internationalization/icudt64l/region/kam.res" 1308
"../../../Engine/Content/Internationalization/icudt64l/lang/kde.res" 1309
"../../../Engine/Content/Internationalization/icudt64l/region/kde.res" 1310
"../../../Engine/Content/Internationalization/icudt64l/lang/kea.res" 1311
"../../../Engine/Content/Internationalization/icudt64l/region/kea.res" 1312
"../../../Engine/Content/Internationalization/icudt64l/lang/khq.res" 1313
"../../../Engine/Content/Internationalization/icudt64l/region/khq.res" 1314
"../../../Engine/Content/Internationalization/icudt64l/lang/ki.res" 1315
"../../../Engine/Content/Internationalization/icudt64l/region/ki.res" 1316
"../../../Engine/Content/Internationalization/icudt64l/lang/kk.res" 1317
"../../../Engine/Content/Internationalization/icudt64l/region/kk.res" 1318
"../../../Engine/Content/Internationalization/icudt64l/lang/kkj.res" 1319
"../../../Engine/Content/Internationalization/icudt64l/region/kkj.res" 1320
"../../../Engine/Content/Internationalization/icudt64l/lang/kl.res" 1321
"../../../Engine/Content/Internationalization/icudt64l/region/kl.res" 1322
"../../../Engine/Content/Internationalization/icudt64l/lang/kln.res" 1323
"../../../Engine/Content/Internationalization/icudt64l/region/kln.res" 1324
"../../../Engine/Content/Internationalization/icudt64l/lang/km.res" 1325
"../../../Engine/Content/Internationalization/icudt64l/region/km.res" 1326
"../../../Engine/Content/Internationalization/icudt64l/lang/kn.res" 1327
"../../../Engine/Content/Internationalization/icudt64l/region/kn.res" 1328
"../../../Engine/Content/Internationalization/icudt64l/lang/ko.res" 1329
"../../../Engine/Content/Internationalization/icudt64l/region/ko_KP.res" 1330
"../../../Engine/Content/Internationalization/icudt64l/region/ko.res" 1331
"../../../Engine/Content/Internationalization/icudt64l/lang/kok.res" 1332
"../../../Engine/Content/Internationalization/icudt64l/region/kok.res" 1333
"../../../Engine/Content/Internationalization/icudt64l/lang/ks.res" 1334
"../../../Engine/Content/Internationalization/icudt64l/region/ks.res" 1335
"../../../Engine/Content/Internationalization/icudt64l/lang/ksb.res" 1336
"../../../Engine/Content/Internationalization/icudt64l/region/ksb.res" 1337
"../../../Engine/Content/Internationalization/icudt64l/lang/ksf.res" 1338
"../../../Engine/Content/Internationalization/icudt64l/region/ksf.res" 1339
"../../../Engine/Content/Internationalization/icudt64l/lang/ksh.res" 1340
"../../../Engine/Content/Internationalization/icudt64l/region/ksh.res" 1341
"../../../Engine/Content/Internationalization/icudt64l/lang/ku.res" 1342
"../../../Engine/Content/Internationalization/icudt64l/region/ku.res" 1343
"../../../Engine/Content/Internationalization/icudt64l/lang/kw.res" 1344
"../../../Engine/Content/Internationalization/icudt64l/region/kw.res" 1345
"../../../Engine/Content/Internationalization/icudt64l/lang/ky.res" 1346
"../../../Engine/Content/Internationalization/icudt64l/region/ky.res" 1347
"../../../Engine/Content/Internationalization/icudt64l/lang/lag.res" 1348
"../../../Engine/Content/Internationalization/icudt64l/region/lag.res" 1349
"../../../Engine/Content/Internationalization/icudt64l/lang/lb.res" 1350
"../../../Engine/Content/Internationalization/icudt64l/region/lb.res" 1351
"../../../Engine/Content/Internationalization/icudt64l/lang/lg.res" 1352
"../../../Engine/Content/Internationalization/icudt64l/region/lg.res" 1353
"../../../Engine/Content/Internationalization/icudt64l/lang/lkt.res" 1354
"../../../Engine/Content/Internationalization/icudt64l/region/lkt.res" 1355
"../../../Engine/Content/Internationalization/icudt64l/lang/ln.res" 1356
"../../../Engine/Content/Internationalization/icudt64l/region/ln.res" 1357
"../../../Engine/Content/Internationalization/icudt64l/lang/lo.res" 1358
"../../../Engine/Content/Internationalization/icudt64l/region/lo.res" 1359
"../../../Engine/Content/Internationalization/icudt64l/lang/lrc.res" 1360
"../../../Engine/Content/Internationalization/icudt64l/region/lrc.res" 1361
"../../../Engine/Content/Internationalization/icudt64l/lang/lt.res" 1362
"../../../Engine/Content/Internationalization/icudt64l/region/lt.res" 1363
"../../../Engine/Content/Internationalization/icudt64l/lang/lu.res" 1364
"../../../Engine/Content/Internationalization/icudt64l/region/lu.res" 1365
"../../../Engine/Content/Internationalization/icudt64l/lang/luo.res" 1366
"../../../Engine/Content/Internationalization/icudt64l/region/luo.res" 1367
"../../../Engine/Content/Internationalization/icudt64l/lang/luy.res" 1368
"../../../Engine/Content/Internationalization/icudt64l/region/luy.res" 1369
"../../../Engine/Content/Internationalization/icudt64l/lang/lv.res" 1370
"../../../Engine/Content/Internationalization/icudt64l/region/lv.res" 1371
"../../../Engine/Content/Internationalization/icudt64l/lang/mas.res" 1372
"../../../Engine/Content/Internationalization/icudt64l/region/mas.res" 1373
"../../../Engine/Content/Internationalization/icudt64l/lang/mer.res" 1374
"../../../Engine/Content/Internationalization/icudt64l/region/mer.res" 1375
"../../../Engine/Content/Internationalization/icudt64l/lang/mfe.res" 1376
"../../../Engine/Content/Internationalization/icudt64l/region/mfe.res" 1377
"../../../Engine/Content/Internationalization/icudt64l/lang/mg.res" 1378
"../../../Engine/Content/Internationalization/icudt64l/region/mg.res" 1379
"../../../Engine/Content/Internationalization/icudt64l/lang/mgh.res" 1380
"../../../Engine/Content/Internationalization/icudt64l/region/mgh.res" 1381
"../../../Engine/Content/Internationalization/icudt64l/lang/mgo.res" 1382
"../../../Engine/Content/Internationalization/icudt64l/region/mgo.res" 1383
"../../../Engine/Content/Internationalization/icudt64l/lang/mi.res" 1384
"../../../Engine/Content/Internationalization/icudt64l/region/mi.res" 1385
"../../../Engine/Content/Internationalization/icudt64l/lang/mk.res" 1386
"../../../Engine/Content/Internationalization/icudt64l/region/mk.res" 1387
"../../../Engine/Content/Internationalization/icudt64l/lang/ml.res" 1388
"../../../Engine/Content/Internationalization/icudt64l/region/ml.res" 1389
"../../../Engine/Content/Internationalization/icudt64l/lang/mn.res" 1390
"../../../Engine/Content/Internationalization/icudt64l/region/mn.res" 1391
"../../../Engine/Content/Internationalization/icudt64l/lang/mr.res" 1392
"../../../Engine/Content/Internationalization/icudt64l/region/mr.res" 1393
"../../../Engine/Content/Internationalization/icudt64l/lang/ms.res" 1394
"../../../Engine/Content/Internationalization/icudt64l/region/ms.res" 1395
"../../../Engine/Content/Internationalization/icudt64l/lang/mt.res" 1396
"../../../Engine/Content/Internationalization/icudt64l/region/mt.res" 1397
"../../../Engine/Content/Internationalization/icudt64l/lang/mua.res" 1398
"../../../Engine/Content/Internationalization/icudt64l/region/mua.res" 1399
"../../../Engine/Content/Internationalization/icudt64l/lang/my.res" 1400
"../../../Engine/Content/Internationalization/icudt64l/region/my.res" 1401
"../../../Engine/Content/Internationalization/icudt64l/lang/mzn.res" 1402
"../../../Engine/Content/Internationalization/icudt64l/region/mzn.res" 1403
"../../../Engine/Content/Internationalization/icudt64l/lang/naq.res" 1404
"../../../Engine/Content/Internationalization/icudt64l/region/naq.res" 1405
"../../../Engine/Content/Internationalization/icudt64l/lang/nb.res" 1406
"../../../Engine/Content/Internationalization/icudt64l/lang/nb_NO.res" 1407
"../../../Engine/Content/Internationalization/icudt64l/region/nb_NO.res" 1408
"../../../Engine/Content/Internationalization/icudt64l/region/nb.res" 1409
"../../../Engine/Content/Internationalization/icudt64l/lang/nd.res" 1410
"../../../Engine/Content/Internationalization/icudt64l/region/nd.res" 1411
"../../../Engine/Content/Internationalization/icudt64l/lang/nds.res" 1412
"../../../Engine/Content/Internationalization/icudt64l/region/nds.res" 1413
"../../../Engine/Content/Internationalization/icudt64l/lang/ne.res" 1414
"../../../Engine/Content/Internationalization/icudt64l/region/ne.res" 1415
"../../../Engine/Content/Internationalization/icudt64l/lang/nl.res" 1416
"../../../Engine/Content/Internationalization/icudt64l/region/nl.res" 1417
"../../../Engine/Content/Internationalization/icudt64l/lang/nmg.res" 1418
"../../../Engine/Content/Internationalization/icudt64l/region/nmg.res" 1419
"../../../Engine/Content/Internationalization/icudt64l/lang/nn.res" 1420
"../../../Engine/Content/Internationalization/icudt64l/lang/nn_NO.res" 1421
"../../../Engine/Content/Internationalization/icudt64l/region/nn_NO.res" 1422
"../../../Engine/Content/Internationalization/icudt64l/region/nn.res" 1423
"../../../Engine/Content/Internationalization/icudt64l/lang/nnh.res" 1424
"../../../Engine/Content/Internationalization/icudt64l/region/nnh.res" 1425
"../../../Engine/Content/Internationalization/icudt64l/lang/nus.res" 1426
"../../../Engine/Content/Internationalization/icudt64l/region/nus.res" 1427
"../../../Engine/Content/Internationalization/icudt64l/lang/nyn.res" 1428
"../../../Engine/Content/Internationalization/icudt64l/region/nyn.res" 1429
"../../../Engine/Content/Internationalization/icudt64l/lang/om.res" 1430
"../../../Engine/Content/Internationalization/icudt64l/region/om.res" 1431
"../../../Engine/Content/Internationalization/icudt64l/lang/or.res" 1432
"../../../Engine/Content/Internationalization/icudt64l/region/or.res" 1433
"../../../Engine/Content/Internationalization/icudt64l/lang/os.res" 1434
"../../../Engine/Content/Internationalization/icudt64l/region/os.res" 1435
"../../../Engine/Content/Internationalization/icudt64l/lang/pa.res" 1436
"../../../Engine/Content/Internationalization/icudt64l/lang/pa_Arab.res" 1437
"../../../Engine/Content/Internationalization/icudt64l/lang/pa_PK.res" 1438
"../../../Engine/Content/Internationalization/icudt64l/lang/pa_Arab_PK.res" 1439
"../../../Engine/Content/Internationalization/icudt64l/region/pa_PK.res" 1440
"../../../Engine/Content/Internationalization/icudt64l/region/pa_Arab_PK.res" 1441
"../../../Engine/Content/Internationalization/icudt64l/region/pa_Arab.res" 1442
"../../../Engine/Content/Internationalization/icudt64l/lang/pa_Guru.res" 1443
"../../../Engine/Content/Internationalization/icudt64l/lang/pa_IN.res" 1444
"../../../Engine/Content/Internationalization/icudt64l/lang/pa_Guru_IN.res" 1445
"../../../Engine/Content/Internationalization/icudt64l/region/pa_IN.res" 1446
"../../../Engine/Content/Internationalization/icudt64l/region/pa_Guru_IN.res" 1447
"../../../Engine/Content/Internationalization/icudt64l/region/pa_Guru.res" 1448
"../../../Engine/Content/Internationalization/icudt64l/region/pa.res" 1449
"../../../Engine/Content/Internationalization/icudt64l/lang/pl.res" 1450
"../../../Engine/Content/Internationalization/icudt64l/region/pl.res" 1451
"../../../Engine/Content/Internationalization/icudt64l/lang/ps.res" 1452
"../../../Engine/Content/Internationalization/icudt64l/region/ps.res" 1453
"../../../Engine/Content/Internationalization/icudt64l/lang/ps_PK.res" 1454
"../../../Engine/Content/Internationalization/icudt64l/region/ps_PK.res" 1455
"../../../Engine/Content/Internationalization/icudt64l/lang/pt.res" 1456
"../../../Engine/Content/Internationalization/icudt64l/lang/pt_AO.res" 1457
"../../../Engine/Content/Internationalization/icudt64l/lang/pt_PT.res" 1458
"../../../Engine/Content/Internationalization/icudt64l/region/pt_AO.res" 1459
"../../../Engine/Content/Internationalization/icudt64l/region/pt_PT.res" 1460
"../../../Engine/Content/Internationalization/icudt64l/region/pt.res" 1461
"../../../Engine/Content/Internationalization/icudt64l/lang/pt_CH.res" 1462
"../../../Engine/Content/Internationalization/icudt64l/region/pt_CH.res" 1463
"../../../Engine/Content/Internationalization/icudt64l/lang/pt_CV.res" 1464
"../../../Engine/Content/Internationalization/icudt64l/region/pt_CV.res" 1465
"../../../Engine/Content/Internationalization/icudt64l/lang/pt_GQ.res" 1466
"../../../Engine/Content/Internationalization/icudt64l/region/pt_GQ.res" 1467
"../../../Engine/Content/Internationalization/icudt64l/lang/pt_GW.res" 1468
"../../../Engine/Content/Internationalization/icudt64l/region/pt_GW.res" 1469
"../../../Engine/Content/Internationalization/icudt64l/lang/pt_LU.res" 1470
"../../../Engine/Content/Internationalization/icudt64l/region/pt_LU.res" 1471
"../../../Engine/Content/Internationalization/icudt64l/lang/pt_MO.res" 1472
"../../../Engine/Content/Internationalization/icudt64l/region/pt_MO.res" 1473
"../../../Engine/Content/Internationalization/icudt64l/lang/pt_MZ.res" 1474
"../../../Engine/Content/Internationalization/icudt64l/region/pt_MZ.res" 1475
"../../../Engine/Content/Internationalization/icudt64l/lang/pt_ST.res" 1476
"../../../Engine/Content/Internationalization/icudt64l/region/pt_ST.res" 1477
"../../../Engine/Content/Internationalization/icudt64l/lang/pt_TL.res" 1478
"../../../Engine/Content/Internationalization/icudt64l/region/pt_TL.res" 1479
"../../../Engine/Content/Internationalization/icudt64l/lang/qu.res" 1480
"../../../Engine/Content/Internationalization/icudt64l/region/qu.res" 1481
"../../../Engine/Content/Internationalization/icudt64l/lang/rm.res" 1482
"../../../Engine/Content/Internationalization/icudt64l/region/rm.res" 1483
"../../../Engine/Content/Internationalization/icudt64l/lang/rn.res" 1484
"../../../Engine/Content/Internationalization/icudt64l/region/rn.res" 1485
"../../../Engine/Content/Internationalization/icudt64l/lang/ro.res" 1486
"../../../Engine/Content/Internationalization/icudt64l/lang/ro_MD.res" 1487
"../../../Engine/Content/Internationalization/icudt64l/region/ro_MD.res" 1488
"../../../Engine/Content/Internationalization/icudt64l/region/ro.res" 1489
"../../../Engine/Content/Internationalization/icudt64l/lang/rof.res" 1490
"../../../Engine/Content/Internationalization/icudt64l/region/rof.res" 1491
"../../../Engine/Content/Internationalization/icudt64l/lang/ru.res" 1492
"../../../Engine/Content/Internationalization/icudt64l/region/ru.res" 1493
"../../../Engine/Content/Internationalization/icudt64l/region/ru_UA.res" 1494
"../../../Engine/Content/Internationalization/icudt64l/lang/rw.res" 1495
"../../../Engine/Content/Internationalization/icudt64l/region/rw.res" 1496
"../../../Engine/Content/Internationalization/icudt64l/lang/rwk.res" 1497
"../../../Engine/Content/Internationalization/icudt64l/region/rwk.res" 1498
"../../../Engine/Content/Internationalization/icudt64l/lang/sah.res" 1499
"../../../Engine/Content/Internationalization/icudt64l/region/sah.res" 1500
"../../../Engine/Content/Internationalization/icudt64l/lang/saq.res" 1501
"../../../Engine/Content/Internationalization/icudt64l/region/saq.res" 1502
"../../../Engine/Content/Internationalization/icudt64l/lang/sbp.res" 1503
"../../../Engine/Content/Internationalization/icudt64l/region/sbp.res" 1504
"../../../Engine/Content/Internationalization/icudt64l/lang/sd.res" 1505
"../../../Engine/Content/Internationalization/icudt64l/region/sd.res" 1506
"../../../Engine/Content/Internationalization/icudt64l/lang/se.res" 1507
"../../../Engine/Content/Internationalization/icudt64l/lang/se_FI.res" 1508
"../../../Engine/Content/Internationalization/icudt64l/region/se_FI.res" 1509
"../../../Engine/Content/Internationalization/icudt64l/region/se.res" 1510
"../../../Engine/Content/Internationalization/icudt64l/lang/seh.res" 1511
"../../../Engine/Content/Internationalization/icudt64l/region/seh.res" 1512
"../../../Engine/Content/Internationalization/icudt64l/lang/ses.res" 1513
"../../../Engine/Content/Internationalization/icudt64l/region/ses.res" 1514
"../../../Engine/Content/Internationalization/icudt64l/lang/sg.res" 1515
"../../../Engine/Content/Internationalization/icudt64l/region/sg.res" 1516
"../../../Engine/Content/Internationalization/icudt64l/lang/shi.res" 1517
"../../../Engine/Content/Internationalization/icudt64l/lang/shi_Latn.res" 1518
"../../../Engine/Content/Internationalization/icudt64l/lang/shi_MA.res" 1519
"../../../Engine/Content/Internationalization/icudt64l/lang/shi_Tfng_MA.res" 1520
"../../../Engine/Content/Internationalization/icudt64l/lang/shi_Tfng.res" 1521
"../../../Engine/Content/Internationalization/icudt64l/region/shi_MA.res" 1522
"../../../Engine/Content/Internationalization/icudt64l/region/shi_Tfng_MA.res" 1523
"../../../Engine/Content/Internationalization/icudt64l/region/shi_Tfng.res" 1524
"../../../Engine/Content/Internationalization/icudt64l/region/shi.res" 1525
"../../../Engine/Content/Internationalization/icudt64l/region/shi_Latn.res" 1526
"../../../Engine/Content/Internationalization/icudt64l/lang/si.res" 1527
"../../../Engine/Content/Internationalization/icudt64l/region/si.res" 1528
"../../../Engine/Content/Internationalization/icudt64l/lang/sk.res" 1529
"../../../Engine/Content/Internationalization/icudt64l/region/sk.res" 1530
"../../../Engine/Content/Internationalization/icudt64l/lang/sl.res" 1531
"../../../Engine/Content/Internationalization/icudt64l/region/sl.res" 1532
"../../../Engine/Content/Internationalization/icudt64l/lang/smn.res" 1533
"../../../Engine/Content/Internationalization/icudt64l/region/smn.res" 1534
"../../../Engine/Content/Internationalization/icudt64l/lang/sn.res" 1535
"../../../Engine/Content/Internationalization/icudt64l/region/sn.res" 1536
"../../../Engine/Content/Internationalization/icudt64l/lang/so.res" 1537
"../../../Engine/Content/Internationalization/icudt64l/region/so.res" 1538
"../../../Engine/Content/Internationalization/icudt64l/lang/sq.res" 1539
"../../../Engine/Content/Internationalization/icudt64l/region/sq.res" 1540
"../../../Engine/Content/Internationalization/icudt64l/lang/sr.res" 1541
"../../../Engine/Content/Internationalization/icudt64l/lang/sr_Cyrl.res" 1542
"../../../Engine/Content/Internationalization/icudt64l/lang/sr_BA.res" 1543
"../../../Engine/Content/Internationalization/icudt64l/lang/sr_Cyrl_BA.res" 1544
"../../../Engine/Content/Internationalization/icudt64l/region/sr_BA.res" 1545
"../../../Engine/Content/Internationalization/icudt64l/region/sr_Cyrl_BA.res" 1546
"../../../Engine/Content/Internationalization/icudt64l/region/sr_Cyrl.res" 1547
"../../../Engine/Content/Internationalization/icudt64l/region/sr.res" 1548
"../../../Engine/Content/Internationalization/icudt64l/lang/sr_ME.res" 1549
"../../../Engine/Content/Internationalization/icudt64l/lang/sr_Latn_ME.res" 1550
"../../../Engine/Content/Internationalization/icudt64l/lang/sr_Latn.res" 1551
"../../../Engine/Content/Internationalization/icudt64l/region/sr_ME.res" 1552
"../../../Engine/Content/Internationalization/icudt64l/region/sr_Latn_ME.res" 1553
"../../../Engine/Content/Internationalization/icudt64l/region/sr_Latn.res" 1554
"../../../Engine/Content/Internationalization/icudt64l/lang/sr_Cyrl_ME.res" 1555
"../../../Engine/Content/Internationalization/icudt64l/region/sr_Cyrl_ME.res" 1556
"../../../Engine/Content/Internationalization/icudt64l/lang/sr_RS.res" 1557
"../../../Engine/Content/Internationalization/icudt64l/lang/sr_Cyrl_RS.res" 1558
"../../../Engine/Content/Internationalization/icudt64l/region/sr_RS.res" 1559
"../../../Engine/Content/Internationalization/icudt64l/region/sr_Cyrl_RS.res" 1560
"../../../Engine/Content/Internationalization/icudt64l/lang/sr_XK.res" 1561
"../../../Engine/Content/Internationalization/icudt64l/lang/sr_Cyrl_XK.res" 1562
"../../../Engine/Content/Internationalization/icudt64l/region/sr_XK.res" 1563
"../../../Engine/Content/Internationalization/icudt64l/region/sr_Cyrl_XK.res" 1564
"../../../Engine/Content/Internationalization/icudt64l/lang/sr_Latn_BA.res" 1565
"../../../Engine/Content/Internationalization/icudt64l/region/sr_Latn_BA.res" 1566
"../../../Engine/Content/Internationalization/icudt64l/lang/sr_Latn_RS.res" 1567
"../../../Engine/Content/Internationalization/icudt64l/region/sr_Latn_RS.res" 1568
"../../../Engine/Content/Internationalization/icudt64l/lang/sr_Latn_XK.res" 1569
"../../../Engine/Content/Internationalization/icudt64l/region/sr_Latn_XK.res" 1570
"../../../Engine/Content/Internationalization/icudt64l/lang/sv.res" 1571
"../../../Engine/Content/Internationalization/icudt64l/region/sv.res" 1572
"../../../Engine/Content/Internationalization/icudt64l/lang/sv_FI.res" 1573
"../../../Engine/Content/Internationalization/icudt64l/lang/sw.res" 1574
"../../../Engine/Content/Internationalization/icudt64l/lang/sw_CD.res" 1575
"../../../Engine/Content/Internationalization/icudt64l/region/sw_CD.res" 1576
"../../../Engine/Content/Internationalization/icudt64l/region/sw.res" 1577
"../../../Engine/Content/Internationalization/icudt64l/lang/sw_KE.res" 1578
"../../../Engine/Content/Internationalization/icudt64l/region/sw_KE.res" 1579
"../../../Engine/Content/Internationalization/icudt64l/lang/ta.res" 1580
"../../../Engine/Content/Internationalization/icudt64l/region/ta.res" 1581
"../../../Engine/Content/Internationalization/icudt64l/lang/te.res" 1582
"../../../Engine/Content/Internationalization/icudt64l/region/te.res" 1583
"../../../Engine/Content/Internationalization/icudt64l/lang/teo.res" 1584
"../../../Engine/Content/Internationalization/icudt64l/region/teo.res" 1585
"../../../Engine/Content/Internationalization/icudt64l/lang/tg.res" 1586
"../../../Engine/Content/Internationalization/icudt64l/region/tg.res" 1587
"../../../Engine/Content/Internationalization/icudt64l/lang/th.res" 1588
"../../../Engine/Content/Internationalization/icudt64l/lang/th_TH.res" 1589
"../../../Engine/Content/Internationalization/icudt64l/region/th_TH.res" 1590
"../../../Engine/Content/Internationalization/icudt64l/region/th.res" 1591
"../../../Engine/Content/Internationalization/icudt64l/lang/ti.res" 1592
"../../../Engine/Content/Internationalization/icudt64l/region/ti.res" 1593
"../../../Engine/Content/Internationalization/icudt64l/lang/tk.res" 1594
"../../../Engine/Content/Internationalization/icudt64l/region/tk.res" 1595
"../../../Engine/Content/Internationalization/icudt64l/lang/to.res" 1596
"../../../Engine/Content/Internationalization/icudt64l/region/to.res" 1597
"../../../Engine/Content/Internationalization/icudt64l/lang/tr.res" 1598
"../../../Engine/Content/Internationalization/icudt64l/region/tr.res" 1599
"../../../Engine/Content/Internationalization/icudt64l/lang/tt.res" 1600
"../../../Engine/Content/Internationalization/icudt64l/region/tt.res" 1601
"../../../Engine/Content/Internationalization/icudt64l/lang/twq.res" 1602
"../../../Engine/Content/Internationalization/icudt64l/region/twq.res" 1603
"../../../Engine/Content/Internationalization/icudt64l/lang/tzm.res" 1604
"../../../Engine/Content/Internationalization/icudt64l/region/tzm.res" 1605
"../../../Engine/Content/Internationalization/icudt64l/lang/ug.res" 1606
"../../../Engine/Content/Internationalization/icudt64l/region/ug.res" 1607
"../../../Engine/Content/Internationalization/icudt64l/lang/uk.res" 1608
"../../../Engine/Content/Internationalization/icudt64l/region/uk.res" 1609
"../../../Engine/Content/Internationalization/icudt64l/lang/ur.res" 1610
"../../../Engine/Content/Internationalization/icudt64l/lang/ur_IN.res" 1611
"../../../Engine/Content/Internationalization/icudt64l/region/ur_IN.res" 1612
"../../../Engine/Content/Internationalization/icudt64l/region/ur.res" 1613
"../../../Engine/Content/Internationalization/icudt64l/lang/uz.res" 1614
"../../../Engine/Content/Internationalization/icudt64l/lang/uz_Arab.res" 1615
"../../../Engine/Content/Internationalization/icudt64l/lang/uz_AF.res" 1616
"../../../Engine/Content/Internationalization/icudt64l/lang/uz_Arab_AF.res" 1617
"../../../Engine/Content/Internationalization/icudt64l/region/uz_AF.res" 1618
"../../../Engine/Content/Internationalization/icudt64l/region/uz_Arab_AF.res" 1619
"../../../Engine/Content/Internationalization/icudt64l/region/uz_Arab.res" 1620
"../../../Engine/Content/Internationalization/icudt64l/lang/uz_Cyrl.res" 1621
"../../../Engine/Content/Internationalization/icudt64l/lang/uz_UZ.res" 1622
"../../../Engine/Content/Internationalization/icudt64l/lang/uz_Latn_UZ.res" 1623
"../../../Engine/Content/Internationalization/icudt64l/lang/uz_Latn.res" 1624
"../../../Engine/Content/Internationalization/icudt64l/region/uz_UZ.res" 1625
"../../../Engine/Content/Internationalization/icudt64l/region/uz_Latn_UZ.res" 1626
"../../../Engine/Content/Internationalization/icudt64l/region/uz_Latn.res" 1627
"../../../Engine/Content/Internationalization/icudt64l/region/uz.res" 1628
"../../../Engine/Content/Internationalization/icudt64l/region/uz_Cyrl.res" 1629
"../../../Engine/Content/Internationalization/icudt64l/lang/vai.res" 1630
"../../../Engine/Content/Internationalization/icudt64l/lang/vai_Latn.res" 1631
"../../../Engine/Content/Internationalization/icudt64l/lang/vai_LR.res" 1632
"../../../Engine/Content/Internationalization/icudt64l/lang/vai_Vaii_LR.res" 1633
"../../../Engine/Content/Internationalization/icudt64l/lang/vai_Vaii.res" 1634
"../../../Engine/Content/Internationalization/icudt64l/region/vai_LR.res" 1635
"../../../Engine/Content/Internationalization/icudt64l/region/vai_Vaii_LR.res" 1636
"../../../Engine/Content/Internationalization/icudt64l/region/vai_Vaii.res" 1637
"../../../Engine/Content/Internationalization/icudt64l/region/vai.res" 1638
"../../../Engine/Content/Internationalization/icudt64l/region/vai_Latn.res" 1639
"../../../Engine/Content/Internationalization/icudt64l/lang/vi.res" 1640
"../../../Engine/Content/Internationalization/icudt64l/region/vi.res" 1641
"../../../Engine/Content/Internationalization/icudt64l/lang/vun.res" 1642
"../../../Engine/Content/Internationalization/icudt64l/region/vun.res" 1643
"../../../Engine/Content/Internationalization/icudt64l/lang/wae.res" 1644
"../../../Engine/Content/Internationalization/icudt64l/region/wae.res" 1645
"../../../Engine/Content/Internationalization/icudt64l/lang/wo.res" 1646
"../../../Engine/Content/Internationalization/icudt64l/region/wo.res" 1647
"../../../Engine/Content/Internationalization/icudt64l/lang/xh.res" 1648
"../../../Engine/Content/Internationalization/icudt64l/region/xh.res" 1649
"../../../Engine/Content/Internationalization/icudt64l/lang/xog.res" 1650
"../../../Engine/Content/Internationalization/icudt64l/region/xog.res" 1651
"../../../Engine/Content/Internationalization/icudt64l/lang/yav.res" 1652
"../../../Engine/Content/Internationalization/icudt64l/region/yav.res" 1653
"../../../Engine/Content/Internationalization/icudt64l/lang/yi.res" 1654
"../../../Engine/Content/Internationalization/icudt64l/region/yi.res" 1655
"../../../Engine/Content/Internationalization/icudt64l/lang/yo.res" 1656
"../../../Engine/Content/Internationalization/icudt64l/lang/yo_BJ.res" 1657
"../../../Engine/Content/Internationalization/icudt64l/region/yo_BJ.res" 1658
"../../../Engine/Content/Internationalization/icudt64l/region/yo.res" 1659
"../../../Engine/Content/Internationalization/icudt64l/lang/yue.res" 1660
"../../../Engine/Content/Internationalization/icudt64l/lang/yue_Hans.res" 1661
"../../../Engine/Content/Internationalization/icudt64l/lang/yue_CN.res" 1662
"../../../Engine/Content/Internationalization/icudt64l/lang/yue_Hans_CN.res" 1663
"../../../Engine/Content/Internationalization/icudt64l/region/yue_CN.res" 1664
"../../../Engine/Content/Internationalization/icudt64l/region/yue_Hans_CN.res" 1665
"../../../Engine/Content/Internationalization/icudt64l/region/yue_Hans.res" 1666
"../../../Engine/Content/Internationalization/icudt64l/lang/yue_Hant.res" 1667
"../../../Engine/Content/Internationalization/icudt64l/lang/yue_HK.res" 1668
"../../../Engine/Content/Internationalization/icudt64l/lang/yue_Hant_HK.res" 1669
"../../../Engine/Content/Internationalization/icudt64l/region/yue_HK.res" 1670
"../../../Engine/Content/Internationalization/icudt64l/region/yue_Hant_HK.res" 1671
"../../../Engine/Content/Internationalization/icudt64l/region/yue_Hant.res" 1672
"../../../Engine/Content/Internationalization/icudt64l/region/yue.res" 1673
"../../../Engine/Content/Internationalization/icudt64l/lang/zgh.res" 1674
"../../../Engine/Content/Internationalization/icudt64l/region/zgh.res" 1675
"../../../Engine/Content/Internationalization/icudt64l/lang/zh.res" 1676
"../../../Engine/Content/Internationalization/icudt64l/lang/zh_Hans.res" 1677
"../../../Engine/Content/Internationalization/icudt64l/lang/zh_CN.res" 1678
"../../../Engine/Content/Internationalization/icudt64l/lang/zh_Hans_CN.res" 1679
"../../../Engine/Content/Internationalization/icudt64l/region/zh_CN.res" 1680
"../../../Engine/Content/Internationalization/icudt64l/region/zh_Hans_CN.res" 1681
"../../../Engine/Content/Internationalization/icudt64l/region/zh_Hans.res" 1682
"../../../Engine/Content/Internationalization/icudt64l/region/zh.res" 1683
"../../../Engine/Content/Internationalization/icudt64l/lang/zh_HK.res" 1684
"../../../Engine/Content/Internationalization/icudt64l/lang/zh_Hant_HK.res" 1685
"../../../Engine/Content/Internationalization/icudt64l/lang/zh_Hant.res" 1686
"../../../Engine/Content/Internationalization/icudt64l/region/zh_HK.res" 1687
"../../../Engine/Content/Internationalization/icudt64l/region/zh_Hant_HK.res" 1688
"../../../Engine/Content/Internationalization/icudt64l/region/zh_Hant.res" 1689
"../../../Engine/Content/Internationalization/icudt64l/lang/zh_MO.res" 1690
"../../../Engine/Content/Internationalization/icudt64l/lang/zh_Hant_MO.res" 1691
"../../../Engine/Content/Internationalization/icudt64l/region/zh_MO.res" 1692
"../../../Engine/Content/Internationalization/icudt64l/region/zh_Hant_MO.res" 1693
"../../../Engine/Content/Internationalization/icudt64l/lang/zh_SG.res" 1694
"../../../Engine/Content/Internationalization/icudt64l/lang/zh_Hans_SG.res" 1695
"../../../Engine/Content/Internationalization/icudt64l/region/zh_SG.res" 1696
"../../../Engine/Content/Internationalization/icudt64l/region/zh_Hans_SG.res" 1697
"../../../Engine/Content/Internationalization/icudt64l/lang/zh_TW.res" 1698
"../../../Engine/Content/Internationalization/icudt64l/lang/zh_Hant_TW.res" 1699
"../../../Engine/Content/Internationalization/icudt64l/region/zh_TW.res" 1700
"../../../Engine/Content/Internationalization/icudt64l/region/zh_Hant_TW.res" 1701
"../../../Engine/Content/Internationalization/icudt64l/lang/zu.res" 1702
"../../../Engine/Content/Internationalization/icudt64l/region/zu.res" 1703
"../../../Engine/Content/Internationalization/icudt64l/lang/no.res" 1704
"../../../Engine/Content/Internationalization/icudt64l/lang/tl.res" 1705
"../../../Engine/Config/Android/DataDrivenPlatformInfo.ini" 1706
"../../../Engine/Config/HoloLens/DataDrivenPlatformInfo.ini" 1707
"../../../Engine/Config/IOS/DataDrivenPlatformInfo.ini" 1708
"../../../Engine/Config/Linux/DataDrivenPlatformInfo.ini" 1709
"../../../Engine/Config/LinuxArm64/DataDrivenPlatformInfo.ini" 1710
"../../../Engine/Config/Mac/DataDrivenPlatformInfo.ini" 1711
"../../../Engine/Config/TVOS/DataDrivenPlatformInfo.ini" 1712
"../../../Engine/Config/Unix/DataDrivenPlatformInfo.ini" 1713
"../../../Engine/Config/VulkanPC/DataDrivenPlatformInfo.ini" 1714
"../../../Engine/Config/Windows/DataDrivenPlatformInfo.ini" 1715
"../../../Engine/DerivedDataCache/Compressed.ddp" 1716
"C:/Users/Yannick/AppData/Local/UnrealEngine/Common/DerivedDataCache/TestData/0/TestData_4kb.dat" 1717
"C:/Users/Yannick/AppData/Local/UnrealEngine/Common/DerivedDataCache/TestData/1/TestData_4kb.dat" 1718
"C:/Users/Yannick/AppData/Local/UnrealEngine/Common/DerivedDataCache/TestData/0/TestData_8kb.dat" 1719
"C:/Users/Yannick/AppData/Local/UnrealEngine/Common/DerivedDataCache/TestData/1/TestData_8kb.dat" 1720
"C:/Users/Yannick/AppData/Local/UnrealEngine/Common/DerivedDataCache/TestData/0/TestData_16kb.dat" 1721
"C:/Users/Yannick/AppData/Local/UnrealEngine/Common/DerivedDataCache/TestData/1/TestData_16kb.dat" 1722
"C:/Users/Yannick/AppData/Local/UnrealEngine/Common/DerivedDataCache/TestData/0/TestData_64kb.dat" 1723
"C:/Users/Yannick/AppData/Local/UnrealEngine/Common/DerivedDataCache/TestData/1/TestData_64kb.dat" 1724
"C:/Users/Yannick/AppData/Local/UnrealEngine/Common/DerivedDataCache/TestData/0/TestData_128kb.dat" 1725
"C:/Users/Yannick/AppData/Local/UnrealEngine/Common/DerivedDataCache/TestData/1/TestData_128kb.dat" 1726
"C:/Users/Yannick/AppData/Local/UnrealEngine/Common/DerivedDataCache/TestData/0/TestData_256kb.dat" 1727
"C:/Users/Yannick/AppData/Local/UnrealEngine/Common/DerivedDataCache/TestData/1/TestData_256kb.dat" 1728
"../../../Engine/Plugins/FX/Niagara/Shaders/Private/NiagaraSpriteVertexFactory.ush" 1729
"../../../Engine/Shaders/Private/VertexFactoryCommon.ush" 1730
"../../../Engine/Shaders/Private/Common.ush" 1731
"../../../Engine/Shaders/Public/Platform.ush" 1732
"../../../Engine/Shaders/Public/FP16Math.ush" 1733
"../../../Engine/Shaders/Public/Platform/D3D/D3DCommon.ush" 1734
"../../../Engine/Shaders/Public/BindlessResources.ush" 1735
"../../../Engine/Shaders/Public/ShaderVersion.ush" 1736
"../../../Engine/Shaders/Private/GeneratedUniformBufferTypes.ush" 1737
"../../../Engine/Shaders/Private/Nanite/NanitePackedNaniteView.ush" 1738
"../../../Engine/Shaders/Private/HairStrands/HairStrandsVisibilityCommonStruct.ush" 1739
"../../../Engine/Shaders/Private/HairStrands/HairStrandsVoxelPageCommonStruct.ush" 1740
"../../../Engine/Shaders/Private/HairStrands/HairStrandsDeepShadowCommonStruct.ush" 1741
"../../../Engine/Shaders/Private/CommonViewUniformBuffer.ush" 1742
"../../../Engine/Shaders/Private/LargeWorldCoordinates.ush" 1743
"../../../Engine/Shaders/Private/LWCOperations.ush" 1744
"../../../Engine/Shaders/Private/InstancedStereo.ush" 1745
"../../../Engine/Shaders/Private/Definitions.usf" 1746
"../../../Engine/Shaders/Private/AssertionMacros.ush" 1747
"../../../Engine/Shaders/Private/FastMath.ush" 1748
"../../../Engine/Shaders/Private/FastMathThirdParty.ush" 1749
"../../../Engine/Shaders/Private/Random.ush" 1750
"../../../Engine/Shaders/Private/SceneData.ush" 1751
"../../../Engine/Shaders/Private/OctahedralCommon.ush" 1752
"../../../Engine/Shaders/Shared/LightSceneData.h" 1753
"../../../Engine/Shaders/Shared/HLSLTypeAliases.h" 1754
"../../../Engine/Shaders/Private/ParticleVertexFactoryCommon.ush" 1755
"../../../Engine/Plugins/FX/Niagara/Shaders/Private/NiagaraVFCommon.usf" 1756
"../../../Engine/Plugins/FX/Niagara/Shaders/Private/NiagaraVFParticleAccess.usf" 1757
"../../../Engine/Plugins/FX/Niagara/Shaders/Private/NiagaraParticleAccess.ush" 1758
"../../../Engine/Shaders/Private/VertexFactoryDefaultInterface.ush" 1759
"../../../Engine/Plugins/FX/Niagara/Shaders/Private/NiagaraRibbonVertexFactory.ush" 1760
"../../../Engine/Plugins/FX/Niagara/Shaders/Private/NiagaraMeshVertexFactory.ush" 1761
"../../../Engine/Plugins/FX/Niagara/Shaders/Private/NiagaraCommon.ush" 1762
"../../../Engine/Plugins/FX/Niagara/Shaders/Private/NiagaraMeshParticleUtils.ush" 1763
"../../../Engine/Shaders/Private/RayTracing/RayTracingCommon.ush" 1764
"../../../Engine/Shaders/Private/ShadingCommon.ush" 1765
"../../../Engine/Shaders/Shared/RayTracingDefinitions.h" 1766
"../../../Engine/Shaders/Shared/RayTracingPayloadType.h" 1767
"../../../Engine/Shaders/Shared/HLSLStaticAssert.h" 1768
"../../../Engine/Shaders/Private/RayTracing/RayTracingRayCone.ush" 1769
"../../../Engine/Shaders/Private/Strata/Strata.ush" 1770
"../../../Engine/Shaders/Private/ShadingEnergyConservation.ush" 1771
"../../../Engine/Shaders/Private/ShadingEnergyConservationTemplate.ush" 1772
"../../../Engine/Shaders/Private/BRDF.ush" 1773
"../../../Engine/Shaders/Private/ColorSpace.ush" 1774
"../../../Engine/Shaders/Private/DeferredShadingCommon.ush" 1775
"../../../Engine/Shaders/Private/LightAccumulator.ush" 1776
"../../../Engine/Shaders/Private/SceneTexturesCommon.ush" 1777
"../../../Engine/Shaders/Private/MonteCarlo.ush" 1778
"../../../Engine/Shaders/Private/GBufferHelpers.ush" 1779
"../../../Engine/Shaders/Private/SceneTextureParameters.ush" 1780
"E:/UnrealEngine_Project/Perpetual_Dependancy_Github/Perpetual_Dependancy/Perpetual_Dependancy/Intermediate/ShaderAutogen/PCD3D_SM5/AutogenShaderHeaders.ush" 1781
"../../../Engine/Shaders/Private/ParticipatingMediaCommon.ush" 1782
"../../../Engine/Shaders/Private/ThinFilmBSDF.ush" 1783
"../../../Engine/Shaders/Private/MortonCode.ush" 1784
"../../../Engine/Shaders/Private/SubsurfaceProfileCommon.ush" 1785
"../../../Engine/Shaders/Private/BurleyNormalizedSSSCommon.ush" 1786
"../../../Engine/Shaders/Private/GammaCorrectionCommon.ush" 1787
"../../../Engine/Shaders/Shared/StrataDefinitions.h" 1788
"../../../Engine/Shaders/Private/Strata/StrataStatisticalOperators.ush" 1789
"../../../Engine/Shaders/Private/RayTracing/RayTracingCommonMetal.ush" 1790
"../../../Engine/Shaders/Private/PositionReconstructionCommon.ush" 1791
"../../../Engine/Shaders/Private/RayTracing/RayTracingHitGroupCommon.ush" 1792
"../../../Engine/Shaders/Shared/RayTracingBuiltInResources.h" 1793
"../../../Engine/Shaders/Private/VectorFieldVisualizationVertexFactory.ush" 1794
"../../../Engine/Shaders/Private/Nanite/NaniteVertexFactory.ush" 1795
"../../../Engine/Shaders/Private/LightmapData.ush" 1796
"../../../Engine/Shaders/Private/Nanite/NaniteDataDecode.ush" 1797
"../../../Engine/Shaders/Private/BitPacking.ush" 1798
"../../../Engine/Shaders/Private/BitStreamReaderImplementation.ush" 1799
"../../../Engine/Shaders/Shared/NaniteDefinitions.h" 1800
"../../../Engine/Shaders/Private/Nanite/NaniteAttributeDecode.ush" 1801
"../../../Engine/Shaders/Private/ParticleSpriteVertexFactory.ush" 1802
"../../../Engine/Shaders/Private/ParticleGPUSpriteVertexFactory.ush" 1803
"../../../Engine/Shaders/Private/ParticleBeamTrailVertexFactory.ush" 1804
"../../../Engine/Shaders/Private/MeshParticleVertexFactory.ush" 1805
"../../../Engine/Shaders/Private/LocalVertexFactory.ush" 1806
"../../../Engine/Shaders/Private/LocalVertexFactoryCommon.ush" 1807
"../../../Engine/Shaders/Private/GpuSkinCommon.ush" 1808
"../../../Engine/Shaders/Private/GpuSkinVertexFactory.ush" 1809
"../../../Engine/Shaders/Private/GeometryCollectionVertexFactory.ush" 1810
"../../../Engine/Shaders/Private/GeometryCacheVertexFactory.ush" 1811
"../../../Engine/Shaders/Private/LandscapeVertexFactory.ush" 1812
"../../../Engine/Plugins/FX/Niagara/Shaders/Private/NiagaraFillIntBuffer.usf" 1813
"../../../Engine/Plugins/FX/Niagara/Shaders/Private/NiagaraComputeFreeIDs.usf" 1814
"../../../Engine/Plugins/FX/Niagara/Shaders/Private/NiagaraInitFreeIDBuffer.usf" 1815
"../../../Engine/Plugins/FX/Niagara/Shaders/Private/NiagaraEmitterInstanceShader.usf" 1816
"../../../Engine/Plugins/FX/Niagara/Shaders/Private/NiagaraShaderVersion.ush" 1817
"../../../Engine/Shaders/Private/DistanceField/GlobalDistanceFieldShared.ush" 1818
"../../../Engine/Plugins/FX/Niagara/Shaders/Private/NiagaraPhysicsCommon.ush" 1819
"../../../Engine/Plugins/FX/Niagara/Shaders/Private/Ribbons/NiagaraRibbonGenerateIndices.usf" 1820
"../../../Engine/Plugins/FX/Niagara/Shaders/Private/Ribbons/NiagaraRibbonCommon.ush" 1821
"../../../Engine/Plugins/FX/Niagara/Shaders/Private/Ribbons/NiagaraRibbonInitializeIndices.usf" 1822
"../../../Engine/Plugins/FX/Niagara/Shaders/Private/Ribbons/NiagaraRibbonRibbonUVParamCalculation.usf" 1823
"../../../Engine/Plugins/FX/Niagara/Shaders/Private/Ribbons/NiagaraRibbonVertexReductionFinalization.usf" 1824
"../../../Engine/Plugins/FX/Niagara/Shaders/Private/Ribbons/NiagaraRibbonVertexReductionPropagation.usf" 1825
"../../../Engine/Plugins/FX/Niagara/Shaders/Private/Ribbons/NiagaraRibbonVertexReductionInitialization.usf" 1826
"../../../Engine/Plugins/FX/Niagara/Shaders/Private/Ribbons/NiagaraRibbonSortParticles.usf" 1827
"../../../Engine/Plugins/FX/Niagara/Shaders/Private/NiagaraUpdateMeshGPUSceneInstances.usf" 1828
"../../../Engine/Shaders/Private/ComputeShaderUtils.ush" 1829
"../../../Engine/Shaders/Private/GPUScene/GPUSceneWriter.ush" 1830
"../../../Engine/Plugins/FX/Niagara/Shaders/Private/NiagaraGenerateMips.usf" 1831
"../../../Engine/Plugins/FX/Niagara/Shaders/Private/NiagaraDebugDraw.usf" 1832
"../../../Engine/Plugins/FX/Niagara/Shaders/Private/NiagaraDebugDraw.ush" 1833
"../../../Engine/Plugins/FX/Niagara/Shaders/Private/NiagaraVisualizeTexture.usf" 1834
"../../../Engine/Plugins/FX/Niagara/Shaders/Private/NiagaraClearCounts.usf" 1835
"../../../Engine/Plugins/FX/Niagara/Shaders/Private/NiagaraBatchedElements.usf" 1836
"../../../Engine/Plugins/FX/Niagara/Shaders/Private/NiagaraRayTracingShaders.usf" 1837
"../../../Engine/Plugins/FX/Niagara/Shaders/Private/NiagaraAsyncGpuTraceCommon.ush" 1838
"../../../Engine/Shaders/Private/HashTable.ush" 1839
"../../../Engine/Shaders/Private/Hash.ush" 1840
"../../../Engine/Shaders/Private/RayTracing/VFXTraceRay.ush" 1841
"../../../Engine/Plugins/FX/Niagara/Shaders/Private/NiagaraRayMarchingShaders.usf" 1842
"../../../Engine/Plugins/FX/Niagara/Shaders/Private/NiagaraRayTraceCollisionGroupShaders.usf" 1843
"../../../Engine/Plugins/FX/Niagara/Shaders/Private/NiagaraAsyncGpuTraceUtils.usf" 1844
"../../../Engine/Plugins/FX/Niagara/Shaders/Private/NiagaraSortKeyGen.usf" 1845
"../../../Engine/Plugins/FX/Niagara/Shaders/Private/NiagaraGPURayTracingTransforms.usf" 1846
"../../../Engine/Plugins/FX/Niagara/Shaders/Private/NiagaraDrawIndirectArgsGen.usf" 1847
"../../../Engine/Plugins/FX/Niagara/Shaders/Private/NiagaraDispatchIndirectArgsGen.usf" 1848
"../../../Engine/Plugins/Media/WmfMedia/Shaders/Private/MediaHardwareVideoDecoding.usf" 1849
"../../../Engine/Shaders/Private/ColorUtils.ush" 1850
"../../../Engine/Plugins/Media/ImgMedia/Shaders/Private/ExrSwizzler.usf" 1851
"../../../Engine/Plugins/Enterprise/GLTFExporter/Shaders/Private/SimpleTexture2DPS.usf" 1852
"../../../Engine/Shaders/Private/SimpleElementNormalMapPixelShader.usf" 1853
"../../../Engine/Shaders/Private/SlateElementPixelShader.usf" 1854
"../../../Engine/Shaders/Private/SlateShaderCommon.ush" 1855
"../../../Engine/Shaders/Private/MaterialTemplate.ush" 1856
"../../../Engine/Shaders/Private/EyeAdaptationCommon.ush" 1857
"../../../Engine/Shaders/Private/SobolRandom.ush" 1858
"../../../Engine/Shaders/Private/DepthOfFieldCommon.ush" 1859
"../../../Engine/Shaders/Private/CircleDOFCommon.ush" 1860
"../../../Engine/Shaders/Private/PhysicsFieldSampler.ush" 1861
"../../../Engine/Shaders/Private/PhysicsFieldShared.ush" 1862
"../../../Engine/Shaders/Private/HairShadingCommon.ush" 1863
"../../../Engine/Shaders/Private/HairStrands/HairCardsAttributeCommon.ush" 1864
"../../../Engine/Shaders/Private/HairStrands/HairStrandsVertexFactoryCommon.ush" 1865
"../../../Engine/Shaders/Shared/HairStrandsDefinitions.h" 1866
"../../../Engine/Shaders/Private/HairStrands/HairStrandsAttributeCommon.ush" 1867
"../../../Engine/Shaders/Private/SpeedTreeCommon.ush" 1868
"../../../Engine/Shaders/Private/VirtualTextureCommon.ush" 1869
"../../../Engine/Shaders/Private/MaterialTexture.ush" 1870
"../../../Engine/Shaders/Private/MinMaterialTexCoords.ush" 1871
"../../../Engine/Shaders/Private/SkyAtmosphereCommon.ush" 1872
"../../../Engine/Shaders/Private/SingleLayerWaterCommon.ush" 1873
"../../../Engine/Shaders/Private/TextureSampling.ush" 1874
"../../../Engine/Shaders/Private/PaniniProjection.ush" 1875
"../../../Engine/Shaders/Private/DBufferNormalReprojection.ush" 1876
"../../../Engine/Shaders/Private/Strata/StrataTree.ush" 1877
"../../../Engine/Shaders/Private/Strata/StrataEvaluation.ush" 1878
"../../../Engine/Shaders/Private/SHCommon.ush" 1879
"../../../Engine/Shaders/Private/ShadingModels.ush" 1880
"../../../Engine/Shaders/Private/CapsuleLight.ush" 1881
"../../../Engine/Shaders/Private/RectLight.ush" 1882
"../../../Engine/Shaders/Private/LightData.ush" 1883
"../../../Engine/Shaders/Private/AreaLightCommon.ush" 1884
"../../../Engine/Shaders/Private/TransmissionCommon.ush" 1885
"../../../Engine/Shaders/Private/HairBsdf.ush" 1886
"../../../Engine/Shaders/Private/MobileGGX.ush" 1887
"../../../Engine/Shaders/Private/ShadingModelsSampling.ush" 1888
"../../../Engine/Shaders/Private/HairStrands/HairBsdfSample.ush" 1889
"../../../Engine/Shaders/Private/HairStrands/HairStrandsCommon.ush" 1890
"../../../Engine/Shaders/Private/HairStrands/HairStrandsDeepTransmittanceCommon.ush" 1891
"../../../Engine/Shaders/Private/HairStrands/HairStrandsDeepTransmittanceDualScattering.ush" 1892
"../../../Engine/Shaders/Private/HairStrands/HairStrandsEnvironmentLightingCommon.ush" 1893
"../../../Engine/Shaders/Private/Strata/StrataLegacyConversion.ush" 1894
"../../../Engine/Shaders/Private/DBufferDecalShared.ush" 1895
"../../../Engine/Shaders/Private/CompositeUIPixelShader.usf" 1896
"../../../Engine/Shaders/Private/TonemapCommon.ush" 1897
"../../../Engine/Shaders/Private/ACES.ush" 1898
"../../../Engine/Shaders/Private/ColorDeficiency.ush" 1899
"../../../Engine/Shaders/Private/SlateMaskingShader.usf" 1900
"../../../Engine/Shaders/Private/SlatePostProcessColorDeficiencyPixelShader.usf" 1901
"../../../Engine/Shaders/Private/SlatePostProcessPixelShader.usf" 1902
"../../../Engine/Shaders/Private/SlateVertexShader.usf" 1903
"../../../Engine/Shaders/Private/TranslucentLightingShaders.usf" 1904
"../../../Engine/Shaders/Private/ShadowProjectionCommon.ush" 1905
"../../../Engine/Shaders/Private/CubemapCommon.ush" 1906
"../../../Engine/Shaders/Private/VectorFieldCompositeShaders.usf" 1907
"../../../Engine/Shaders/Private/UpdateTextureShaders.usf" 1908
"../../../Engine/Shaders/Private/StereoLayerShader.usf" 1909
"../../../Engine/Shaders/Private/MorphTargets.usf" 1910
"../../../Engine/Shaders/Private/SimpleElementColorChannelMaskPixelShader.usf" 1911
"../../../Engine/Shaders/Private/SimpleElementHitProxyPixelShader.usf" 1912
"../../../Engine/Shaders/Private/SimpleElementPixelShader.usf" 1913
"../../../Engine/Shaders/Private/IESLightProfilesCommon.ush" 1914
"../../../Engine/Shaders/Private/SimpleElementVertexShader.usf" 1915
"../../../Engine/Shaders/Private/ScreenPixelShaderOES.usf" 1916
"../../../Engine/Shaders/Private/ScreenVertexShader.usf" 1917
"../../../Engine/Shaders/Private/ScreenPixelShader.usf" 1918
"../../../Engine/Shaders/Private/SSProfilePreIntegratedMobile.usf" 1919
"../../../Engine/Shaders/Private/Nanite/NaniteClusterCulling.usf" 1920
"../../../Engine/Shaders/Private/Nanite/NaniteCulling.ush" 1921
"../../../Engine/Shaders/Private/Nanite/NaniteHierarchyTraversalCommon.ush" 1922
"../../../Engine/Shaders/Private/Nanite/NaniteHierarchyTraversal.ush" 1923
"../../../Engine/Shaders/Private/WaveOpUtil.ush" 1924
"../../../Engine/Shaders/Private/VirtualShadowMaps/VirtualShadowMapPageOverlap.ush" 1925
"../../../Engine/Shaders/Private/Nanite/NaniteHZBCull.ush" 1926
"../../../Engine/Shaders/Private/VirtualShadowMaps/VirtualShadowMapPageAccessCommon.ush" 1927
"../../../Engine/Shaders/Shared/VirtualShadowMapDefinitions.h" 1928
"../../../Engine/Shaders/Private/VirtualShadowMaps/VirtualShadowMapStaticCaching.ush" 1929
"../../../Engine/Shaders/Private/Nanite/NaniteCullingCommon.ush" 1930
"../../../Engine/Shaders/Private/GPUMessaging.ush" 1931
"../../../Engine/Shaders/Private/Nanite/NaniteTranscode.usf" 1932
"../../../Engine/Shaders/Private/VolumetricLightmapStreaming.usf" 1933
"../../../Engine/Shaders/Private/PhysicsFieldReset.usf" 1934
"../../../Engine/Shaders/Private/PhysicsFieldBuilder.usf" 1935
"../../../Engine/Shaders/Private/PhysicsFieldEval.ush" 1936
"../../../Engine/Shaders/Private/ParticleSortKeyGen.usf" 1937
"../../../Engine/Shaders/Private/ParticleBoundsShader.usf" 1938
"../../../Engine/Shaders/Private/ParticleSimVisualizeShader.usf" 1939
"../../../Engine/Shaders/Private/ParticleInjectionShader.usf" 1940
"../../../Engine/Shaders/Private/ParticleSimulationShader.usf" 1941
"../../../Engine/Shaders/Private/ParticleCurveInjectionShader.usf" 1942
"../../../Engine/Shaders/Private/CopyUIntBuffer.usf" 1943
"../../../Engine/Shaders/Private/RadixSortShaders.usf" 1944
"../../../Engine/Shaders/Private/RecomputeTangentsPerVertexPass.usf" 1945
"../../../Engine/Shaders/Private/RecomputeTangentsCommon.ush" 1946
"../../../Engine/Shaders/Private/RecomputeTangentsPerTrianglePass.usf" 1947
"../../../Engine/Shaders/Private/GpuSkinCacheComputeShader.usf" 1948
"../../../Engine/Shaders/Private/HeightFieldAtlasManagement.usf" 1949
"../../../Engine/Shaders/Private/LandscapePhysicalMaterial.usf" 1950
"../../../Engine/Shaders/Private/LandscapeGrassWeight.usf" 1951
"../../../Engine/Shaders/Private/Landscape/LandscapeLayersWeightmapsPS.usf" 1952
"../../../Engine/Shaders/Private/Landscape/LandscapeLayersHeightmapsPS.usf" 1953
"../../../Engine/Shaders/Private/Landscape/LandscapeCommon.ush" 1954
"../../../Engine/Shaders/Private/LandscapeLayersCS.usf" 1955
"../../../Engine/Shaders/Private/LandscapeLayersPS.usf" 1956
"../../../Engine/Shaders/Private/LandscapeLayersVS.usf" 1957
"../../../Engine/Shaders/Private/Landscape/LandscapeMergeHeightmapsPS.usf" 1958
"../../../Engine/Shaders/Private/WideCustomResolveShaders.usf" 1959
"../../../Engine/Shaders/Private/WideCustomResolve_Wide.ush" 1960
"../../../Engine/Shaders/Private/WideCustomResolve_Wider.ush" 1961
"../../../Engine/Shaders/Private/WideCustomResolve_Widest.ush" 1962
"../../../Engine/Shaders/Private/PageTableUpdate.usf" 1963
"../../../Engine/Shaders/Private/VirtualTextureCompress.usf" 1964
"../../../Engine/Shaders/Private/BlockCompressionCommon.ush" 1965
"../../../Engine/Shaders/Private/BCCompressionCommon.ush" 1966
"../../../Engine/Shaders/Private/ETCCompressionCommon.ush" 1967
"../../../Engine/Shaders/Private/VirtualTextureMaterial.usf" 1968
"../../../Engine/Shaders/Private/PixelShaderOutputCommon.ush" 1969
"../../../Engine/Shaders/Private/ShaderOutputCommon.ush" 1970
"../../../Engine/Shaders/Private/VolumetricRenderTarget.usf" 1971
"../../../Engine/Shaders/Private/VolumetricFogVoxelization.usf" 1972
"../../../Engine/Shaders/Private/VolumetricCloudMaterialPixelCommon.ush" 1973
"../../../Engine/Shaders/Private/VolumetricFogLightFunction.usf" 1974
"../../../Engine/Shaders/Private/LightFunctionCommon.ush" 1975
"../../../Engine/Shaders/Private/VolumetricFog.usf" 1976
"../../../Engine/Shaders/Private/DeferredLightingCommon.ush" 1977
"../../../Engine/Shaders/Private/DynamicLightingCommon.ush" 1978
"../../../Engine/Shaders/Private/CapsuleLightIntegrate.ush" 1979
"../../../Engine/Shaders/Private/CapsuleLightSampling.ush" 1980
"../../../Engine/Shaders/Private/RectLightIntegrate.ush" 1981
"../../../Engine/Shaders/Private/LightGridCommon.ush" 1982
"../../../Engine/Shaders/Private/HeightFogCommon.ush" 1983
"../../../Engine/Shaders/Private/DistanceFieldAOShared.ush" 1984
"../../../Engine/Shaders/Private/VolumeLightingCommon.ush" 1985
"../../../Engine/Shaders/Private/ShadowFilteringCommon.ush" 1986
"../../../Engine/Shaders/Private/PixelQuadMessagePassing.ush" 1987
"../../../Engine/Shaders/Private/VolumeLightingCommonSampling.ush" 1988
"../../../Engine/Shaders/Private/VolumetricLightmapShared.ush" 1989
"../../../Engine/Shaders/Private/ForwardShadowingCommon.ush" 1990
"../../../Engine/Shaders/Private/LightDataUniforms.ush" 1991
"../../../Engine/Shaders/Private/Lumen/LumenTranslucencyVolumeShared.ush" 1992
"../../../Engine/Shaders/Private/Lumen/LumenRadianceCacheInterpolation.ush" 1993
"../../../Engine/Shaders/Private/VirtualShadowMaps/VirtualShadowMapProjectionCommon.ush" 1994
"../../../Engine/Shaders/Private/VirtualShadowMaps/VirtualShadowMapProjectionStructs.ush" 1995
"../../../Engine/Shaders/Private/VolumetricCloudCommon.ush" 1996
"../../../Engine/Shaders/Private/VolumetricCloud.usf" 1997
"../../../Engine/Shaders/Private/ColorMap.ush" 1998
"../../../Engine/Shaders/Private/ShaderPrint.ush" 1999
"../../../Engine/Shaders/Private/ShaderPrintCommon.ush" 2000
"../../../Engine/Shaders/Private/MiniFontCommon.ush" 2001
"../../../Engine/Shaders/Private/ReflectionEnvironmentShared.ush" 2002
"../../../Engine/Shaders/Private/BlueNoise.ush" 2003
"../../../Engine/Shaders/Private/VisualizeVolumetricLightmap.usf" 2004
"../../../Engine/Shaders/Private/VirtualShadowMaps/VirtualShadowMapProjectionComposite.usf" 2005
"../../../Engine/Shaders/Private/LightShaderParameters.ush" 2006
"../../../Engine/Shaders/Private/VirtualShadowMaps/VirtualShadowMapMaskBitsCommon.ush" 2007
"../../../Engine/Shaders/Private/VirtualShadowMaps/VirtualShadowMapProjection.usf" 2008
"../../../Engine/Shaders/Private/HairStrands/HairStrandsVisibilityCommon.ush" 2009
"../../../Engine/Shaders/Private/Visualization.ush" 2010
"../../../Engine/Shaders/Private/VirtualShadowMaps/VirtualShadowMapProjectionFilter.ush" 2011
"../../../Engine/Shaders/Private/VirtualShadowMaps/VirtualShadowMapProjectionDirectional.ush" 2012
"../../../Engine/Shaders/Private/PathTracing/Utilities/PathTracingRandomSequence.ush" 2013
"../../../Engine/Shaders/Private/VirtualShadowMaps/VirtualShadowMapSMRTCommon.ush" 2014
"../../../Engine/Shaders/Private/VirtualShadowMaps/VirtualShadowMapSMRTTemplate.ush" 2015
"../../../Engine/Shaders/Private/VirtualShadowMaps/VirtualShadowMapProjectionSpot.ush" 2016
"../../../Engine/Shaders/Private/VirtualShadowMaps/VirtualShadowMapTransmissionCommon.ush" 2017
"../../../Engine/Shaders/Private/HairStrands/HairStrandsVoxelPageCommon.ush" 2018
"../../../Engine/Shaders/Private/HairStrands/HairStrandsVoxelPageTraversal.ush" 2019
"../../../Engine/Shaders/Private/VirtualShadowMaps/VirtualShadowMapCacheManagement.usf" 2020
"../../../Engine/Shaders/Private/VirtualShadowMaps/VirtualShadowMapPageCacheCommon.ush" 2021
"../../../Engine/Shaders/Private/ScreenSpaceDenoise/SSDDefinitions.ush" 2022
"../../../Engine/Shaders/Private/InstanceCulling/InstanceCullingLoadBalancer.ush" 2023
"../../../Engine/Shaders/Private/VirtualShadowMaps/VirtualShadowMapCopyStats.usf" 2024
"../../../Engine/Shaders/Private/VirtualShadowMaps/VirtualShadowMapPageManagement.usf" 2025
"../../../Engine/Shaders/Shared/SingleLayerWaterDefinitions.h" 2026
"../../../Engine/Shaders/Private/HairStrands/HairStrandsTileCommon.ush" 2027
"../../../Engine/Shaders/Private/ReductionCommon.ush" 2028
"../../../Engine/Shaders/Private/VirtualShadowMaps/VirtualShadowMapStats.ush" 2029
"../../../Engine/Shaders/Private/VirtualShadowMaps/VirtualShadowMapBuildPerPageDrawCommands.usf" 2030
"../../../Engine/Shaders/Private/InstanceCulling/InstanceCullingCommon.ush" 2031
"../../../Engine/Shaders/Private/VirtualShadowMaps/VirtualShadowMapPrintStats.usf" 2032
"../../../Engine/Shaders/Private/VirtualShadowMaps/VirtualShadowMapDebug.usf" 2033
"../../../Engine/Shaders/Private/VelocityShader.usf" 2034
"../../../Engine/Shaders/Private/VelocityCommon.ush" 2035
"../../../Engine/Shaders/Private/VariableRateShading/VRSShadingRatePreview.usf" 2036
"../../../Engine/Shaders/Private/VariableRateShading/VRSShadingRateCommon.ush" 2037
"../../../Engine/Shaders/Private/VariableRateShading/VRSShadingRateCombine.usf" 2038
"../../../Engine/Shaders/Private/VariableRateShading/FixedFoveationVariableRateShading.usf" 2039
"../../../Engine/Shaders/Private/VariableRateShading/VRSShadingRateReproject.usf" 2040
"../../../Engine/Shaders/Private/VariableRateShading/VRSShadingRateCalculate.usf" 2041
"../../../Engine/Shaders/Private/TranslucencyUpsampling.usf" 2042
"../../../Engine/Shaders/Private/ScreenPass.ush" 2043
"../../../Engine/Shaders/Private/ComposeSeparateTranslucency.usf" 2044
"../../../Engine/Shaders/Private/SeparateTranslucency.ush" 2045
"../../../Engine/Shaders/Private/TranslucentLightInjectionShaders.usf" 2046
"../../../Engine/Shaders/Private/TranslucentShadowDepthShaders.usf" 2047
"../../../Engine/Shaders/Private/ShadowDepthCommon.ush" 2048
"../../../Engine/Shaders/Private/RayTracing/RayTracingTest.usf" 2049
"../../../Engine/Shaders/Private/PostProcessSubsurfaceTile.usf" 2050
"../../../Engine/Shaders/Private/Strata/StrataVisualize.usf" 2051
"../../../Engine/Shaders/Private/Strata/StrataTile.ush" 2052
"../../../Engine/Shaders/Private/SkyLightingDiffuseShared.ush" 2053
"../../../Engine/Shaders/Private/SkyLightingShared.ush" 2054
"../../../Engine/Shaders/Private/ClearCoatCommon.ush" 2055
"../../../Engine/Shaders/Private/ReflectionEnvironmentComposite.ush" 2056
"../../../Engine/Shaders/Private/Strata/StrataLightingCommon.ush" 2057
"../../../Engine/Shaders/Private/Strata/StrataRoughRefraction.usf" 2058
"../../../Engine/Shaders/Private/PathTracing/Material/PathTracingFresnel.ush" 2059
"../../../Engine/Shaders/Private/PathTracing/Material/PathTracingGlossy.ush" 2060
"../../../Engine/Shaders/Private/Strata/StrataTile.usf" 2061
"../../../Engine/Shaders/Private/Strata/StrataMaterialClassification.usf" 2062
"../../../Engine/Shaders/Private/Strata/StrataDBuffer.usf" 2063
"../../../Engine/Shaders/Private/SparseVolumeTexture/VisualizeSparseVolumeTexture.usf" 2064
"../../../Engine/Shaders/Private/SkyAtmosphere.usf" 2065
"../../../Engine/Shaders/Private/CopyDepthTexture.usf" 2066
"../../../Engine/Shaders/Private/SingleLayerWaterComposite.usf" 2067
"../../../Engine/Shaders/Private/ShadowProjectionVertexShader.usf" 2068
"../../../Engine/Shaders/Private/ShadowProjectionPixelShader.usf" 2069
"../../../Engine/Shaders/Private/ShadowPercentageCloserFiltering.ush" 2070
"../../../Engine/Shaders/Private/TransmissionThickness.ush" 2071
"../../../Engine/Shaders/Private/CopyShadowMaps.usf" 2072
"../../../Engine/Shaders/Private/ShadowDepthPixelShader.usf" 2073
"../../../Engine/Shaders/Private/ShadowDepthVertexShader.usf" 2074
"../../../Engine/Shaders/Private/ShadingEnergyConservationTable.usf" 2075
"../../../Engine/Shaders/Shared/PathTracingDefinitions.h" 2076
"../../../Engine/Shaders/Private/ShadingFurnaceTest.usf" 2077
"../../../Engine/Shaders/Private/Strata/StrataDeferredLighting.ush" 2078
"../../../Engine/Shaders/Private/ShaderPrintDraw.usf" 2079
"../../../Engine/Shaders/Private/ShaderPrintDrawPrimitive.usf" 2080
"../../../Engine/Shaders/Private/SSRT/SSRTDiffuseIndirect.usf" 2081
"../../../Engine/Shaders/Private/SSRT/SSRTRayCast.ush" 2082
"../../../Engine/Shaders/Private/SSRT/SSRTTileClassificationBuffer.ush" 2083
"../../../Engine/Shaders/Private/SSRT/SSRTReflections.usf" 2084
"../../../Engine/Shaders/Private/ScreenSpaceDenoise/SSDPublic.ush" 2085
"../../../Engine/Shaders/Private/SSRT/SSRTTileClassification.usf" 2086
"../../../Engine/Shaders/Private/SSRT/SSRTPrevFrameReduction.usf" 2087
"../../../Engine/Shaders/Private/ScreenSpaceDenoise/SSDComposeHarmonics.usf" 2088
"../../../Engine/Shaders/Private/ScreenSpaceDenoise/SSDPublicHarmonics.ush" 2089
"../../../Engine/Shaders/Private/ScreenSpaceDenoise/SSDSignalFramework.ush" 2090
"../../../Engine/Shaders/Private/ScreenSpaceDenoise/SSDCommon.ush" 2091
"../../../Engine/Shaders/Private/SphericalGaussian.ush" 2092
"../../../Engine/Shaders/Public/WaveBroadcastIntrinsics.ush" 2093
"../../../Engine/Shaders/Private/ScreenSpaceDenoise/SSDMetadata.ush" 2094
"../../../Engine/Shaders/Private/ScreenSpaceDenoise/SSDSignalCore.ush" 2095
"../../../Engine/Shaders/Private/ScreenSpaceDenoise/DenoisingCommon.ush" 2096
"../../../Engine/Shaders/Private/ScreenSpaceDenoise/SSDSignalArray.ush" 2097
"../../../Engine/Shaders/Private/ScreenSpaceDenoise/SSDSignalBufferEncoding.ush" 2098
"../../../Engine/Shaders/Private/ScreenSpaceDenoise/SSDPublicBufferEncoding.ush" 2099
"../../../Engine/Shaders/Private/Lumen/LumenBufferEncoding.ush" 2100
"../../../Engine/Shaders/Private/ScreenSpaceDenoise/SSDTemporalAccumulation.usf" 2101
"../../../Engine/Shaders/Private/ScreenSpaceDenoise/SSDSpatialKernel.ush" 2102
"../../../Engine/Shaders/Private/ScreenSpaceDenoise/SSDSignalAccumulatorArray.ush" 2103
"../../../Engine/Shaders/Private/ScreenSpaceDenoise/SSDSignalAccumulator.ush" 2104
"../../../Engine/Shaders/Private/ScreenSpaceDenoise/SSDSignalCompression.ush" 2105
"../../../Engine/Shaders/Private/ScreenSpaceDenoise/SSDSpatialAccumulation.usf" 2106
"../../../Engine/Shaders/Private/ScreenSpaceDenoise/SSDInjest.usf" 2107
"../../../Engine/Shaders/Private/ScreenSpaceDenoise/SSDCompressMetadata.usf" 2108
"../../../Engine/Shaders/Private/DownsampleDepthPixelShader.usf" 2109
"../../../Engine/Shaders/Private/ScreenPass.usf" 2110
"../../../Engine/Shaders/Private/HZB.usf" 2111
"../../../Engine/Shaders/Private/OcclusionFeedbackShaders.usf" 2112
"../../../Engine/Shaders/Private/HZBOcclusion.usf" 2113
"../../../Engine/Shaders/Private/OcclusionQueryPixelShader.usf" 2114
"../../../Engine/Shaders/Private/OcclusionQueryVertexShader.usf" 2115
"../../../Engine/Shaders/Private/HitProxyPixelShader.usf" 2116
"../../../Engine/Shaders/Private/HitProxyVertexShader.usf" 2117
"../../../Engine/Shaders/Private/SceneCapturePixelShader.usf" 2118
"../../../Engine/Shaders/Private/RTWriteMaskDecode.usf" 2119
"../../../Engine/Shaders/Private/ReflectionEnvironmentShaders.usf" 2120
"../../../Engine/Shaders/Private/RectLightAtlas.usf" 2121
"../../../Engine/Shaders/Private/RayTracing/TraceRayInlineStatistics.usf" 2122
"../../../Engine/Shaders/Private/RayTracing/TraceRayInlineCommon.ush" 2123
"../../../Engine/Shaders/Private/RayTracing/VisualizeSkyLightMipTreePS.usf" 2124
"../../../Engine/Shaders/Private/RayTracing/MipTreeCommon.ush" 2125
"../../../Engine/Shaders/Private/RayTracing/CompositeSkyLightPS.usf" 2126
"../../../Engine/Shaders/Private/RayTracing/GenerateSkyLightVisibilityRaysCS.usf" 2127
"../../../Engine/Shaders/Private/RayTracing/RayTracingSkyLightCommon.ush" 2128
"../../../Engine/Shaders/Private/RayTracing/SkyLightVisibilityRaysData.ush" 2129
"../../../Engine/Shaders/Private/Raytracing/RaytracingSkylightRGS.usf" 2130
"../../../Engine/Shaders/Private/HairStrands/HairStrandsRaytracing.ush" 2131
"../../../Engine/Shaders/Private/Raytracing/RayTracingSkyLightEvaluation.ush" 2132
"../../../Engine/Shaders/Private/Raytracing/RayTracingDeferredShadingCommon.ush" 2133
"../../../Engine/Shaders/Private/RayTracing/RayTracingOcclusionRGS.usf" 2134
"../../../Engine/Shaders/Private/RayTracing/RayTracingDirectionalLight.ush" 2135
"../../../Engine/Shaders/Private/RayTracing/RayTracingRectLight.ush" 2136
"../../../Engine/Shaders/Private/RayTracing/RayTracingSphereLight.ush" 2137
"../../../Engine/Shaders/Private/RayTracing/RayTracingCapsuleLight.ush" 2138
"../../../Engine/Shaders/Private/RayTracing/SplitImaginaryReflectionGBufferCS.usf" 2139
"../../../Engine/Shaders/Private/RayTracing/RayTracingReflectionsCommon.ush" 2140
"../../../Engine/Shaders/Private/RayTracing/RayTracingReflections.usf" 2141
"../../../Engine/Shaders/Private/RayTracing/RayTracingLightingCommon.ush" 2142
"../../../Engine/Shaders/Private/RayTracing/RayTracingLightCullingCommon.ush" 2143
"../../../Engine/Shaders/Private/RayTracing/RayTracingReflectionEnvironment.ush" 2144
"../../../Engine/Shaders/Private/RayTracing/RayTracingPrimaryRays.usf" 2145
"../../../Engine/Shaders/Private/RayTracing/RayTracingMaterialDefaultHitShaders.usf" 2146
"../../../Engine/Shaders/Private/RayTracing/RayTracingMaterialHitShaders.usf" 2147
"../../../Engine/Shaders/Private/RayTracing/RayTracingCalcInterpolants.ush" 2148
"../../../Engine/Shaders/Private/LightmapCommon.ush" 2149
"../../../Engine/Shaders/Private/Lumen/LumenHardwareRayTracingPayloadCommon.ush" 2150
"../../../Engine/Shaders/Private/Strata/StrataExport.ush" 2151
"../../../Engine/Shaders/Private/RayTracing/RayTracingLightingMS.usf" 2152
"../../../Engine/Shaders/Private/RayTracing/RayTracingLightFunctionCommon.ush" 2153
"../../../Engine/Shaders/Private/RayTracing/GenerateCulledLightListCS.usf" 2154
"../../../Engine/Shaders/Private/Raytracing/RayTracingInstanceBufferUtil.usf" 2155
"../../../Engine/Shaders/Private/RayTracing/RayTracingFinalGatherRGS.usf" 2156
"../../../Engine/Shaders/Private/RayTracing/RayTracingGatherPoints.ush" 2157
"../../../Engine/Shaders/Private/PathTracing/Light/PathTracingLightSampling.ush" 2158
"../../../Engine/Shaders/Private/PathTracing/Light/PathTracingLightCommon.ush" 2159
"../../../Engine/Shaders/Shared/RayTracingTypes.h" 2160
"../../../Engine/Shaders/Private/PathTracing/Light/PathTracingDirectionalLight.ush" 2161
"../../../Engine/Shaders/Private/PathTracing/Light/PathTracingPointLight.ush" 2162
"../../../Engine/Shaders/Private/PathTracing/Light/PathTracingCapsuleLight.ush" 2163
"../../../Engine/Shaders/Private/PathTracing/Light/PathTracingRectLight.ush" 2164
"../../../Engine/Shaders/Private/PathTracing/Light/PathTracingSkyLight.ush" 2165
"../../../Engine/Shaders/Private/PathTracing/Light/PathTracingSpotLight.ush" 2166
"../../../Engine/Shaders/Private/RayTracing/RayTracingCreateGatherPointsRGS.usf" 2167
"../../../Engine/Shaders/Private/RayTracing/RayTracingGlobalIlluminationRGS.usf" 2168
"../../../Engine/Shaders/Private/RayTracing/RayTracingDynamicMesh.usf" 2169
"../../../Engine/Shaders/Private/RayTracing/RayTracingDeferredReflections.usf" 2170
"../../../Engine/Shaders/Private/RayTracing/RayTracingDeferredMaterials.ush" 2171
"../../../Engine/Shaders/Shared/ThirdParty/AMD/ags_shader_intrinsics_dx12.h" 2172
"../../../Engine/Shaders/Private/RayTracing/RayTracingDeferredReflections.ush" 2173
"../../../Engine/Shaders/Private/RayTracing/RayTracingReflectionResolve.usf" 2174
"../../../Engine/Shaders/Private/RayTracing/RayTracingReflectionsGenerateRaysCS.usf" 2175
"../../../Engine/Shaders/Private/RayTracing/MaterialSort.usf" 2176
"../../../Engine/Shaders/Private/RayTracing/RayTracingDeferredMaterials.usf" 2177
"../../../Engine/Shaders/Private/RayTracing/RayTracingDefaultDecalHitShader.usf" 2178
"../../../Engine/Shaders/Private/RayTracing/RayTracingDecalMaterialShader.usf" 2179
"../../../Engine/Shaders/Private/RayTracing/RayTracingBuildDecalGrid.usf" 2180
"../../../Engine/Shaders/Private/RayTracing/RayTracingDebugInstanceOverlap.usf" 2181
"../../../Engine/Shaders/Private/RayTracing/RayTracingDebugPicking.usf" 2182
"../../../Engine/Shaders/Private/RayTracing/RayTracingDebugUtils.ush" 2183
"../../../Engine/Shaders/Shared/RayTracingDebugTypes.h" 2184
"../../../Engine/Shaders/Private/RayTracing/RayTracingDebugTraversal.usf" 2185
"../../../Engine/Shaders/Private/Nanite/NaniteRayTrace.ush" 2186
"../../../Engine/Shaders/Shared/ThirdParty/RayTriangleIntersection.h" 2187
"../../../Engine/Shaders/Shared/RayTracingDebugDefinitions.h" 2188
"../../../Engine/Shaders/Private/RayTracing/TraceRayInline.ush" 2189
"../../../Engine/Shaders/Private/RayTracing/TraceRayInlineVulkan.ush" 2190
"../../../Engine/Shaders/Private/RayTracing/TraceRayInlineMetal.ush" 2191
"../../../Engine/Shaders/Private/RayTracing/RayTracingDebugMS.usf" 2192
"../../../Engine/Shaders/Private/RayTracing/RayTracingDebugCHS.usf" 2193
"../../../Engine/Shaders/Private/RayTracing/RayTracingDebug.usf" 2194
"../../../Engine/Shaders/Private/RayTracing/RayTracingBuiltInShaders.usf" 2195
"../../../Engine/Shaders/Private/RayTracing/RayTracingBarycentrics.usf" 2196
"../../../Engine/Shaders/Private/RayTracing/RayTracingAmbientOcclusionRGS.usf" 2197
"../../../Engine/Shaders/Private/VisualizeShadingModels.usf" 2198
"../../../Engine/Shaders/Private/PostProcessCommon.ush" 2199
"../../../Engine/Shaders/Private/MotionBlur/VisualizeMotionVectors.usf" 2200
"../../../Engine/Shaders/Private/TemporalSuperResolution/TSRDebugHistory.usf" 2201
"../../../Engine/Shaders/Private/TemporalSuperResolution/TSRCommon.ush" 2202
"../../../Engine/Shaders/Public/DualPixelVectorization.ush" 2203
"../../../Engine/Shaders/Private/TemporalSuperResolution/TSRResolveHistory.usf" 2204
"../../../Engine/Shaders/Private/TemporalSuperResolution/TSRUpdateHistory.usf" 2205
"../../../Engine/Shaders/Private/TemporalSuperResolution/TSRFilterAntiAliasing.usf" 2206
"../../../Engine/Shaders/Private/TemporalSuperResolution/TSRSpatialAntiAliasing.usf" 2207
"../../../Engine/Shaders/Private/TemporalSuperResolution/TSRRejectShading.usf" 2208
"../../../Engine/Shaders/Public/LaneVectorization.ush" 2209
"../../../Engine/Shaders/Private/TemporalSuperResolution/TSRCompareTranslucency.usf" 2210
"../../../Engine/Shaders/Private/TemporalSuperResolution/TSRDecimateHistory.usf" 2211
"../../../Engine/Shaders/Private/TemporalSuperResolution/TSRDilateVelocity.usf" 2212
"../../../Engine/Shaders/Private/MotionBlur/MotionBlurVelocityFlatten.ush" 2213
"../../../Engine/Shaders/Private/MotionBlur/MotionBlurCommon.ush" 2214
"../../../Engine/Shaders/Private/TemporalSuperResolution/TSRForwardScatterDepth.usf" 2215
"../../../Engine/Shaders/Private/TemporalSuperResolution/TSRClearPrevTextures.usf" 2216
"../../../Engine/Shaders/Private/TemporalSuperResolution/TSRComputeMoireLuma.usf" 2217
"../../../Engine/Shaders/Private/TemporalAA.usf" 2218
"../../../Engine/Shaders/Private/FilterPixelShader.usf" 2219
"../../../Engine/Shaders/Private/FilterVertexShader.usf" 2220
"../../../Engine/Shaders/Private/PostProcessVisualizeBuffer.usf" 2221
"../../../Engine/Shaders/Private/PostProcessVisualizeLocalExposure.usf" 2222
"../../../Engine/Shaders/Private/PostProcessHistogramCommon.ush" 2223
"../../../Engine/Shaders/Private/PostProcessVisualizeLevelInstance.usf" 2224
"../../../Engine/Shaders/Private/PostProcessVisualizeHDR.usf" 2225
"../../../Engine/Shaders/Private/ShaderComplexityApplyPixelShader.usf" 2226
"../../../Engine/Shaders/Private/QuadOverdraw.ush" 2227
"../../../Engine/Shaders/Private/PostProcessUpscale.usf" 2228
"../../../Engine/Shaders/Private/PostProcessTonemap.usf" 2229
"../../../Engine/Shaders/Private/PostProcessing/FilmGrainPackConstants.usf" 2230
"../../../Engine/Shaders/Private/PostProcessing/FilmGrainReduce.usf" 2231
"../../../Engine/Shaders/Private/PostProcessTestImage.usf" 2232
"../../../Engine/Shaders/Private/PostProcessSubsurface.usf" 2233
"../../../Engine/Shaders/Private/SeparableSSS.ush" 2234
"../../../Engine/Shaders/Private/SubsurfaceBurleyNormalized.ush" 2235
"../../../Engine/Shaders/Private/PostProcessSelectionOutline.usf" 2236
"../../../Engine/Shaders/Private/PostProcessPixelProjectedReflectionMobile.usf" 2237
"../../../Engine/Shaders/Private/MotionBlur/MotionBlurVisualize.usf" 2238
"../../../Engine/Shaders/Private/MotionBlur/MotionBlurApply.usf" 2239
"../../../Engine/Shaders/Private/MotionBlur/MotionBlurFilterTileClassify.usf" 2240
"../../../Engine/Shaders/Private/MotionBlur/MotionBlurTileScatter.usf" 2241
"../../../Engine/Shaders/Private/MotionBlur/MotionBlurTileGather.usf" 2242
"../../../Engine/Shaders/Private/MotionBlur/MotionBlurVelocityFlatten.usf" 2243
"../../../Engine/Shaders/Private/PostProcessMobile.usf" 2244
"../../../Engine/Shaders/Private/PostProcessMitchellNetravali.usf" 2245
"../../../Engine/Shaders/Private/PostProcessMaterialShaders.usf" 2246
"../../../Engine/Shaders/Private/PostProcessLocalExposure.usf" 2247
"../../../Engine/Shaders/Private/PostProcessLensFlares.usf" 2248
"../../../Engine/Shaders/Private/PostProcessHMD.usf" 2249
"../../../Engine/Shaders/Private/Histogram.usf" 2250
"../../../Engine/Shaders/Private/PostProcessHistogramReduce.usf" 2251
"../../../Engine/Shaders/Private/PostProcessHistogram.usf" 2252
"../../../Engine/Shaders/Private/PostProcessGBufferHints.usf" 2253
"../../../Engine/Shaders/Private/Bloom/BloomFinalizeApplyConstants.usf" 2254
"../../../Engine/Shaders/Private/Bloom/BloomCommon.ush" 2255
"../../../Engine/Shaders/Private/Bloom/BloomResizeKernel.usf" 2256
"../../../Engine/Shaders/Private/Bloom/BloomClampKernel.usf" 2257
"../../../Engine/Shaders/Private/Bloom/BloomPackKernelConstants.usf" 2258
"../../../Engine/Shaders/Private/Bloom/BloomSumScatterDispersionEnergy.usf" 2259
"../../../Engine/Shaders/Private/Bloom/BloomReduceKernelSurvey.usf" 2260
"../../../Engine/Shaders/Private/Bloom/BloomSurveyKernelCenterEnergy.usf" 2261
"../../../Engine/Shaders/Private/Bloom/BloomSurveyMaxScatterDispersion.usf" 2262
"../../../Engine/Shaders/Private/Bloom/BloomFindKernelCenter.usf" 2263
"../../../Engine/Shaders/Private/PostProcessEyeAdaptation.usf" 2264
"../../../Engine/Shaders/Private/PostProcessDownsample.usf" 2265
"../../../Engine/Shaders/Private/PostProcessDOF.usf" 2266
"../../../Engine/Shaders/Private/PostProcessDeviceEncodingOnly.usf" 2267
"../../../Engine/Shaders/Private/PostProcessCompositeEditorPrimitives.usf" 2268
"../../../Engine/Shaders/Private/PostProcessCombineLUTs.usf" 2269
"../../../Engine/Shaders/Private/PostProcessVisualizeDOF.usf" 2270
"../../../Engine/Shaders/Private/PostProcessBloom.usf" 2271
"../../../Engine/Shaders/Private/PostProcessAmbientOcclusionMobile.usf" 2272
"../../../Engine/Shaders/Private/PostProcessAmbientOcclusionCommon.ush" 2273
"../../../Engine/Shaders/Private/FXAAShader.usf" 2274
"../../../Engine/Shaders/Private/Fxaa3_11.ush" 2275
"../../../Engine/Shaders/Private/DiaphragmDOF/DOFRecombine.usf" 2276
"../../../Engine/Shaders/Private/DiaphragmDOF/DOFCommon.ush" 2277
"../../../Engine/Shaders/Private/DiaphragmDOF/DOFHybridScatterPixelShader.usf" 2278
"../../../Engine/Shaders/Private/DiaphragmDOF/DOFHybridScatterCommon.ush" 2279
"../../../Engine/Shaders/Private/DiaphragmDOF/DOFHybridScatterVertexShader.usf" 2280
"../../../Engine/Shaders/Private/DiaphragmDOF/DOFPostfiltering.usf" 2281
"../../../Engine/Shaders/Private/DiaphragmDOF/DOFGatherTileSuggest.ush" 2282
"../../../Engine/Shaders/Private/DiaphragmDOF/DOFCocTileCommon.ush" 2283
"../../../Engine/Shaders/Private/DiaphragmDOF/DOFGatherPass.usf" 2284
"../../../Engine/Shaders/Private/DiaphragmDOF/DOFGatherCommon.ush" 2285
"../../../Engine/Shaders/Private/DiaphragmDOF/DOFGatherAccumulator.ush" 2286
"../../../Engine/Shaders/Private/DiaphragmDOF/DOFGatherKernel.ush" 2287
"../../../Engine/Shaders/Private/DiaphragmDOF/DOFBokehLUT.usf" 2288
"../../../Engine/Shaders/Private/DiaphragmDOF/DOFHybridScatterCompilation.usf" 2289
"../../../Engine/Shaders/Private/DiaphragmDOF/DOFReduce.usf" 2290
"../../../Engine/Shaders/Private/DiaphragmDOF/DOFDownsample.ush" 2291
"../../../Engine/Shaders/Private/DiaphragmDOF/DOFHybridScatterCompilation.ush" 2292
"../../../Engine/Shaders/Private/DiaphragmDOF/DOFDownsample.usf" 2293
"../../../Engine/Shaders/Private/DiaphragmDOF/DOFCocTileDilate.usf" 2294
"../../../Engine/Shaders/Private/DiaphragmDOF/DOFCocTileFlatten.usf" 2295
"../../../Engine/Shaders/Private/DiaphragmDOF/DOFSetup.usf" 2296
"../../../Engine/Shaders/Private/PlanarReflectionShaders.usf" 2297
"../../../Engine/Shaders/Private/PlanarReflectionShared.ush" 2298
"../../../Engine/Shaders/Private/PhysicsFieldVisualizer.usf" 2299
"../../../Engine/Shaders/Private/PathTracing/PathTracingSpatialTemporalDenoising.usf" 2300
"../../../Engine/Shaders/Private/ColorDifference.ush" 2301
"../../../Engine/Shaders/Private/PathTracing/PathTracingCompositingPixelShader.usf" 2302
"../../../Engine/Shaders/Private/PathTracing/PathTracingDefaultHitShader.usf" 2303
"../../../Engine/Shaders/Private/PathTracing/PathTracingCommon.ush" 2304
"../../../Engine/Shaders/Private/PathTracing/Material/PathTracingMaterialCommon.ush" 2305
"../../../Engine/Shaders/Private/PathTracing/PathTracingMaterialHitShader.usf" 2306
"../../../Engine/Shaders/Private/PathTracing/PathTracingShaderUtils.ush" 2307
"../../../Engine/Shaders/Private/PathTracing/Material/PathTracingThinGlass.ush" 2308
"../../../Engine/Shaders/Private/PathTracing/Material/PathTracingEnergyConservation.ush" 2309
"../../../Engine/Shaders/Private/PathTracing/PathTracingLightingMissShader.usf" 2310
"../../../Engine/Shaders/Private/PathTracing/PathTracingMissShader.usf" 2311
"../../../Engine/Shaders/Private/PathTracing/PathTracingBuildAtmosphereLUT.usf" 2312
"../../../Engine/Shaders/Private/PathTracing/Volume/PathTracingAtmosphereCommon.ush" 2313
"../../../Engine/Shaders/Private/PathTracing/PathTracingSwizzleScanlines.usf" 2314
"../../../Engine/Shaders/Private/PathTracing/PathTracingInitExtinctionCoefficient.usf" 2315
"../../../Engine/Shaders/Private/PathTracing/PathTracing.usf" 2316
"../../../Engine/Shaders/Private/PathTracing/PathTracingCore.ush" 2317
"../../../Engine/Shaders/Private/RayTracing/RayTracingDecalGrid.ush" 2318
"../../../Engine/Shaders/Private/PathTracing/Utilities/PathTracingRIS.ush" 2319
"../../../Engine/Shaders/Private/PathTracing/Light/PathTracingLightGrid.ush" 2320
"../../../Engine/Shaders/Private/PathTracing/Material/PathTracingMaterialSampling.ush" 2321
"../../../Engine/Shaders/Private/PathTracing/Material/PathTracingLambert.ush" 2322
"../../../Engine/Shaders/Private/PathTracing/Material/PathTracingSolidGlass.ush" 2323
"../../../Engine/Shaders/Private/PathTracing/Material/PathTracingDefaultLit.ush" 2324
"../../../Engine/Shaders/Private/PathTracing/Material/PathTracingClearCoat.ush" 2325
"../../../Engine/Shaders/Private/PathTracing/Material/PathTracingTwoSidedFoliage.ush" 2326
"../../../Engine/Shaders/Private/PathTracing/Material/PathTracingCloth.ush" 2327
"../../../Engine/Shaders/Private/PathTracing/Material/PathTracingSubsurfaceProfile.ush" 2328
"../../../Engine/Shaders/Private/PathTracing/Material/PathTracingEye.ush" 2329
"../../../Engine/Shaders/Private/PathTracing/Material/PathTracingHair.ush" 2330
"../../../Engine/Shaders/Private/PathTracing/Material/PathTracingMedium.ush" 2331
"../../../Engine/Shaders/Private/PathTracing/Volume/PathTracingVolume.ush" 2332
"../../../Engine/Shaders/Private/PathTracing/Volume/PathTracingVolumeCommon.ush" 2333
"../../../Engine/Shaders/Private/PathTracing/Volume/PathTracingAtmosphere.ush" 2334
"../../../Engine/Shaders/Private/DoubleWordMath.ush" 2335
"../../../Engine/Shaders/Private/PathTracing/Volume/PathTracingFog.ush" 2336
"../../../Engine/Shaders/Private/PathTracing/Volume/PathTracingVolumeSampling.ush" 2337
"../../../Engine/Shaders/Private/PathTracing/PathTracingBuildLightGrid.usf" 2338
"../../../Engine/Shaders/Private/PathTracing/PathTracingSkylightMISCompensation.usf" 2339
"../../../Engine/Shaders/Private/PathTracing/PathTracingSkylightPrepare.usf" 2340
"../../../Engine/Shaders/Private/OIT/OITSorting.usf" 2341
"../../../Engine/Shaders/Private/OITCombine.usf" 2342
"../../../Engine/Shaders/Private/OITCommon.ush" 2343
"../../../Engine/Shaders/Private/Nanite/NaniteDebugViews.usf" 2344
"../../../Engine/Shaders/Private/Nanite/NaniteDepthDecode.usf" 2345
"../../../Engine/Shaders/Private/HTileEncoding.ush" 2346
"../../../Engine/Shaders/Private/Nanite/NaniteMaterialComplexity.usf" 2347
"../../../Engine/Shaders/Private/Nanite/NaniteVisualize.usf" 2348
"../../../Engine/Shaders/Private/Nanite/NaniteStreamOut.usf" 2349
"../../../Engine/Shaders/Private/Nanite/NaniteMaterialCulling.usf" 2350
"../../../Engine/Shaders/Private/Nanite/NaniteDepthExport.usf" 2351
"../../../Engine/Shaders/Private/Nanite/NaniteExportGBuffer.usf" 2352
"../../../Engine/Shaders/Private/Nanite/NaniteRasterizer.usf" 2353
"../../../Engine/Shaders/Private/Nanite/NaniteRasterizationCommon.ush" 2354
"../../../Engine/Shaders/Private/Nanite/NaniteRasterizer.ush" 2355
"../../../Engine/Shaders/Private/Nanite/NaniteWritePixel.ush" 2356
"../../../Engine/Shaders/Private/Nanite/NaniteTessellation.ush" 2357
"../../../Engine/Shaders/Private/WorkDistribution.ush" 2358
"../../../Engine/Shaders/Private/Nanite/NaniteRasterBinning.usf" 2359
"../../../Engine/Shaders/Private/Nanite/NaniteInstanceCulling.usf" 2360
"../../../Engine/Shaders/Private/Nanite/NaniteImposter.ush" 2361
"../../../Engine/Shaders/Private/Nanite/NanitePrimitiveFilter.usf" 2362
"../../../Engine/Shaders/Private/Nanite/NaniteRasterClear.usf" 2363
"../../../Engine/Shaders/Private/Nanite/NanitePrintStats.usf" 2364
"../../../Engine/Shaders/Private/Nanite/NaniteEmitShadow.usf" 2365
"../../../Engine/Shaders/Private/MobileDeferredUtils.usf" 2366
"../../../Engine/Shaders/Private/MobileFog.usf" 2367
"../../../Engine/Shaders/Private/DistortApplyScreenPS.usf" 2368
"../../../Engine/Shaders/Private/MobileDeferredShading.usf" 2369
"../../../Engine/Shaders/Private/MobileLightingCommon.ush" 2370
"../../../Engine/Shaders/Private/MobileBasePassPixelShader.usf" 2371
"../../../Engine/Shaders/Private/MobileBasePassCommon.ush" 2372
"../../../Engine/Shaders/Private/BasePassCommon.ush" 2373
"../../../Engine/Shaders/Private/ShadingModelsMaterial.ush" 2374
"../../../Engine/Shaders/Private/ThinTranslucentCommon.ush" 2375
"../../../Engine/Shaders/Private/SingleLayerWaterShading.ush" 2376
"../../../Engine/Shaders/Private/DistortionCommon.ush" 2377
"../../../Engine/Shaders/Private/Strata/StrataMobileForwardLighting.ush" 2378
"../../../Engine/Shaders/Private/MobileBasePassVertexShader.usf" 2379
"../../../Engine/Shaders/Private/Lumen/LumenVisualizeRadianceCache.usf" 2380
"../../../Engine/Shaders/Private/Lumen/LumenRadianceCacheCommon.ush" 2381
"../../../Engine/Shaders/Private/Lumen/LumenVisualizeHardwareRayTracing.usf" 2382
"../../../Engine/Shaders/Private/Lumen/LumenCardCommon.ush" 2383
"../../../Engine/Shaders/Private/Lumen/LumenTracingCommon.ush" 2384
"../../../Engine/Shaders/Private/DistanceField/GlobalDistanceFieldUtils.ush" 2385
"../../../Engine/Shaders/Private/DistanceField/GlobalDistanceFieldObjectGrid.ush" 2386
"../../../Engine/Shaders/Private/DistanceFieldLightingShared.ush" 2387
"../../../Engine/Shaders/Private/Lumen/SurfaceCache/LumenSurfaceCacheSampling.ush" 2388
"../../../Engine/Shaders/Private/Lumen/SurfaceCache/LumenSurfaceCache.ush" 2389
"../../../Engine/Shaders/Private/Lumen/LumenVisualize.ush" 2390
"../../../Engine/Shaders/Private/Lumen/LumenHardwareRayTracingCommon.ush" 2391
"../../../Engine/Shaders/Private/Lumen/LumenHardwareRayTracingPipelineCommon.ush" 2392
"../../../Engine/Shaders/Private/Lumen/LumenHardwareRayTracingPlatformCommon.ush" 2393
"../../../Engine/Shaders/Private/Lumen/LumenHairTracing.ush" 2394
"../../../Engine/Shaders/Private/Lumen/LumenFog.ush" 2395
"../../../Engine/Shaders/Private/Lumen/LumenVisualize.usf" 2396
"../../../Engine/Shaders/Private/Lumen/LumenVisualizeTraces.ush" 2397
"../../../Engine/Shaders/Private/Lumen/LumenTranslucencyVolumeLighting.usf" 2398
"../../../Engine/Shaders/Private/Lumen/LumenRadianceCacheMarkCommon.ush" 2399
"../../../Engine/Shaders/Private/Lumen/LumenTranslucencyVolumeLightingShared.ush" 2400
"../../../Engine/Shaders/Private/Lumen/LumenScreenProbeCommon.ush" 2401
"../../../Engine/Shaders/Private/Lumen/LumenTranslucencyVolumeHardwareRayTracing.usf" 2402
"../../../Engine/Shaders/Private/Lumen/LumenTranslucencyRadianceCacheMarkShaders.usf" 2403
"../../../Engine/Shaders/Private/Lumen/SurfaceCache/LumenSurfaceCacheFeedback.usf" 2404
"../../../Engine/Shaders/Private/Lumen/SurfaceCache/LumenSurfaceCache.usf" 2405
"../../../Engine/Shaders/Private/Lumen/LumenShortRangeAOHardwareRayTracing.usf" 2406
"../../../Engine/Shaders/Private/Lumen/LumenMaterial.ush" 2407
"../../../Engine/Shaders/Private/Lumen/LumenScreenSpaceBentNormal.usf" 2408
"../../../Engine/Shaders/Private/Lumen/LumenScreenTracing.ush" 2409
"../../../Engine/Shaders/Private/Lumen/LumenScreenProbeTracing.usf" 2410
"../../../Engine/Shaders/Private/Lumen/LumenScreenProbeTracingCommon.ush" 2411
"../../../Engine/Shaders/Private/Lumen/LumenScreenProbeImportanceSampling.usf" 2412
"../../../Engine/Shaders/Private/Lumen/LumenScreenProbeImportanceSamplingShared.ush" 2413
"../../../Engine/Shaders/Private/Lumen/LumenScreenProbeHardwareRayTracing.usf" 2414
"../../../Engine/Shaders/Private/Lumen/LumenScreenProbeGather.usf" 2415
"../../../Engine/Shaders/Private/Lumen/LumenScreenSpaceBentNormal.ush" 2416
"../../../Engine/Shaders/Private/Lumen/LumenReflectionsCombine.ush" 2417
"../../../Engine/Shaders/Private/Lumen/LumenScreenProbeLightSampling.usf" 2418
"../../../Engine/Shaders/Private/Lumen/LumenScreenProbeFiltering.usf" 2419
"../../../Engine/Shaders/Private/Lumen/LumenSceneLighting.usf" 2420
"../../../Engine/Shaders/Private/Lumen/LumenCardTile.ush" 2421
"../../../Engine/Shaders/Private/Lumen/LumenSceneLighting.ush" 2422
"../../../Engine/Shaders/Private/Lumen/Radiosity/LumenRadiosity.ush" 2423
"../../../Engine/Shaders/Private/Lumen/LumenCardPixelShader.usf" 2424
"../../../Engine/Shaders/Private/Lumen/LumenCardVertexShader.usf" 2425
"../../../Engine/Shaders/Private/Lumen/LumenSceneLightingDebug.usf" 2426
"../../../Engine/Shaders/Private/Lumen/LumenSceneDirectLightingHardwareRayTracing.usf" 2427
"../../../Engine/Shaders/Private/Lumen/LumenReflectionCommon.ush" 2428
"../../../Engine/Shaders/Private/Lumen/LumenSceneDirectLighting.ush" 2429
"../../../Engine/Shaders/Private/Lumen/LumenSceneDirectLightingSoftwareRayTracing.usf" 2430
"../../../Engine/Shaders/Private/DistanceFieldShadowingShared.ush" 2431
"../../../Engine/Shaders/Private/Lumen/LumenSceneDirectLightingPerLightShadowCommon.ush" 2432
"../../../Engine/Shaders/Private/Lumen/LumenSceneDirectLightingShadowMask.usf" 2433
"../../../Engine/Shaders/Private/Lumen/LumenSceneDirectLighting.usf" 2434
"../../../Engine/Shaders/Private/Lumen/LumenSceneDirectLightingCulling.usf" 2435
"../../../Engine/Shaders/Private/Lumen/LumenReflectionTracing.usf" 2436
"../../../Engine/Shaders/Private/Lumen/LumenReflections.usf" 2437
"../../../Engine/Shaders/Private/Lumen/LumenReflectionHardwareRayTracing.usf" 2438
"../../../Engine/Shaders/Private/Lumen/Radiosity/LumenVisualizeRadiosityProbes.usf" 2439
"../../../Engine/Shaders/Private/Lumen/Radiosity/LumenRadiosity.usf" 2440
"../../../Engine/Shaders/Private/RayTracing/RayGenUtils.ush" 2441
"../../../Engine/Shaders/Private/Lumen/Radiosity/LumenRadiosityHardwareRayTracing.usf" 2442
"../../../Engine/Shaders/Private/Lumen/Radiosity/LumenRadiosityCulling.usf" 2443
"../../../Engine/Shaders/Private/Lumen/LumenRadianceCacheHardwareRayTracing.usf" 2444
"../../../Engine/Shaders/Private/Lumen/LumenRadianceCacheTracingCommon.ush" 2445
"../../../Engine/Shaders/Private/Lumen/LumenRadianceCache.usf" 2446
"../../../Engine/Shaders/Private/Lumen/LumenRadianceCacheUpdate.ush" 2447
"../../../Engine/Shaders/Private/Lumen/LumenRadianceCacheDebug.usf" 2448
"../../../Engine/Shaders/Private/Lumen/LumenRadianceCacheUpdate.usf" 2449
"../../../Engine/Shaders/Private/Lumen/LumenMeshSDFCulling.usf" 2450
"../../../Engine/Shaders/Private/HybridIndirectLighting.ush" 2451
"../../../Engine/Shaders/Private/MeshDistanceFieldCommon.ush" 2452
"../../../Engine/Shaders/Private/Lumen/LumenIrradianceFieldGather.usf" 2453
"../../../Engine/Shaders/Private/Lumen/LumenHardwareRayTracingMaterials.usf" 2454
"../../../Engine/Shaders/Private/Lumen/LumenHardwareRayTracingPipeline.usf" 2455
"../../../Engine/Shaders/Private/Lumen/LumenFrontLayerTranslucency.usf" 2456
"../../../Engine/Shaders/Private/LightShaftShader.usf" 2457
"../../../Engine/Shaders/Private/StationaryLightOverlapShaders.usf" 2458
"../../../Engine/Shaders/Private/DeferredLightPixelShaders.usf" 2459
"../../../Engine/Shaders/Private/HairStrands/HairStrandsVisibilityUtils.ush" 2460
"../../../Engine/Shaders/Private/DeferredLightVertexShaders.usf" 2461
"../../../Engine/Shaders/Private/LightMapDensityShader.usf" 2462
"../../../Engine/Shaders/Private/LightGridInjection.usf" 2463
"../../../Engine/Shaders/Private/LightFunctionPixelShader.usf" 2464
"../../../Engine/Shaders/Private/LightFunctionVertexShader.usf" 2465
"../../../Engine/Shaders/Private/InstanceCulling/BuildInstanceDrawCommands.usf" 2466
"../../../Engine/Shaders/Private/InstanceCulling/InstanceCompactionCommon.ush" 2467
"../../../Engine/Shaders/Private/InstanceCulling/CompactVisibleInstances.usf" 2468
"../../../Engine/Shaders/Private/ThreadGroupPrefixSum.ush" 2469
"../../../Engine/Shaders/Private/ReflectionEnvironmentPixelShader.usf" 2470
"../../../Engine/Shaders/Private/Strata/StrataEnvironmentLighting.ush" 2471
"../../../Engine/Shaders/Private/AmbientCubemapComposite.usf" 2472
"../../../Engine/Shaders/Private/DiffuseIndirectComposite.usf" 2473
"../../../Engine/Shaders/Private/IESAtlas.usf" 2474
"../../../Engine/Shaders/Private/HeterogeneousVolumes/HeterogeneousVolumesSparseVoxelPipeline.usf" 2475
"../../../Engine/Shaders/Private/HeterogeneousVolumes/HeterogeneousVolumesSparseVoxelUtils.ush" 2476
"../../../Engine/Shaders/Private/HeterogeneousVolumes/HeterogeneousVolumesSparseVoxelUniformBufferUtils.ush" 2477
"../../../Engine/Shaders/Private/HeterogeneousVolumes/HeterogeneousVolumesPreshadingPipeline.usf" 2478
"../../../Engine/Shaders/Private/HeterogeneousVolumes/HeterogeneousVolumesTracingUtils.ush" 2479
"../../../Engine/Shaders/Private/HeterogeneousVolumes/HeterogeneousVolumesLightingUtils.ush" 2480
"../../../Engine/Shaders/Private/HeterogeneousVolumes/HeterogeneousVolumesRayMarchingUtils.ush" 2481
"../../../Engine/Shaders/Private/HeterogeneousVolumes/HeterogeneousVolumesTransmittanceVolumeUtils.ush" 2482
"../../../Engine/Shaders/Private/HeterogeneousVolumes/HeterogeneousVolumesMaterialBakingPipeline.usf" 2483
"../../../Engine/Shaders/Private/HeterogeneousVolumes/HeterogeneousVolumesLiveShadingUtils.ush" 2484
"../../../Engine/Shaders/Private/HeterogeneousVolumes/HeterogeneousVolumesLiveShadingPipeline.usf" 2485
"../../../Engine/Shaders/Private/HeterogeneousVolumes/HeterogeneousVolumesHardwareRayTracing.usf" 2486
"../../../Engine/Shaders/Private/HeterogeneousVolumes/HeterogeneousVolumesComposite.usf" 2487
"../../../Engine/Shaders/Private/HdrCustomResolveShaders.usf" 2488
"../../../Engine/Shaders/Private/HairStrands/HairStrandsVoxelMip.usf" 2489
"../../../Engine/Shaders/Private/HairStrands/HairStrandsVoxelRasterCompute.usf" 2490
"../../../Engine/Shaders/Private/HairStrands/HairStrandsClusterCommon.ush" 2491
"../../../Engine/Shaders/Private/HairStrands/HairStrandsVoxelPageAllocation.usf" 2492
"../../../Engine/Shaders/Private/Matrices.ush" 2493
"../../../Engine/Shaders/Private/HairStrands/HairStrandsAABBCommon.ush" 2494
"../../../Engine/Shaders/Private/HairStrands/HairStrandsVoxelOpaque.usf" 2495
"../../../Engine/Shaders/Private/HairStrands/HairStrandsRaytracingGeometry.usf" 2496
"../../../Engine/Shaders/Private/HairStrands/HairStrandsHitProxy.usf" 2497
"../../../Engine/Shaders/Private/HairStrands/HairStrandsVisibilityRasterComputeNaive.usf" 2498
"../../../Engine/Shaders/Private/HairStrands/HairStrandsVisibilityRasterHW.usf" 2499
"../../../Engine/Shaders/Private/HairStrands/HairStrandsVisibilityRasterCompute.usf" 2500
"../../../Engine/Shaders/Private/HairStrands/HairStrandsVisibilityRasterClassification.usf" 2501
"../../../Engine/Shaders/Private/HairStrands/HairStrandsCoverage.usf" 2502
"../../../Engine/Shaders/Private/HairStrands/HairStrandsVisibilityDepthPS.usf" 2503
"../../../Engine/Shaders/Private/HairStrands/HairStrandsVisibilityTransmittanceDepthPS.usf" 2504
"../../../Engine/Shaders/Private/HairStrands/HairStrandsVisibilityFillOpaqueDepthPS.usf" 2505
"../../../Engine/Shaders/Private/HairStrands/HairStrandsVisibilityCompactionComputeRaster.usf" 2506
"../../../Engine/Shaders/Private/HairStrands/HairStrandsVisibilityCompaction.usf" 2507
"../../../Engine/Shaders/Private/HairStrands/HairStrandsVisibilityCopyIndirectArg.usf" 2508
"../../../Engine/Shaders/Private/HairStrands/HairStrandsVisibilityClearPS.usf" 2509
"../../../Engine/Shaders/Private/HairStrands/HairStrandsVisibilityPS.usf" 2510
"../../../Engine/Shaders/Private/HairStrands/HairStrandsVisibilityVS.usf" 2511
"../../../Engine/Shaders/Private/HairStrands/HairStrandsVelocity.usf" 2512
"../../../Engine/Shaders/Private/HairStrands/HairStrandsVisibilityComputeSampleCoverage.usf" 2513
"../../../Engine/Shaders/Private/HairStrands/HairStrandsMaterialPS.usf" 2514
"../../../Engine/Shaders/Private/HairStrands/HairStrandsMaterialCommon.ush" 2515
"../../../Engine/Shaders/Private/HairStrands/HairStrandsMaterialVS.usf" 2516
"../../../Engine/Shaders/Private/HairStrands/HairStrandsLightSample.usf" 2517
"../../../Engine/Shaders/Private/HairStrands/HairStrandsDeepShadowMask.usf" 2518
"../../../Engine/Shaders/Private/HairStrands/HairStrandsDeepShadowCommon.ush" 2519
"../../../Engine/Shaders/Private/HairStrands/HairStrandsDeepTransmittanceMask.usf" 2520
"../../../Engine/Shaders/Private/HairStrands/HairStrandsVisibilityTile.usf" 2521
"../../../Engine/Shaders/Private/HairStrands/HairStrandsDeepShadowPS.usf" 2522
"../../../Engine/Shaders/Private/HairStrands/HairStrandsDeepShadowVS.usf" 2523
"../../../Engine/Shaders/Private/HairStrands/HairStrandsLUT.usf" 2524
"../../../Engine/Shaders/Private/HairStrands/HairStrandsForwardRaster.usf" 2525
"../../../Engine/Shaders/Private/HairStrands/HairStrandsForwardCulling.usf" 2526
"../../../Engine/Shaders/Private/HairStrands/HairStrandsEnvironmentLighting.usf" 2527
"../../../Engine/Shaders/Private/HairStrands/HairStrandsDebugCommonStruct.ush" 2528
"../../../Engine/Shaders/Private/HairStrands/HairStrandsEnvironmentAO.usf" 2529
"../../../Engine/Shaders/Private/HairStrands/HairStrandsDeepShadowAllocation.usf" 2530
"../../../Engine/Shaders/Private/HairStrands/HairStrandsVoxelDepthInjection.usf" 2531
"../../../Engine/Shaders/Private/HairStrands/HairStrandsClusterCulling.usf" 2532
"../../../Engine/Shaders/Private/HairStrands/HairStrandsDebug.usf" 2533
"../../../Engine/Shaders/Private/HairStrands/HairStrandsMeshProjectionCommon.ush" 2534
"../../../Engine/Shaders/Private/HairStrands/HairStrandsVoxelPageRayMarching.usf" 2535
"../../../Engine/Shaders/Private/HairStrands/HairStrandsGBufferWrite.usf" 2536
"../../../Engine/Shaders/Private/HairStrands/HairStrandsGBufferCommon.ush" 2537
"../../../Engine/Shaders/Private/HairStrands/HairStrandsVisibilityComposeSubPixelPS.usf" 2538
"../../../Engine/Shaders/Private/HairStrands/HairStrandsAABB.usf" 2539
"../../../Engine/Shaders/Private/GPUScene/GPUSceneDataManagement.usf" 2540
"../../../Engine/Shaders/Private/GPUSceneDebugRender.usf" 2541
"../../../Engine/Shaders/Private/GPUFastFourierTransform.usf" 2542
"../../../Engine/Shaders/Private/GPUFastFourierTransform2DCore.ush" 2543
"../../../Engine/Shaders/Private/GPUFastFourierTransformCore.ush" 2544
"../../../Engine/Shaders/Private/GPUBenchmark.usf" 2545
"../../../Engine/Shaders/Private/DistanceField/GlobalDistanceFieldDebug.usf" 2546
"../../../Engine/Shaders/Private/DistanceField/GlobalDistanceFieldMip.usf" 2547
"../../../Engine/Shaders/Private/DistanceField/GlobalDistanceField.usf" 2548
"../../../Engine/Shaders/Private/DistanceField/GlobalDistanceFieldUpdate.ush" 2549
"../../../Engine/Shaders/Private/DistanceField/GlobalDistanceFieldCompositeObjects.usf" 2550
"../../../Engine/Shaders/Private/DistanceField/GlobalDistanceFieldHeightfields.usf" 2551
"../../../Engine/Shaders/Private/HeightfieldLightingShared.ush" 2552
"../../../Engine/Shaders/Private/GenerateConservativeDepth.usf" 2553
"../../../Engine/Shaders/Private/HeightFogPixelShader.usf" 2554
"../../../Engine/Shaders/Private/HeightFogVertexShader.usf" 2555
"../../../Engine/Shaders/Private/DistortFiltering.usf" 2556
"../../../Engine/Shaders/Private/DistortAccumulatePS.usf" 2557
"../../../Engine/Shaders/Private/DistortAccumulateVS.usf" 2558
"../../../Engine/Shaders/Private/DistanceFieldVisualization.usf" 2559
"../../../Engine/Shaders/Private/DistanceFieldStreaming.usf" 2560
"../../../Engine/Shaders/Private/DistanceFieldShadowing.usf" 2561
"../../../Engine/Shaders/Private/DistanceFieldScreenGridLighting.usf" 2562
"../../../Engine/Shaders/Private/DistanceFieldObjectCulling.usf" 2563
"../../../Engine/Shaders/Private/DistanceFieldLightingPost.usf" 2564
"../../../Engine/Shaders/Private/DitheredTransitionStencil.usf" 2565
"../../../Engine/Shaders/Private/DepthOnlyPixelShader.usf" 2566
"../../../Engine/Shaders/Private/DepthOnlyVertexShader.usf" 2567
"../../../Engine/Shaders/Private/PositionOnlyDepthVertexShader.usf" 2568
"../../../Engine/Shaders/Private/DeferredDecal.usf" 2569
"../../../Engine/Shaders/Private/DecalCommon.ush" 2570
"../../../Engine/Shaders/Private/DebugViewModeVertexShader.usf" 2571
"../../../Engine/Shaders/Private/DebugViewModeCommon.ush" 2572
"../../../Engine/Shaders/Private/DebugViewModePixelShader.usf" 2573
"../../../Engine/Shaders/Private/DebugProbes.usf" 2574
"../../../Engine/Shaders/Private/MeshDecals.usf" 2575
"../../../Engine/Shaders/Private/PostProcessAmbientOcclusion.usf" 2576
"../../../Engine/Shaders/Private/ClusteredDeferredShadingPixelShader.usf" 2577
"../../../Engine/Shaders/Private/ClusteredDeferredShadingVertexShader.usf" 2578
"../../../Engine/Shaders/Private/CapsuleShadowShaders.usf" 2579
"../../../Engine/Shaders/Private/BasePassPixelShader.usf" 2580
"../../../Engine/Shaders/Private/ForwardLightingCommon.ush" 2581
"../../../Engine/Shaders/Private/Strata/StrataForwardLighting.ush" 2582
"../../../Engine/Shaders/Private/ComputeShaderOutputCommon.ush" 2583
"../../../Engine/Shaders/Private/BasePassVertexShader.usf" 2584
"../../../Engine/Shaders/Private/BasePassVertexCommon.ush" 2585
"../../../Engine/Shaders/Private/AnisotropyPassShader.usf" 2586
"../../../Engine/Shaders/Private/SimpleElementVolumeTexturePreviewPixelShader.usf" 2587
"../../../Engine/Shaders/Private/SimpleElementTexture2DPreviewPixelShader.usf" 2588
"../../../Engine/Shaders/Private/meshpaintdilatepixelshader.usf" 2589
"../../../Engine/Shaders/Private/meshpaintdilatevertexshader.usf" 2590
"../../../Engine/Shaders/Private/MeshPaintPixelShader.usf" 2591
"../../../Engine/Shaders/Private/MeshPaintVertexShader.usf" 2592
"../../../Engine/Shaders/Private/Tools/VisualizeTexture.usf" 2593
"../../../Engine/Shaders/Private/ByteBuffer.usf" 2594
"../../../Engine/Shaders/Private/ResolveVertexShader.usf" 2595
"../../../Engine/Shaders/Private/ResolvePixelShader.usf" 2596
"../../../Engine/Shaders/Private/Tools/SetupIndirectArgs.usf" 2597
"../../../Engine/Shaders/Private/Tools/ClearUAV.usf" 2598
"../../../Engine/Shaders/Private/ClearReplacementShaders.usf" 2599
"../../../Engine/Shaders/Private/Tools/DrawTexture.usf" 2600
"../../../Engine/Shaders/Private/RayTracing/RayTracingValidation.usf" 2601
"../../../Engine/Shaders/Private/RenderGraphUtilities.usf" 2602
"../../../Engine/Shaders/Private/OneColorShader.usf" 2603
"../../../Engine/Shaders/Private/OculusShaders.usf" 2604
"../../../Engine/Shaders/Private/MediaShaders.usf" 2605
"../../../Engine/Shaders/Private/GPUMessaging.usf" 2606
"../../../Engine/Shaders/Private/NullPixelShader.usf" 2607
"../../../Engine/Shaders/Private/ComputeGenerateMips.usf" 2608
"../../../Engine/Shaders/Private/Tools/DumpTexture.usf" 2609
"../../../Engine/Shaders/Private/CopyTextureShaders.usf" 2610
"../../../Engine/Shaders/Private/Tools/FullscreenVertexShader.usf" 2611
"../../../Engine/Shaders/Private/RayTracing/RayTracingDispatchDesc.usf" 2612
"../../../Engine/Shaders/Private/Bink.usf" 2613
"../../../../../UnrealEngine_Project/Perpetual_Dependancy_Github/Perpetual_Dependancy/Perpetual_Dependancy/Intermediate/ShaderAutogen/PCD3D_SM5/AutogenShaderHeaders.ush" 2614
"E:/UnrealEngine_Project/Perpetual_Dependancy_Github/Perpetual_Dependancy/Perpetual_Dependancy/Content/m_test_hallu_Inst.uasset" 2615
"E:/UnrealEngine_Project/Perpetual_Dependancy_Github/Perpetual_Dependancy/Perpetual_Dependancy/Content/m_test_hallu.uasset" 2616
"E:/UnrealEngine_Project/Perpetual_Dependancy_Github/Perpetual_Dependancy/Perpetual_Dependancy/Content/OurContent/Blueprints/Bp_ReadingSheet.uasset" 2617
"E:/UnrealEngine_Project/Perpetual_Dependancy_Github/Perpetual_Dependancy/Perpetual_Dependancy/Content/OurContent/Blueprints/BP_PlayerController.uasset" 2618
"E:/UnrealEngine_Project/Perpetual_Dependancy_Github/Perpetual_Dependancy/Perpetual_Dependancy/Content/OurContent/Material/Ressource/4242_Sprite.uasset" 2619
"E:/UnrealEngine_Project/Perpetual_Dependancy_Github/Perpetual_Dependancy/Perpetual_Dependancy/Content/OurContent/Material/Ressource/5256_Sprite.uasset" 2620
"E:/UnrealEngine_Project/Perpetual_Dependancy_Github/Perpetual_Dependancy/Perpetual_Dependancy/Content/OurContent/Material/Ressource/5252_Sprite.uasset" 2621
"E:/UnrealEngine_Project/Perpetual_Dependancy_Github/Perpetual_Dependancy/Perpetual_Dependancy/Content/OurContent/Widgets/Ressources/UpArrow_Sprite.uasset" 2622
"E:/UnrealEngine_Project/Perpetual_Dependancy_Github/Perpetual_Dependancy/Perpetual_Dependancy/Content/OurContent/Widgets/Ressources/Test_FrameWork_Sprite.uasset" 2623
"E:/UnrealEngine_Project/Perpetual_Dependancy_Github/Perpetual_Dependancy/Perpetual_Dependancy/Content/OurContent/Widgets/Ressources/Test_FrameWork2_Sprite.uasset" 2624
"E:/UnrealEngine_Project/Perpetual_Dependancy_Github/Perpetual_Dependancy/Perpetual_Dependancy/Content/OurContent/Widgets/Ressources/StimuliBarBg_Sprite_0.uasset" 2625
"E:/UnrealEngine_Project/Perpetual_Dependancy_Github/Perpetual_Dependancy/Perpetual_Dependancy/Content/OurContent/Widgets/Ressources/SoundButton_Sprite.uasset" 2626
"E:/UnrealEngine_Project/Perpetual_Dependancy_Github/Perpetual_Dependancy/Perpetual_Dependancy/Content/OurContent/Widgets/Ressources/MARCHE_PUTAIN_Sprite.uasset" 2627
"E:/UnrealEngine_Project/Perpetual_Dependancy_Github/Perpetual_Dependancy/Perpetual_Dependancy/Content/OurContent/Widgets/Ressources/list_button_icon_flat_black_white_symmetric_squares_lines_sketch_6921469_Sprite.uasset" 2628
"E:/UnrealEngine_Project/Perpetual_Dependancy_Github/Perpetual_Dependancy/Perpetual_Dependancy/Content/OurContent/Widgets/Ressources/InformationSheet2_Sprite.uasset" 2629
"E:/UnrealEngine_Project/Perpetual_Dependancy_Github/Perpetual_Dependancy/Perpetual_Dependancy/Content/OurContent/Widgets/Ressources/InformationSheet1_Sprite.uasset" 2630
"E:/UnrealEngine_Project/Perpetual_Dependancy_Github/Perpetual_Dependancy/Perpetual_Dependancy/Content/OurContent/Widgets/Ressources/Flag_of_France_svg_Sprite.uasset" 2631
"E:/UnrealEngine_Project/Perpetual_Dependancy_Github/Perpetual_Dependancy/Perpetual_Dependancy/Content/OurContent/Widgets/Ressources/Flag_of_English_Sprite.uasset" 2632
"E:/UnrealEngine_Project/Perpetual_Dependancy_Github/Perpetual_Dependancy/Perpetual_Dependancy/Content/Characters/Mannequin_UE4/Rigs/RTG_UE5Manny_UE4Manny.uasset" 2633
"E:/UnrealEngine_Project/Perpetual_Dependancy_Github/Perpetual_Dependancy/Perpetual_Dependancy/Content/Characters/Mannequin_UE4/Rigs/RTG_UE4Manny_UE5Manny.uasset" 2634
"E:/UnrealEngine_Project/Perpetual_Dependancy_Github/Perpetual_Dependancy/Perpetual_Dependancy/Content/Characters/Mannequin_UE4/Rigs/IK_UE4_Mannequin.uasset" 2635
"E:/UnrealEngine_Project/Perpetual_Dependancy_Github/Perpetual_Dependancy/Perpetual_Dependancy/Content/Characters/Mannequins/Rigs/RTG_Mannequin.uasset" 2636
"E:/UnrealEngine_Project/Perpetual_Dependancy_Github/Perpetual_Dependancy/Perpetual_Dependancy/Content/Characters/Mannequins/Rigs/IK_Mannequin.uasset" 2637
"../../../Engine/Content/EditorResources/S_Actor.uasset" 2638
"C:/Users/Yannick/AppData/Local/UnrealEngine/Common/DerivedDataCache/Buckets/BulkDataList/f8/48/49e1e6c29a5d85e4f545cfea3ed9b202f33c.udd" 2639
"../../../../../UnrealEngine_Project/Perpetual_Dependancy_Github/Perpetual_Dependancy/Perpetual_Dependancy/Intermediate/ShaderAutogen/PCD3D_SM6/AutogenShaderHeaders.ush" 2640
"../../../../../UnrealEngine_Project/Perpetual_Dependancy_Github/Perpetual_Dependancy/Perpetual_Dependancy/Intermediate/ShaderAutogen/PCD3D_ES3_1/AutogenShaderHeaders.ush" 2641
"../../../Engine/Content/EditorResources/S_BoxReflectionCapture.uasset" 2642
"C:/Users/Yannick/AppData/Local/UnrealEngine/Common/DerivedDataCache/Buckets/BulkDataList/af/56/fe79c61c7de9d13cc12dadbcbdb8ddb3ca39.udd" 2643
"../../../Engine/Content/EngineResources/DefaultTexture.uasset" 2644
"C:/Users/Yannick/AppData/Local/UnrealEngine/Common/DerivedDataCache/Buckets/BulkDataList/cc/31/66a427d646b0517f97faf67e63a7e1a61326.udd" 2645
"../../../Engine/Content/EngineResources/DefaultTextureCube.uasset" 2646
"C:/Users/Yannick/AppData/Local/UnrealEngine/Common/DerivedDataCache/Buckets/BulkDataList/1f/c4/3638e2c4636aabe1f65de14777fe02b78cc2.udd" 2647
"../../../Engine/Content/EngineResources/DefaultVolumeTexture.uasset" 2648
"../../../Engine/Content/EngineResources/DefaultVolumeTexture2D.uasset" 2649
"C:/Users/Yannick/AppData/Local/UnrealEngine/Common/DerivedDataCache/Buckets/BulkDataList/3d/5c/895141b72d431e1688db29f7483fa163db19.udd" 2650
"C:/Users/Yannick/AppData/Local/UnrealEngine/Common/DerivedDataCache/Buckets/BulkDataList/99/88/62aad425f32a335752472413f1ae6070efc0.udd" 2651
"../../../Engine/Content/EngineFonts/RobotoDistanceField.uasset" 2652
"../../../Engine/Content/EngineMaterials/DefaultTextMaterialOpaque.uasset" 2653
"C:/Users/Yannick/AppData/Local/UnrealEngine/Common/DerivedDataCache/Buckets/BulkDataList/b0/40/04184846ce4f530f2c5cb49cc13a33678a4b.udd" 2654
"../../../Engine/Content/Functions/Engine_MaterialFunctions01/Shading/PowerToRoughness.uasset" 2655
"../../../Engine/Content/Functions/Engine_MaterialFunctions01/Shading/ConvertFromDiffSpec.uasset" 2656
"../../../Engine/Content/EngineMaterials/WorldGridMaterial.uasset" 2657
"../../../Engine/Content/Functions/Engine_MaterialFunctions01/Opacity/CameraDepthFade.uasset" 2658
"../../../Engine/Content/EngineMaterials/T_Default_Material_Grid_M.uasset" 2659
"../../../Engine/Content/EngineMaterials/T_Default_Material_Grid_N.uasset" 2660
"../../../Engine/Content/EngineMaterials/DefaultDeferredDecalMaterial.uasset" 2661
"../../../Engine/Content/EngineMaterials/DefaultDiffuse.uasset" 2662
"../../../Engine/Content/EngineMaterials/DefaultLightFunctionMaterial.uasset" 2663
"../../../Engine/Content/EngineMaterials/DefaultPostProcessMaterial.uasset" 2664
"../../../Engine/Content/Functions/Engine_MaterialFunctions02/Utility/BreakOutFloat2Components.uasset" 2665
"C:/Users/Yannick/AppData/Local/UnrealEngine/Common/DerivedDataCache/Buckets/BulkDataList/aa/dd/44f7781ec01717b598a55211edb8852d009d.udd" 2666
"C:/Users/Yannick/AppData/Local/UnrealEngine/Common/DerivedDataCache/Buckets/BulkDataList/2b/4d/d9f19593a039ea018d444b3000c9e8b4bc5e.udd" 2667
"C:/Users/Yannick/AppData/Local/UnrealEngine/Common/DerivedDataCache/Buckets/BulkDataList/55/af/6a827d00bb5cc1195b17f4835002dec08c46.udd" 2668
"../../../Engine/Content/EditorResources/S_Trigger.uasset" 2669
"C:/Users/Yannick/AppData/Local/UnrealEngine/Common/DerivedDataCache/Buckets/BulkDataList/f5/72/f138f053b6e8a74d4efcad199b54c49ee7cd.udd" 2670
"../../../Engine/Content/EditorResources/S_TriggerBox.uasset" 2671
"C:/Users/Yannick/AppData/Local/UnrealEngine/Common/DerivedDataCache/Buckets/BulkDataList/6f/df/60e209b3f4374d1845c2b57161bb28a1a5ee.udd" 2672
"../../../Engine/Content/EditorResources/S_TriggerCapsule.uasset" 2673
"C:/Users/Yannick/AppData/Local/UnrealEngine/Common/DerivedDataCache/Buckets/BulkDataList/34/b1/0706519e98534a24b45096901bf000e66e34.udd" 2674
"../../../Engine/Content/EditorResources/S_TriggerSphere.uasset" 2675
"C:/Users/Yannick/AppData/Local/UnrealEngine/Common/DerivedDataCache/Buckets/BulkDataList/4d/6f/216f2c6d761f8d31c7e13a03cd5ed7d995af.udd" 2676
"../../../Engine/Content/EngineDamageTypes/DmgTypeBP_Environmental.uasset" 2677
"../../../Engine/Content/EngineSky/VolumetricClouds/m_SimpleVolumetricCloud_Inst.uasset" 2678
"../../../Engine/Content/EngineSky/VolumetricClouds/m_SimpleVolumetricCloud.uasset" 2679
"../../../Engine/Content/Functions/Engine_MaterialFunctions02/Utility/MakeFloat2.uasset" 2680
"../../../Engine/Content/EngineSky/VolumetricClouds/CloudGradientTexture.uasset" 2681
"../../../Engine/Content/EngineSky/VolumetricClouds/CloudWeatherTexture.uasset" 2682
"../../../Engine/Content/EngineSky/VolumetricClouds/T_VolumeNoiseErosion32.uasset" 2683
"../../../Engine/Content/EngineSky/VolumetricClouds/T_NoiseErosion.uasset" 2684
"../../../Engine/Content/EngineSky/VolumetricClouds/T_VolumeNoiseShape64.uasset" 2685
"../../../Engine/Content/EngineSky/VolumetricClouds/T_NoiseShape64.uasset" 2686
"C:/Users/Yannick/AppData/Local/UnrealEngine/Common/DerivedDataCache/Buckets/BulkDataList/ef/dd/a30fd6cc6b264c8abc7ce53d9560befbee7f.udd" 2687
"C:/Users/Yannick/AppData/Local/UnrealEngine/Common/DerivedDataCache/Buckets/BulkDataList/50/35/845874da19f1e666bf057a0c19a984ae1a87.udd" 2688
"C:/Users/Yannick/AppData/Local/UnrealEngine/Common/DerivedDataCache/Buckets/BulkDataList/b2/a6/e1d7e12b96e5429be81be845fac1e40c4d6b.udd" 2689
"C:/Users/Yannick/AppData/Local/UnrealEngine/Common/DerivedDataCache/Buckets/BulkDataList/f1/8d/ce4cb0a8fc7792f462da5dd79961a1884c5b.udd" 2690
"C:/Users/Yannick/AppData/Local/UnrealEngine/Common/DerivedDataCache/Buckets/BulkDataList/d7/97/a846bed96767b69b389f8e295e57eabfd09a.udd" 2691
"C:/Users/Yannick/AppData/Local/UnrealEngine/Common/DerivedDataCache/Buckets/BulkDataList/b6/38/eede109723035b5ef2fa2e00f26da578064a.udd" 2692
"../../../Engine/Content/EngineMeshes/Sphere.uasset" 2693
"C:/Users/Yannick/AppData/Local/UnrealEngine/Common/DerivedDataCache/Buckets/LegacyNavCollision/1a/ea/6b0e8fab9d1212ee8db58df061bb0b14406b.udd" 2694
"../../../Engine/Content/EngineResources/WhiteSquareTexture.uasset" 2695
"../../../Engine/Content/EngineResources/GradientTexture0.uasset" 2696
"../../../Engine/Content/EngineResources/Black.uasset" 2697
"C:/Users/Yannick/AppData/Local/UnrealEngine/Common/DerivedDataCache/Buckets/BulkDataList/ed/d8/7742c8692990ee3cdf97ed92cc8a8f585f0f.udd" 2698
"C:/Users/Yannick/AppData/Local/UnrealEngine/Common/DerivedDataCache/Buckets/BulkDataList/ba/ca/9e4ccfe9703e17b88cb512692a673cc7f0fe.udd" 2699
"C:/Users/Yannick/AppData/Local/UnrealEngine/Common/DerivedDataCache/Buckets/BulkDataList/ee/8d/5fcd7477f073bd51fbd290bb04afbff33e8e.udd" 2700
"../../../Engine/Content/EngineMaterials/Widget3DPassThrough_Translucent.uasset" 2701
"../../../Engine/Content/EngineMaterials/Widget3DPassThrough.uasset" 2702
"../../../Engine/Content/EngineMaterials/Widget3DPassThrough_Translucent_OneSided.uasset" 2703
"../../../Engine/Content/EngineMaterials/Widget3DPassThrough_Opaque.uasset" 2704
"../../../Engine/Content/EngineMaterials/Widget3DPassThrough_Opaque_OneSided.uasset" 2705
"../../../Engine/Content/EngineMaterials/Widget3DPassThrough_Masked.uasset" 2706
"../../../Engine/Content/EngineMaterials/Widget3DPassThrough_Masked_OneSided.uasset" 2707
"../../../Engine/Content/VREditor/TransformGizmo/PlaneTranslationHandle.uasset" 2708
"../../../Engine/Content/VREditor/TransformGizmo/TransformGizmoMaterial.uasset" 2709
"../../../Engine/Content/VREditor/LaserPointer/VR_LaserPower_01.uasset" 2710
"../../../Engine/Content/VREditor/TransformGizmo/TranslucentTransformGizmoMaterial.uasset" 2711
"C:/Users/Yannick/AppData/Local/UnrealEngine/Common/DerivedDataCache/Buckets/BulkDataList/06/41/43711c647ab3dfd620246959da3537aa7a35.udd" 2712
"../../../Engine/Content/VREditor/TransformGizmo/BoundingBoxCorner.uasset" 2713
"../../../Engine/Content/VREditor/TransformGizmo/BoundingBoxEdge.uasset" 2714
"../../../Engine/Content/VREditor/TransformGizmo/SM_Sequencer_Node.uasset" 2715
"../../../Engine/Content/VREditor/TransformGizmo/Main.uasset" 2716
"../../../Engine/Content/VREditor/TransformGizmo/Xray.uasset" 2717
"../../../../../UnrealEngine_Project/Perpetual_Dependancy_Github/Perpetual_Dependancy/Perpetual_Dependancy/Content/Localization/Game/Game.csv" 2718
"../../../Engine/Content/EditorMeshes/Camera/SM_CraneRig_Base.uasset" 2719
"../../../Engine/Content/EditorMaterials/Camera/MI_CineMat_Rig.uasset" 2720
"../../../Engine/Content/EditorMaterials/Camera/CineMat.uasset" 2721
"../../../Engine/Content/EditorMeshes/Camera/SM_CraneRig_Arm.uasset" 2722
"../../../Engine/Content/EditorMeshes/Camera/SM_CraneRig_Mount.uasset" 2723
"../../../Engine/Content/EditorMeshes/Camera/SM_CraneRig_Body.uasset" 2724
"../../../Engine/Content/EditorMeshes/Camera/SM_RailRig_Track.uasset" 2725
"../../../Engine/Content/EditorMeshes/Camera/SM_RailRig_Mount.uasset" 2726
"../../../Engine/Content/ArtTools/RenderToTexture/Meshes/S_1_Unit_Plane.uasset" 2727
"../../../Engine/Content/EngineDebugMaterials/M_SimpleUnlitTranslucent.uasset" 2728
"../../../Engine/Content/EngineFonts/Roboto.uasset" 2729
"../../../Engine/Content/EngineFonts/Faces/DroidSansFallback.uasset" 2730
"../../../Engine/Content/EngineFonts/Faces/RobotoBold.uasset" 2731
"../../../Engine/Content/EngineFonts/Faces/RobotoBoldItalic.uasset" 2732
"../../../Engine/Content/EngineFonts/Faces/RobotoItalic.uasset" 2733
"../../../Engine/Content/EngineFonts/Faces/RobotoLight.uasset" 2734
"../../../Engine/Content/EngineFonts/Faces/RobotoRegular.uasset" 2735
"../../../Engine/Content/EditorMaterials/ParticleSystems/PSysThumbnail_NoImage.uasset" 2736
"../../../Engine/Content/EditorMaterials/ParticleSystems/PSysThumbnail_OOD.uasset" 2737
"C:/Users/Yannick/AppData/Local/UnrealEngine/Common/DerivedDataCache/Buckets/BulkDataList/3b/8d/15c2277d855729aa3a25bcc8577d8a4b31bb.udd" 2738
"C:/Users/Yannick/AppData/Local/UnrealEngine/Common/DerivedDataCache/Buckets/BulkDataList/5c/f9/efbf2f978a622f572b46f6f0c62930454450.udd" 2739
"../../../Engine/Content/EditorLandscapeResources/SplineEditorMesh.uasset" 2740
"../../../Engine/Content/EditorLandscapeResources/SplineEditorMeshMat.uasset" 2741
"../../../Engine/Content/EditorLandscapeResources/DataLayer.uasset" 2742
"../../../Engine/Content/EditorResources/S_Solver.uasset" 2743
"C:/Users/Yannick/AppData/Local/UnrealEngine/Common/DerivedDataCache/Buckets/BulkDataList/26/dc/8d934db1b7a3771de3b6824b0a89cccc4adf.udd" 2744
"../../../Engine/Content/EngineDebugMaterials/VolumeToRender.uasset" 2745
"C:/Users/Yannick/AppData/Local/UnrealEngine/Common/DerivedDataCache/Buckets/BulkDataList/35/57/bd88fef038574b8b6c288659c23c2ff016e7.udd" 2746
"../../../Engine/Content/EngineDebugMaterials/M_VolumeRenderSphereTracePP.uasset" 2747
"../../../Engine/Content/Functions/Engine_MaterialFunctions02/Utility/CameraDirectionVector.uasset" 2748
"../../../Engine/Content/Internationalization/icudt64l/coll/ucadata.icu" 2749
"../../../Engine/Content/Internationalization/icudt64l/coll/fr.res" 2750
"../../../Engine/Content/Internationalization/icudt64l/coll/root.res" 2751
"../../../Engine/Content/Animation/DefaultAnimBoneCompressionSettings.uasset" 2752
"../../../Engine/Content/Animation/DefaultRecorderBoneCompression.uasset" 2753
"../../../Engine/Content/Animation/DefaultAnimCurveCompressionSettings.uasset" 2754
"../../Plugins/Animation/ControlRig/Content/Controls/ControlRigXRayMaterial.uasset" 2755
"../../Plugins/Animation/ControlRig/Content/Controls/DefaultGizmoLibraryNormalized.uasset" 2756
"../../Plugins/Animation/ControlRig/Content/M_Manip.uasset" 2757
"../../../Engine/Content/Functions/Engine_MaterialFunctions02/WorldPositionOffset/CameraOffset.uasset" 2758
"../../Plugins/2D/Paper2D/Content/MaskedUnlitSpriteMaterial.uasset" 2759
"../../Plugins/2D/Paper2D/Content/DefaultSpriteMaterial.uasset" 2760
"../../Plugins/2D/Paper2D/Content/PlaceholderTextures/DummySpriteTexture.uasset" 2761
"C:/Users/Yannick/AppData/Local/UnrealEngine/Common/DerivedDataCache/Buckets/BulkDataList/b0/00/502b55ffe26002f2ba9a34aeb5b9a879f2c3.udd" 2762
"../../Plugins/2D/Paper2D/Content/OpaqueUnlitSpriteMaterial.uasset" 2763
"../../Plugins/2D/Paper2D/Content/DefaultPaperTerrainMaterial.uasset" 2764
"../../Plugins/2D/Paper2D/Content/DummySprite.uasset" 2765
"../../Plugins/Editor/SpeedTreeImporter/Content/SpeedTree9/SpeedTreeMaster.uasset" 2766
"../../../Engine/Content/Functions/Engine_MaterialFunctions02/ObjectLocalBounds.uasset" 2767
"../../../Engine/Content/Functions/Engine_MaterialFunctions02/SafeNormalize.uasset" 2768
"../../../Engine/Content/Functions/Engine_MaterialFunctions02/Utility/BreakOutFloat3Components.uasset" 2769
"../../../Engine/Content/Functions/Engine_MaterialFunctions02/Utility/VectorLength.uasset" 2770
"../../../Engine/Content/Functions/Engine_MaterialFunctions02/UVs/BoundingBoxBased_0-1_UVW.uasset" 2771
"../../../Engine/Content/Functions/Engine_MaterialFunctions02/WorldPositionOffset/ObjectScale.uasset" 2772
"../../Plugins/Editor/SpeedTreeImporter/Content/SpeedTree9/SpeedTreeBranchMotion.uasset" 2773
"../../Plugins/Editor/SpeedTreeImporter/Content/SpeedTree9/SpeedTreeWindMotion.uasset" 2774
"../../Plugins/Editor/SpeedTreeImporter/Content/SpeedTree9/game_wind_noise.uasset" 2775
"../../Plugins/Editor/SpeedTreeImporter/Content/SpeedTree9/UnpackDirection.uasset" 2776
"../../Plugins/Editor/SpeedTreeImporter/Content/SpeedTree9/UnpackInteger3.uasset" 2777
"../../Plugins/Editor/SpeedTreeImporter/Content/SpeedTree9/SpeedTreeCameraFacing.uasset" 2778
"../../Plugins/Editor/SpeedTreeImporter/Content/SpeedTree9/SpeedTreeWind.uasset" 2779
"../../Plugins/Editor/SpeedTreeImporter/Content/SpeedTree9/Empty.uasset" 2780
"../../Plugins/Editor/SpeedTreeImporter/Content/SpeedTree9/EmptyNormal.uasset" 2781
"C:/Users/Yannick/AppData/Local/UnrealEngine/Common/DerivedDataCache/Buckets/BulkDataList/7e/9e/f01ee3d2a05499bdb45cc9e48224cff762b4.udd" 2782
"C:/Users/Yannick/AppData/Local/UnrealEngine/Common/DerivedDataCache/Buckets/BulkDataList/5b/11/3e8a932e97de6b814c71073b1cda3aa631ca.udd" 2783
"../../Plugins/Editor/SpeedTreeImporter/Content/SpeedTree9/SpeedTreeBillboardMaster.uasset" 2784
"C:/Users/Yannick/AppData/Local/UnrealEngine/Common/DerivedDataCache/Buckets/BulkDataList/9e/fa/5779d1e7ee4a25a00e1ce1f64fde1fb555c5.udd" 2785
"../../Plugins/Editor/SpeedTreeImporter/Content/SpeedTree9/SpeedTreeBillboard.uasset" 2786
"../../Plugins/Media/MediaPlate/Content/SM_MediaPlateScreen.uasset" 2787
"E:/UnrealEngine_Project/Perpetual_Dependancy_Github/Perpetual_Dependancy/Perpetual_Dependancy/Saved/Config/WindowsEditor/ObjectMixerSerializedData.ini" 2788
"../../../Engine/Content/EngineMaterials/NaniteHiddenSectionMaterial.uasset" 2789
"../../../Engine/Content/EngineMaterials/RemoveSurfaceMaterial.uasset" 2790
"../../../Engine/Content/EngineDebugMaterials/DebugMeshMaterial.uasset" 2791
"../../../Engine/Content/EngineMaterials/EmissiveMeshMaterial.uasset" 2792
"../../../Engine/Content/EngineMaterials/DefaultWhiteGrid_Low.uasset" 2793
"C:/Users/Yannick/AppData/Local/UnrealEngine/Common/DerivedDataCache/Buckets/BulkDataList/81/af/70af42a43e2ff7ea36bf442c33b31006c32a.udd" 2794
"../../../Engine/Content/EngineMaterials/M_InvalidLightmapSettings.uasset" 2795
"../../../Engine/Content/EngineMaterials/InvalidLightmapSettings.uasset" 2796
"C:/Users/Yannick/AppData/Local/UnrealEngine/Common/DerivedDataCache/Buckets/BulkDataList/d9/cb/d53b897b0cfbe99969cf17df5d45c4f4880f.udd" 2797
"../../../Engine/Content/EngineMaterials/GizmoMaterial.uasset" 2798
"../../../Engine/Content/EngineMaterials/PhAT_JointLimitMaterial.uasset" 2799
"../../../Engine/Content/EngineMaterials/FlattenMaterial.uasset" 2800
"../../../Engine/Content/EngineMaterials/BaseFlattenDiffuseMap.uasset" 2801
"../../../Engine/Content/EngineMaterials/BaseFlattenEmissiveMap.uasset" 2802
"../../../Engine/Content/EngineMaterials/BaseFlattenGrayscaleMap.uasset" 2803
"../../../Engine/Content/EngineMaterials/BaseFlattenLinearColor.uasset" 2804
"../../../Engine/Content/EngineMaterials/BaseFlattenNormalMap.uasset" 2805
"../../../Engine/Content/Functions/Engine_MaterialFunctions02/PivotPainter2/Black_1x1_EXR_Texture.uasset" 2806
"C:/Users/Yannick/AppData/Local/UnrealEngine/Common/DerivedDataCache/Buckets/BulkDataList/73/9b/53393f27c14bbdb040d786d33fc3b9cb69ee.udd" 2807
"C:/Users/Yannick/AppData/Local/UnrealEngine/Common/DerivedDataCache/Buckets/BulkDataList/5f/78/c3d1f2e5e74cb6b4b6399b4fdf51d6ea02af.udd" 2808
"C:/Users/Yannick/AppData/Local/UnrealEngine/Common/DerivedDataCache/Buckets/BulkDataList/2a/41/610895402ef618e820391c1dbabcaf40227a.udd" 2809
"C:/Users/Yannick/AppData/Local/UnrealEngine/Common/DerivedDataCache/Buckets/BulkDataList/a0/39/969f662f0dbb3c82aed4340dae5ac5107f92.udd" 2810
"C:/Users/Yannick/AppData/Local/UnrealEngine/Common/DerivedDataCache/Buckets/BulkDataList/a9/b9/7660c768f224dd0c1ec4328c97d8987ed5f8.udd" 2811
"C:/Users/Yannick/AppData/Local/UnrealEngine/Common/DerivedDataCache/Buckets/BulkDataList/b4/7e/5362c360b799633d2dcbcdefc8d2ae1040b3.udd" 2812
"../../../Engine/Content/EngineMaterials/FlattenMaterial_VT.uasset" 2813
"../../../Engine/Content/EngineMaterials/BaseFlattenDiffuseMap_VT.uasset" 2814
"../../../Engine/Content/EngineMaterials/BaseFlattenEmissiveMap_VT.uasset" 2815
"../../../Engine/Content/EngineMaterials/BaseFlattenGrayscaleMap_VT.uasset" 2816
"../../../Engine/Content/EngineMaterials/BaseFlattenLinearColor_VT.uasset" 2817
"../../../Engine/Content/EngineMaterials/BaseFlattenNormalMap_VT.uasset" 2818
"../../../Engine/Content/EngineMaterials/Black_1x1_EXR_Texture_VT.uasset" 2819
"C:/Users/Yannick/AppData/Local/UnrealEngine/Common/DerivedDataCache/Buckets/BulkDataList/72/30/30a2b98629279849061f7052199231c2251f.udd" 2820
"C:/Users/Yannick/AppData/Local/UnrealEngine/Common/DerivedDataCache/Buckets/BulkDataList/d5/03/e8a78907fcd2b498c176bba6044a1eeba81e.udd" 2821
"C:/Users/Yannick/AppData/Local/UnrealEngine/Common/DerivedDataCache/Buckets/BulkDataList/ef/6c/c0b9e49db40f565703b1a4bb252bbaad6c83.udd" 2822
"C:/Users/Yannick/AppData/Local/UnrealEngine/Common/DerivedDataCache/Buckets/BulkDataList/00/07/9e7d72a300aba540581065e80229d2c044a2.udd" 2823
"C:/Users/Yannick/AppData/Local/UnrealEngine/Common/DerivedDataCache/Buckets/BulkDataList/75/e9/40050474857edff053190f6cd577cdd3185a.udd" 2824
"C:/Users/Yannick/AppData/Local/UnrealEngine/Common/DerivedDataCache/Buckets/BulkDataList/97/c1/b4e07394e81bf928c6525b778ed9fa4546a3.udd" 2825
"../../../Engine/Content/EngineMaterials/FlattenMaterial_WS_Normal_VT.uasset" 2826
"../../../Engine/Content/EngineMaterials/Good64x64TilingNoiseHighFreq.uasset" 2827
"C:/Users/Yannick/AppData/Local/UnrealEngine/Common/DerivedDataCache/Buckets/BulkDataList/7f/05/0c66e388c9f0d35c089d73c96e36078615b5.udd" 2828
"../../../Engine/Content/EngineMaterials/DefaultBokeh.uasset" 2829
"C:/Users/Yannick/AppData/Local/UnrealEngine/Common/DerivedDataCache/Buckets/BulkDataList/b3/c4/ba909d5672aa31c9c2a31bd85992c3d0abd5.udd" 2830
"../../../Engine/Content/EngineMaterials/PreintegratedSkinBRDF.uasset" 2831
"C:/Users/Yannick/AppData/Local/UnrealEngine/Common/DerivedDataCache/Buckets/BulkDataList/e6/b4/f39b492d3e9cd4dd982b0875b5a8676aa686.udd" 2832
"../../../Engine/Content/EngineMaterials/MiniFont.uasset" 2833
"C:/Users/Yannick/AppData/Local/UnrealEngine/Common/DerivedDataCache/Buckets/BulkDataList/92/d1/ad1a0d330a0adc3860342f9a605a76f4d787.udd" 2834
"../../../Engine/Content/EngineMaterials/WeightMapPlaceholderTexture.uasset" 2835
"C:/Users/Yannick/AppData/Local/UnrealEngine/Common/DerivedDataCache/Buckets/BulkDataList/ed/dd/7cf50df2b80d47a4df64e651502a9436c859.udd" 2836
"../../../Engine/Content/EngineMaterials/DefaultWhiteGrid.uasset" 2837
"../../../Engine/Content/EngineMaterials/DefaultPhysicalMaterial.uasset" 2838
"C:/Users/Yannick/AppData/Local/UnrealEngine/Common/DerivedDataCache/Buckets/BulkDataList/9f/dd/e0fd8bf030c6c466eb0c3c47020532a214b8.udd" 2839
"../../../Engine/Content/EngineMaterials/DefaultDestructiblePhysicalMaterial.uasset" 2840
"../../../Engine/Content/EditorLandscapeResources/DefaultAlphaTexture.uasset" 2841
"C:/Users/Yannick/AppData/Local/UnrealEngine/Common/DerivedDataCache/Buckets/BulkDataList/17/4d/7cfab5f9d8ba622f774cfc42460c5fc07180.udd" 2842
"../../../Engine/Content/EditorResources/S_Terrain.uasset" 2843
"C:/Users/Yannick/AppData/Local/UnrealEngine/Common/DerivedDataCache/Buckets/BulkDataList/c6/37/fe62761040e27ebb8da6b8c0f5177c1f1f87.udd" 2844
"../../../Engine/Content/BasicShapes/Cube.uasset" 2845
"../../../Engine/Content/BasicShapes/Sphere.uasset" 2846
"../../../Engine/Content/EngineMaterials/DefaultMaterial.uasset" 2847
"../../../Engine/Content/BasicShapes/Cylinder.uasset" 2848
"../../../Engine/Content/BasicShapes/Cone.uasset" 2849
"../../../Engine/Content/BasicShapes/Plane.uasset" 2850
"../../Plugins/Runtime/MeshModelingToolset/Content/Materials/M_DynamicMeshComponentVtxColor.uasset" 2851
"../../Plugins/FX/Niagara/Content/ParameterDefinitions/SpriteRenderer.uasset" 2852
"../../Plugins/FX/Niagara/Content/ParameterDefinitions/RibbonRenderer.uasset" 2853
"../../Plugins/FX/Niagara/Content/ParameterDefinitions/MeshRenderer.uasset" 2854
"../../Plugins/FX/Niagara/Content/ParameterDefinitions/LightRenderer.uasset" 2855
"../../Plugins/FX/Niagara/Content/ParameterDefinitions/DecalRenderer.uasset" 2856
"../../Plugins/FX/Niagara/Content/ParameterDefinitions/CoreParameters.uasset" 2857
"../../../Engine/Content/EditorResources/SequenceRecorder/Countdown.uasset" 2858
"C:/Users/Yannick/AppData/Local/UnrealEngine/Common/DerivedDataCache/Buckets/BulkDataList/44/6e/1465418815ab6cb901559d32dbe064eaeba2.udd" 2859
"../../../Engine/Content/EditorResources/SequenceRecorder/RecordingIndicator.uasset" 2860
"C:/Users/Yannick/AppData/Local/UnrealEngine/Common/DerivedDataCache/Buckets/BulkDataList/38/eb/444634f26a55be9d0ecca0eafb2a21a0bae4.udd" 2861
"../../../Engine/Content/EditorMaterials/PhAT_UnselectedMaterial.uasset" 2862
"../../../Engine/Content/EditorMaterials/PhAT_NoCollisionMaterial.uasset" 2863
"E:/UnrealEngine_Project/Perpetual_Dependancy_Github/Perpetual_Dependancy/Perpetual_Dependancy/Intermediate/ShaderAutogen/PCD3D_SM6/AutogenShaderHeaders.ush" 2864
"C:/Users/Yannick/AppData/Local/Temp/UnrealShaderWorkingDir/DCA473FE448219A4032924ACE5A6D138/2/WorkerOutputOnly.out" 2865
"C:/Users/Yannick/AppData/Local/Temp/UnrealShaderWorkingDir/DCA473FE448219A4032924ACE5A6D138/1/WorkerOutputOnly.out" 2866
"C:/Users/Yannick/AppData/Local/Temp/UnrealShaderWorkingDir/DCA473FE448219A4032924ACE5A6D138/0/WorkerOutputOnly.out" 2867
"../../../Engine/Plugins/Interchange/Runtime/Content/Pipelines/DefaultTexturePipeline.uasset" 2868
"../../../Engine/Plugins/Interchange/Runtime/Content/Pipelines/DefaultSceneLevelPipeline.uasset" 2869
"../../../Engine/Plugins/Animation/ControlRig/Content/Controls/ControlRigGizmoMaterial.uasset" 2870
"../../../Engine/Plugins/Interchange/Runtime/Content/Pipelines/DefaultMaterialPipeline.uasset" 2871
"../../../Engine/Content/EngineSounds/Master.uasset" 2872
"../../../Engine/Content/EngineMaterials/STBlueNoise_vec2_128x128x64.uasset" 2873
"../../../Engine/Plugins/Interchange/Runtime/Content/Pipelines/DefaultSceneAssetsPipeline.uasset" 2874
"../../../Engine/Content/EngineMaterials/STBlueNoise_scalar_128x128x64.uasset" 2875
"../../../Engine/Content/EngineDebugMaterials/DebugEditorMaterial.uasset" 2876
"../../../Engine/Content/EngineMaterials/DefaultBloomKernel.uasset" 2877
"../../../Engine/Content/EditorResources/BSPVertex.uasset" 2878
"E:/UnrealEngine_Project/Perpetual_Dependancy_Github/Perpetual_Dependancy/Perpetual_Dependancy/Content/OurContent/Blueprints/MyGameInstance.uasset" 2879
"../../../Engine/Plugins/Interchange/Runtime/Content/Pipelines/DefaultAssetsPipeline.uasset" 2880
"E:/UnrealEngine_Project/Perpetual_Dependancy_Github/Perpetual_Dependancy/Perpetual_Dependancy/Content/ThirdPerson/Input/Actions/IA_Move.uasset" 2881
"E:/UnrealEngine_Project/Perpetual_Dependancy_Github/Perpetual_Dependancy/Perpetual_Dependancy/Content/ThirdPerson/Input/Actions/IA_Look.uasset" 2882
"E:/UnrealEngine_Project/Perpetual_Dependancy_Github/Perpetual_Dependancy/Perpetual_Dependancy/Content/ThirdPerson/Input/IA_Enter.uasset" 2883
"E:/UnrealEngine_Project/Perpetual_Dependancy_Github/Perpetual_Dependancy/Perpetual_Dependancy/Content/ThirdPerson/Input/Actions/IA_Jump.uasset" 2884
"../../../Engine/Content/EngineResources/FilmGrains/Marcie_Grain_v3_128_M2_000.uasset" 2885
"E:/UnrealEngine_Project/Perpetual_Dependancy_Github/Perpetual_Dependancy/Perpetual_Dependancy/Content/__ExternalObjects__/ThirdPerson/Maps/ThirdPersonMap/4/VW/TY7TSUER9KKGHX2BMKSL0L.uasset" 2886
"E:/UnrealEngine_Project/Perpetual_Dependancy_Github/Perpetual_Dependancy/Perpetual_Dependancy/Content/__ExternalObjects__/ThirdPerson/Maps/ThirdPersonMap/6/TK/PIQ0B2FNWR15P52TECP27A.uasset" 2887
"E:/UnrealEngine_Project/Perpetual_Dependancy_Github/Perpetual_Dependancy/Perpetual_Dependancy/Content/StarterContent/Textures/T_Wood_Walnut_D.uasset" 2888
"E:/UnrealEngine_Project/Perpetual_Dependancy_Github/Perpetual_Dependancy/Perpetual_Dependancy/Content/StarterContent/Textures/T_Wood_Walnut_N.uasset" 2889
"E:/UnrealEngine_Project/Perpetual_Dependancy_Github/Perpetual_Dependancy/Perpetual_Dependancy/Content/StarterContent/Textures/T_Wood_Pine_N.uasset" 2890
"E:/UnrealEngine_Project/Perpetual_Dependancy_Github/Perpetual_Dependancy/Perpetual_Dependancy/Content/StarterContent/Textures/T_Wood_Oak_N.uasset" 2891
"C:/Users/Yannick/AppData/Local/UnrealEngine/Common/DerivedDataCache/Buckets/BulkDataList/8b/50/4677346a7a29fb916b0a9bf2081a1d1d97e0.udd" 2892
"C:/Users/Yannick/AppData/Local/UnrealEngine/Common/DerivedDataCache/Buckets/BulkDataList/6d/c2/d850395697795ed3feabda0a8d307e44684c.udd" 2893
"E:/UnrealEngine_Project/Perpetual_Dependancy_Github/Perpetual_Dependancy/Perpetual_Dependancy/Content/StarterContent/Textures/T_Wood_Pine_D.uasset" 2894
"C:/Users/Yannick/AppData/Local/UnrealEngine/Common/DerivedDataCache/Buckets/BulkDataList/cf/63/1e84447a008248574cc254ba41d5d5372a2d.udd" 2895
"C:/Users/Yannick/AppData/Local/UnrealEngine/Common/DerivedDataCache/Buckets/BulkDataList/dd/ab/42f964d8cb87d19abb5c5390875891063288.udd" 2896
"E:/UnrealEngine_Project/Perpetual_Dependancy_Github/Perpetual_Dependancy/Perpetual_Dependancy/Content/StarterContent/Textures/T_Wood_Floor_Walnut_D.uasset" 2897
"E:/UnrealEngine_Project/Perpetual_Dependancy_Github/Perpetual_Dependancy/Perpetual_Dependancy/Content/StarterContent/Textures/T_Wood_Floor_Walnut_N.uasset" 2898
"E:/UnrealEngine_Project/Perpetual_Dependancy_Github/Perpetual_Dependancy/Perpetual_Dependancy/Content/StarterContent/Textures/T_Wood_Oak_D.uasset" 2899
"E:/UnrealEngine_Project/Perpetual_Dependancy_Github/Perpetual_Dependancy/Perpetual_Dependancy/Content/StarterContent/Textures/T_Wood_Floor_Walnut_M.uasset" 2900
"E:/UnrealEngine_Project/Perpetual_Dependancy_Github/Perpetual_Dependancy/Perpetual_Dependancy/Content/StarterContent/Textures/T_Water_N.uasset" 2901
"E:/UnrealEngine_Project/Perpetual_Dependancy_Github/Perpetual_Dependancy/Perpetual_Dependancy/Content/StarterContent/Textures/T_Tech_Panel_N.uasset" 2902
"E:/UnrealEngine_Project/Perpetual_Dependancy_Github/Perpetual_Dependancy/Perpetual_Dependancy/Content/StarterContent/Textures/T_Water_M.uasset" 2903
"E:/UnrealEngine_Project/Perpetual_Dependancy_Github/Perpetual_Dependancy/Perpetual_Dependancy/Content/StarterContent/Textures/T_Tech_Panel_M.uasset" 2904
"E:/UnrealEngine_Project/Perpetual_Dependancy_Github/Perpetual_Dependancy/Perpetual_Dependancy/Content/StarterContent/Textures/T_Tech_Hex_Tile_N.uasset" 2905
"E:/UnrealEngine_Project/Perpetual_Dependancy_Github/Perpetual_Dependancy/Perpetual_Dependancy/Content/StarterContent/Textures/T_Tech_Hex_Tile_M.uasset" 2906
"E:/UnrealEngine_Project/Perpetual_Dependancy_Github/Perpetual_Dependancy/Perpetual_Dependancy/Content/StarterContent/Textures/T_Tech_Dot_M.uasset" 2907
"E:/UnrealEngine_Project/Perpetual_Dependancy_Github/Perpetual_Dependancy/Perpetual_Dependancy/Content/StarterContent/Textures/T_Tech_Dot_N.uasset" 2908
"E:/UnrealEngine_Project/Perpetual_Dependancy_Github/Perpetual_Dependancy/Perpetual_Dependancy/Content/StarterContent/Textures/T_TableRound_M.uasset" 2909
"E:/UnrealEngine_Project/Perpetual_Dependancy_Github/Perpetual_Dependancy/Perpetual_Dependancy/Content/StarterContent/Textures/T_TableRound_N.uasset" 2910
"E:/UnrealEngine_Project/Perpetual_Dependancy_Github/Perpetual_Dependancy/Perpetual_Dependancy/Content/StarterContent/Textures/T_Spark_Core.uasset" 2911
"E:/UnrealEngine_Project/Perpetual_Dependancy_Github/Perpetual_Dependancy/Perpetual_Dependancy/Content/StarterContent/Textures/T_Smoke_Tiled_D.uasset" 2912
"E:/UnrealEngine_Project/Perpetual_Dependancy_Github/Perpetual_Dependancy/Perpetual_Dependancy/Content/StarterContent/Textures/T_Smoke_SubUV.uasset" 2913
"E:/UnrealEngine_Project/Perpetual_Dependancy_Github/Perpetual_Dependancy/Perpetual_Dependancy/Content/StarterContent/Textures/T_Statue_N.uasset" 2914
"E:/UnrealEngine_Project/Perpetual_Dependancy_Github/Perpetual_Dependancy/Perpetual_Dependancy/Content/StarterContent/Textures/T_Statue_M.uasset" 2915
"E:/UnrealEngine_Project/Perpetual_Dependancy_Github/Perpetual_Dependancy/Perpetual_Dependancy/Content/StarterContent/Textures/T_Single_Tile_N.uasset" 2916
"E:/UnrealEngine_Project/Perpetual_Dependancy_Github/Perpetual_Dependancy/Perpetual_Dependancy/Content/StarterContent/Textures/T_Shelf_N.uasset" 2917
"../../../../../UnrealEngine_Project/Perpetual_Dependancy_Github/Perpetual_Dependancy/Perpetual_Dependancy/Content/ThirdPerson/Maps/ThirdPersonMap.umap" 2918
"../../../../../UnrealEngine_Project/Perpetual_Dependancy_Github/Perpetual_Dependancy/Perpetual_Dependancy/Content/ThirdPerson/Blueprints/BP_ThirdPersonGameMode.uasset" 2919
"../../../../../UnrealEngine_Project/Perpetual_Dependancy_Github/Perpetual_Dependancy/Perpetual_Dependancy/Content/OurContent/Blueprints/BP_PlayerController.uasset" 2920
"../../../Engine/Content/EditorBlueprintResources/StandardMacros.uasset" 2921
"../../../../../UnrealEngine_Project/Perpetual_Dependancy_Github/Perpetual_Dependancy/Perpetual_Dependancy/Content/OurContent/Blueprints/GMde_Tuto.uasset" 2922
"../../../../../UnrealEngine_Project/Perpetual_Dependancy_Github/Perpetual_Dependancy/Perpetual_Dependancy/Content/ThirdPerson/Blueprints/BP_ThirdPersonCharacter.uasset" 2923
"../../../../../UnrealEngine_Project/Perpetual_Dependancy_Github/Perpetual_Dependancy/Perpetual_Dependancy/Content/Characters/Mannequins/Animations/ABP_Quinn.uasset" 2924
"../../../../../UnrealEngine_Project/Perpetual_Dependancy_Github/Perpetual_Dependancy/Perpetual_Dependancy/Content/Characters/Mannequins/Animations/ABP_Manny.uasset" 2925
"../../../../../UnrealEngine_Project/Perpetual_Dependancy_Github/Perpetual_Dependancy/Perpetual_Dependancy/Content/Characters/Mannequins/Animations/Manny/MM_Fall_Loop.uasset" 2926
"../../../../../UnrealEngine_Project/Perpetual_Dependancy_Github/Perpetual_Dependancy/Perpetual_Dependancy/Content/Characters/Mannequins/Meshes/SK_Mannequin.uasset" 2927
"../../../../../UnrealEngine_Project/Perpetual_Dependancy_Github/Perpetual_Dependancy/Perpetual_Dependancy/Content/Characters/Mannequins/Animations/Manny/MM_Idle.uasset" 2928
"../../../../../UnrealEngine_Project/Perpetual_Dependancy_Github/Perpetual_Dependancy/Perpetual_Dependancy/Content/Characters/Mannequins/Animations/Manny/MM_Jump.uasset" 2929
"../../../../../UnrealEngine_Project/Perpetual_Dependancy_Github/Perpetual_Dependancy/Perpetual_Dependancy/Content/Characters/Mannequins/Animations/Manny/MM_Land.uasset" 2930
"../../../../../UnrealEngine_Project/Perpetual_Dependancy_Github/Perpetual_Dependancy/Perpetual_Dependancy/Content/Characters/Mannequins/Animations/Manny/BS_MM_WalkRun.uasset" 2931
"../../../../../UnrealEngine_Project/Perpetual_Dependancy_Github/Perpetual_Dependancy/Perpetual_Dependancy/Content/Characters/Mannequins/Animations/Manny/MM_Run_Fwd.uasset" 2932
"../../../../../UnrealEngine_Project/Perpetual_Dependancy_Github/Perpetual_Dependancy/Perpetual_Dependancy/Content/Characters/Mannequins/Animations/Manny/MM_Walk_Fwd.uasset" 2933
"../../../../../UnrealEngine_Project/Perpetual_Dependancy_Github/Perpetual_Dependancy/Perpetual_Dependancy/Content/Characters/Mannequins/Animations/Manny/MM_Walk_InPlace.uasset" 2934
"../../../../../UnrealEngine_Project/Perpetual_Dependancy_Github/Perpetual_Dependancy/Perpetual_Dependancy/Content/Characters/Mannequins/Rigs/CR_Mannequin_BasicFootIK.uasset" 2935
"../../Plugins/Animation/ControlRig/Content/Controls/DefaultGizmoLibrary.uasset" 2936
"../../../../../UnrealEngine_Project/Perpetual_Dependancy_Github/Perpetual_Dependancy/Perpetual_Dependancy/Content/Characters/Mannequins/Animations/Quinn/MF_Idle.uasset" 2937
"../../../../../UnrealEngine_Project/Perpetual_Dependancy_Github/Perpetual_Dependancy/Perpetual_Dependancy/Content/Characters/Mannequins/Animations/Quinn/BS_MF_Unarmed_WalkRun.uasset" 2938
"../../../../../UnrealEngine_Project/Perpetual_Dependancy_Github/Perpetual_Dependancy/Perpetual_Dependancy/Content/Characters/Mannequins/Animations/Quinn/MF_Run_Fwd.uasset" 2939
"../../../../../UnrealEngine_Project/Perpetual_Dependancy_Github/Perpetual_Dependancy/Perpetual_Dependancy/Content/Characters/Mannequins/Animations/Quinn/MF_Walk_Fwd.uasset" 2940
"../../../../../UnrealEngine_Project/Perpetual_Dependancy_Github/Perpetual_Dependancy/Perpetual_Dependancy/Content/OurContent/Blueprints/Bp_FreeCam.uasset" 2941
"../../../../../UnrealEngine_Project/Perpetual_Dependancy_Github/Perpetual_Dependancy/Perpetual_Dependancy/Content/OurContent/Blueprints/Other/S_PoisonDelay.uasset" 2942
"../../../../../UnrealEngine_Project/Perpetual_Dependancy_Github/Perpetual_Dependancy/Perpetual_Dependancy/Content/OurContent/Blueprints/Other/Enum_PoisonEffectType.uasset" 2943
"../../../../../UnrealEngine_Project/Perpetual_Dependancy_Github/Perpetual_Dependancy/Perpetual_Dependancy/Content/OurContent/Blueprints/Other/S_PoisonStats.uasset" 2944
"../../../../../UnrealEngine_Project/Perpetual_Dependancy_Github/Perpetual_Dependancy/Perpetual_Dependancy/Content/OurContent/Blueprints/LevelPrefab/BP_ParentRoom.uasset" 2945
"../../../../../UnrealEngine_Project/Perpetual_Dependancy_Github/Perpetual_Dependancy/Perpetual_Dependancy/Content/OurContent/Blueprints/BP_Antidote.uasset" 2946
"../../../../../UnrealEngine_Project/Perpetual_Dependancy_Github/Perpetual_Dependancy/Perpetual_Dependancy/Content/OurContent/Blueprints/Other/I_DisplayName.uasset" 2947
"../../../../../UnrealEngine_Project/Perpetual_Dependancy_Github/Perpetual_Dependancy/Perpetual_Dependancy/Content/OurContent/Blueprints/Other/I_Interact.uasset" 2948
"../../../../../UnrealEngine_Project/Perpetual_Dependancy_Github/Perpetual_Dependancy/Perpetual_Dependancy/Content/Game_art/Meshes/salles/salle_rectangle/1_3/plafond_rectangle_1_3.uasset" 2949
"../../../../../UnrealEngine_Project/Perpetual_Dependancy_Github/Perpetual_Dependancy/Perpetual_Dependancy/Content/Game_art/Meshes/salles/salle_rectangle/1_3/rectangle_salle_1_3.uasset" 2950
"../../../../../UnrealEngine_Project/Perpetual_Dependancy_Github/Perpetual_Dependancy/Perpetual_Dependancy/Content/Game_art/Textures/salles/salle_rectangle/1_3/rectanglte_txtest_rectangle_salle_1_3_BaseColor.uasset" 2951
"../../../../../UnrealEngine_Project/Perpetual_Dependancy_Github/Perpetual_Dependancy/Perpetual_Dependancy/Content/Game_art/Textures/salles/salle_rectangle/1_3/rectanglte_txtest_rectangle_salle_1_3_Metallic.uasset" 2952
"../../../../../UnrealEngine_Project/Perpetual_Dependancy_Github/Perpetual_Dependancy/Perpetual_Dependancy/Content/Game_art/Textures/salles/salle_rectangle/1_3/rectanglte_txtest_rectangle_salle_1_3_Normal.uasset" 2953
"../../../../../UnrealEngine_Project/Perpetual_Dependancy_Github/Perpetual_Dependancy/Perpetual_Dependancy/Content/Game_art/Textures/salles/salle_rectangle/1_3/rectanglte_txtest_rectangle_salle_1_3_Roughness.uasset" 2954
"../../../../../UnrealEngine_Project/Perpetual_Dependancy_Github/Perpetual_Dependancy/Perpetual_Dependancy/Content/Game_art/Meshes/salles/salle_rectangle/1_3/sol_rectangle_1_3.uasset" 2955
"../../../../../UnrealEngine_Project/Perpetual_Dependancy_Github/Perpetual_Dependancy/Perpetual_Dependancy/Content/Game_art/Meshes/salles/salle_rectangle/1_3/murs_rectangle_1_3.uasset" 2956
"../../../../../UnrealEngine_Project/Perpetual_Dependancy_Github/Perpetual_Dependancy/Perpetual_Dependancy/Content/OurContent/Blueprints/PoisonList/1Bp_Poison_Glasses.uasset" 2957
"../../../../../UnrealEngine_Project/Perpetual_Dependancy_Github/Perpetual_Dependancy/Perpetual_Dependancy/Content/OurContent/Widgets/Ressources/soopafre_Font.uasset" 2958
"../../../../../UnrealEngine_Project/Perpetual_Dependancy_Github/Perpetual_Dependancy/Perpetual_Dependancy/Content/Game_art/Meshes/props/props.uasset" 2959
"../../../../../UnrealEngine_Project/Perpetual_Dependancy_Github/Perpetual_Dependancy/Perpetual_Dependancy/Content/Game_art/Textures/props/props_txt_props_BaseColor.uasset" 2960
"../../../../../UnrealEngine_Project/Perpetual_Dependancy_Github/Perpetual_Dependancy/Perpetual_Dependancy/Content/Game_art/Textures/props/props_txt_props_Metallic.uasset" 2961
"../../../../../UnrealEngine_Project/Perpetual_Dependancy_Github/Perpetual_Dependancy/Perpetual_Dependancy/Content/Game_art/Textures/props/props_txt_props_Normal.uasset" 2962
"../../../../../UnrealEngine_Project/Perpetual_Dependancy_Github/Perpetual_Dependancy/Perpetual_Dependancy/Content/Game_art/Textures/props/props_txt_props_Roughness.uasset" 2963
"../../../../../UnrealEngine_Project/Perpetual_Dependancy_Github/Perpetual_Dependancy/Perpetual_Dependancy/Content/OurContent/Material/Outline/Mi_OutlinePoison.uasset" 2964
"../../../../../UnrealEngine_Project/Perpetual_Dependancy_Github/Perpetual_Dependancy/Perpetual_Dependancy/Content/OurContent/Material/Outline/M_Outline.uasset" 2965
"../../../../../UnrealEngine_Project/Perpetual_Dependancy_Github/Perpetual_Dependancy/Perpetual_Dependancy/Content/Game_art/Meshes/props/MSH_poison_poison.uasset" 2966
"../../../../../UnrealEngine_Project/Perpetual_Dependancy_Github/Perpetual_Dependancy/Perpetual_Dependancy/Content/Game_art/Meshes/props/MSH_poison_poison_open.uasset" 2967
"../../../../../UnrealEngine_Project/Perpetual_Dependancy_Github/Perpetual_Dependancy/Perpetual_Dependancy/Content/Game_art/Meshes/props/MSH_Poison_powerup.uasset" 2968
"../../../../../UnrealEngine_Project/Perpetual_Dependancy_Github/Perpetual_Dependancy/Perpetual_Dependancy/Content/OurContent/Sounds/Items/Poison_Drink_V3-A.uasset" 2969
"../../../../../UnrealEngine_Project/Perpetual_Dependancy_Github/Perpetual_Dependancy/Perpetual_Dependancy/Content/OurContent/Widgets/WG_Dialogue.uasset" 2970
"../../../../../UnrealEngine_Project/Perpetual_Dependancy_Github/Perpetual_Dependancy/Perpetual_Dependancy/Content/OurContent/Widgets/Ressources/XTypewriter-Regular_Font.uasset" 2971
"../../../../../UnrealEngine_Project/Perpetual_Dependancy_Github/Perpetual_Dependancy/Perpetual_Dependancy/Content/OurContent/Widgets/Ressources/XTypewriter-Regular.uasset" 2972
"../../../../../UnrealEngine_Project/Perpetual_Dependancy_Github/Perpetual_Dependancy/Perpetual_Dependancy/Content/OurContent/Widgets/WG_Fade.uasset" 2973
"../../../../../UnrealEngine_Project/Perpetual_Dependancy_Github/Perpetual_Dependancy/Perpetual_Dependancy/Content/OurContent/Widgets/WG_Hud.uasset" 2974
"../../../../../UnrealEngine_Project/Perpetual_Dependancy_Github/Perpetual_Dependancy/Perpetual_Dependancy/Content/OurContent/Widgets/Ressources/Key.uasset" 2975
"../../../../../UnrealEngine_Project/Perpetual_Dependancy_Github/Perpetual_Dependancy/Perpetual_Dependancy/Content/OurContent/Widgets/Ressources/StimuliBarBg.uasset" 2976
"../../../../../UnrealEngine_Project/Perpetual_Dependancy_Github/Perpetual_Dependancy/Perpetual_Dependancy/Content/OurContent/Widgets/Ressources/StimuliBartest4.uasset" 2977
"../../../../../UnrealEngine_Project/Perpetual_Dependancy_Github/Perpetual_Dependancy/Perpetual_Dependancy/Content/OurContent/Widgets/Ressources/Test_FrameWork2_Sprite.uasset" 2978
"../../../../../UnrealEngine_Project/Perpetual_Dependancy_Github/Perpetual_Dependancy/Perpetual_Dependancy/Content/OurContent/Widgets/Ressources/Test_FrameWork2.uasset" 2979
"../../../../../UnrealEngine_Project/Perpetual_Dependancy_Github/Perpetual_Dependancy/Perpetual_Dependancy/Content/OurContent/Widgets/Ressources/UpArrow_Sprite.uasset" 2980
"../../Plugins/2D/Paper2D/Content/TranslucentUnlitSpriteMaterial.uasset" 2981
"../../../../../UnrealEngine_Project/Perpetual_Dependancy_Github/Perpetual_Dependancy/Perpetual_Dependancy/Content/OurContent/Widgets/Ressources/UpArrow.uasset" 2982
"../../../../../UnrealEngine_Project/Perpetual_Dependancy_Github/Perpetual_Dependancy/Perpetual_Dependancy/Content/OurContent/Widgets/WG_PauseMenu.uasset" 2983
"../../../../../UnrealEngine_Project/Perpetual_Dependancy_Github/Perpetual_Dependancy/Perpetual_Dependancy/Content/OurContent/Widgets/Ressources/soopafre_Font1.uasset" 2984
"../../../../../UnrealEngine_Project/Perpetual_Dependancy_Github/Perpetual_Dependancy/Perpetual_Dependancy/Content/OurContent/Widgets/Ressources/soopafre.uasset" 2985
"../../../../../UnrealEngine_Project/Perpetual_Dependancy_Github/Perpetual_Dependancy/Perpetual_Dependancy/Content/OurContent/Widgets/WG_ReadingSheet.uasset" 2986
"../../../../../UnrealEngine_Project/Perpetual_Dependancy_Github/Perpetual_Dependancy/Perpetual_Dependancy/Content/OurContent/Widgets/Ressources/XTypewriter-Bold_Font.uasset" 2987
"../../../../../UnrealEngine_Project/Perpetual_Dependancy_Github/Perpetual_Dependancy/Perpetual_Dependancy/Content/OurContent/Widgets/Ressources/XTypewriter-Bold.uasset" 2988
"../../../Engine/Content/EngineMaterials/PaperDiffuse.uasset" 2989
"../../../../../UnrealEngine_Project/Perpetual_Dependancy_Github/Perpetual_Dependancy/Perpetual_Dependancy/Content/OurContent/Sounds/MenuSound/UI_Paper_01.uasset" 2990
"../../../../../UnrealEngine_Project/Perpetual_Dependancy_Github/Perpetual_Dependancy/Perpetual_Dependancy/Content/OurContent/Sounds/NormalizedSound/10_-_Boucle_2_-_father_V1-23LUFS_Cue.uasset" 2991
"../../../../../UnrealEngine_Project/Perpetual_Dependancy_Github/Perpetual_Dependancy/Perpetual_Dependancy/Content/OurContent/Sounds/NormalizedSound/10_-_Boucle_2_-_father_V1-23LUFS.uasset" 2992
"../../../../../UnrealEngine_Project/Perpetual_Dependancy_Github/Perpetual_Dependancy/Perpetual_Dependancy/Content/OurContent/Sounds/SFX_Vo.uasset" 2993
"../../../../../UnrealEngine_Project/Perpetual_Dependancy_Github/Perpetual_Dependancy/Perpetual_Dependancy/Content/OurContent/Sounds/NormalizedSound/10_-_Boucle_2_-_friend_V1-23LUFS_Cue.uasset" 2994
"../../../../../UnrealEngine_Project/Perpetual_Dependancy_Github/Perpetual_Dependancy/Perpetual_Dependancy/Content/OurContent/Sounds/NormalizedSound/10_-_Boucle_2_-_friend_V1-23LUFS.uasset" 2995
"../../../../../UnrealEngine_Project/Perpetual_Dependancy_Github/Perpetual_Dependancy/Perpetual_Dependancy/Content/OurContent/Sounds/NormalizedSound/10_-_Boucle_2_-_Girlfriend_V1-23LUFS_Cue.uasset" 2996
"../../../../../UnrealEngine_Project/Perpetual_Dependancy_Github/Perpetual_Dependancy/Perpetual_Dependancy/Content/OurContent/Sounds/NormalizedSound/10_-_Boucle_2_-_Girlfriend_V1-23LUFS.uasset" 2997
"../../../../../UnrealEngine_Project/Perpetual_Dependancy_Github/Perpetual_Dependancy/Perpetual_Dependancy/Content/OurContent/Widgets/Ressources/InformationSheet1_Sprite.uasset" 2998
"../../../../../UnrealEngine_Project/Perpetual_Dependancy_Github/Perpetual_Dependancy/Perpetual_Dependancy/Content/OurContent/Widgets/Ressources/InformationSheet1.uasset" 2999
"../../../../../UnrealEngine_Project/Perpetual_Dependancy_Github/Perpetual_Dependancy/Perpetual_Dependancy/Content/OurContent/Widgets/Ressources/InformationSheet2_Sprite.uasset" 3000
"../../../../../UnrealEngine_Project/Perpetual_Dependancy_Github/Perpetual_Dependancy/Perpetual_Dependancy/Content/OurContent/Widgets/Ressources/InformationSheet2.uasset" 3001
"../../../../../UnrealEngine_Project/Perpetual_Dependancy_Github/Perpetual_Dependancy/Perpetual_Dependancy/Content/OurContent/Widgets/Ressources/StimuliBar.uasset" 3002
"../../../../../UnrealEngine_Project/Perpetual_Dependancy_Github/Perpetual_Dependancy/Perpetual_Dependancy/Content/OurContent/Widgets/WG_Tuto.uasset" 3003
"../../../../../UnrealEngine_Project/Perpetual_Dependancy_Github/Perpetual_Dependancy/Perpetual_Dependancy/Content/OurContent/Blueprints/BP_InvisibleDoor.uasset" 3004
"../../../../../UnrealEngine_Project/Perpetual_Dependancy_Github/Perpetual_Dependancy/Perpetual_Dependancy/Content/OurContent/Blueprints/BP_Door.uasset" 3005
"../../../../../UnrealEngine_Project/Perpetual_Dependancy_Github/Perpetual_Dependancy/Perpetual_Dependancy/Content/OurContent/Blueprints/Room_Manager.uasset" 3006
"../../../../../UnrealEngine_Project/Perpetual_Dependancy_Github/Perpetual_Dependancy/Perpetual_Dependancy/Content/OurContent/Blueprints/BP_LightManager.uasset" 3007
"../../../../../UnrealEngine_Project/Perpetual_Dependancy_Github/Perpetual_Dependancy/Perpetual_Dependancy/Content/OurContent/Blueprints/Archive/BP_Room.uasset" 3008
"../../../../../UnrealEngine_Project/Perpetual_Dependancy_Github/Perpetual_Dependancy/Perpetual_Dependancy/Content/OurContent/Blueprints/BP_Checkpoint.uasset" 3009
"../../../../../UnrealEngine_Project/Perpetual_Dependancy_Github/Perpetual_Dependancy/Perpetual_Dependancy/Content/OurContent/Blueprints/Other/S_LightArray.uasset" 3010
"../../../../../UnrealEngine_Project/Perpetual_Dependancy_Github/Perpetual_Dependancy/Perpetual_Dependancy/Content/Game_art/Meshes/props/MSH_Door.uasset" 3011
"../../../../../UnrealEngine_Project/Perpetual_Dependancy_Github/Perpetual_Dependancy/Perpetual_Dependancy/Content/OurContent/Blueprints/BP_InvisiblePlateforme.uasset" 3012
"../../../../../UnrealEngine_Project/Perpetual_Dependancy_Github/Perpetual_Dependancy/Perpetual_Dependancy/Content/OurContent/Material/M_Alpha0.uasset" 3013
"../../../../../UnrealEngine_Project/Perpetual_Dependancy_Github/Perpetual_Dependancy/Perpetual_Dependancy/Content/StarterContent/Materials/M_Basic_Wall.uasset" 3014
"../../../../../UnrealEngine_Project/Perpetual_Dependancy_Github/Perpetual_Dependancy/Perpetual_Dependancy/Content/Game_art/Meshes/props/MSH_Platform.uasset" 3015
"../../../../../UnrealEngine_Project/Perpetual_Dependancy_Github/Perpetual_Dependancy/Perpetual_Dependancy/Content/OurContent/Widgets/WG_Blind.uasset" 3016
"../../../../../UnrealEngine_Project/Perpetual_Dependancy_Github/Perpetual_Dependancy/Perpetual_Dependancy/Content/OurContent/Widgets/Ressources/VisionBlurEffect.uasset" 3017
"../../../../../UnrealEngine_Project/Perpetual_Dependancy_Github/Perpetual_Dependancy/Perpetual_Dependancy/Content/Game_art/Meshes/props/Door_Antidote.uasset" 3018
"../../../../../UnrealEngine_Project/Perpetual_Dependancy_Github/Perpetual_Dependancy/Perpetual_Dependancy/Content/Game_art/Textures/props/Door/Door_txt_props_BaseColor_Antidote.uasset" 3019
"../../../../../UnrealEngine_Project/Perpetual_Dependancy_Github/Perpetual_Dependancy/Perpetual_Dependancy/Content/OurContent/Sounds/Environnement/Door_Locked_-_01_Cue.uasset" 3020
"../../../../../UnrealEngine_Project/Perpetual_Dependancy_Github/Perpetual_Dependancy/Perpetual_Dependancy/Content/OurContent/Sounds/Environnement/Door_Locked_-_01.uasset" 3021
"../../../../../UnrealEngine_Project/Perpetual_Dependancy_Github/Perpetual_Dependancy/Perpetual_Dependancy/Content/OurContent/Sounds/SFX_Effect.uasset" 3022
"../../../Engine/Content/EditorMeshes/EditorCube.uasset" 3023
"../../../../../UnrealEngine_Project/Perpetual_Dependancy_Github/Perpetual_Dependancy/Perpetual_Dependancy/Content/Game_art/Meshes/props/MSH_Platform_high.uasset" 3024
"../../../../../UnrealEngine_Project/Perpetual_Dependancy_Github/Perpetual_Dependancy/Perpetual_Dependancy/Content/OurContent/Sounds/Environnement/Checkpoint_01.uasset" 3025
"../../../../../UnrealEngine_Project/Perpetual_Dependancy_Github/Perpetual_Dependancy/Perpetual_Dependancy/Content/OurContent/Sounds/Environnement/Checkpoint_01_Cue.uasset" 3026
"../../../../../UnrealEngine_Project/Perpetual_Dependancy_Github/Perpetual_Dependancy/Perpetual_Dependancy/Content/OurContent/Sounds/Environnement/Checkpoint_02_Cue.uasset" 3027
"../../../../../UnrealEngine_Project/Perpetual_Dependancy_Github/Perpetual_Dependancy/Perpetual_Dependancy/Content/OurContent/Sounds/Environnement/Checkpoint_02.uasset" 3028
"../../../../../UnrealEngine_Project/Perpetual_Dependancy_Github/Perpetual_Dependancy/Perpetual_Dependancy/Content/OurContent/Sounds/Environnement/Checkpoint_03_Cue.uasset" 3029
"../../../../../UnrealEngine_Project/Perpetual_Dependancy_Github/Perpetual_Dependancy/Perpetual_Dependancy/Content/OurContent/Sounds/Environnement/Checkpoint_03.uasset" 3030
"../../../../../UnrealEngine_Project/Perpetual_Dependancy_Github/Perpetual_Dependancy/Perpetual_Dependancy/Content/OurContent/Blueprints/Other/DT_SetupRoom.uasset" 3031
"../../../../../UnrealEngine_Project/Perpetual_Dependancy_Github/Perpetual_Dependancy/Perpetual_Dependancy/Content/OurContent/Blueprints/Other/S_SetupRoom.uasset" 3032
"../../../../../UnrealEngine_Project/Perpetual_Dependancy_Github/Perpetual_Dependancy/Perpetual_Dependancy/Content/Game_art/Meshes/props/MSH_popo_antidote_closed.uasset" 3033
"../../../../../UnrealEngine_Project/Perpetual_Dependancy_Github/Perpetual_Dependancy/Perpetual_Dependancy/Content/Game_art/Meshes/props/popo_antidote.uasset" 3034
"../../../../../UnrealEngine_Project/Perpetual_Dependancy_Github/Perpetual_Dependancy/Perpetual_Dependancy/Content/Game_art/Textures/props/antidote/MSH_popo_antidote_standardSurface1_BaseColor.uasset" 3035
"../../../../../UnrealEngine_Project/Perpetual_Dependancy_Github/Perpetual_Dependancy/Perpetual_Dependancy/Content/Game_art/Textures/props/antidote/MSH_popo_antidote_standardSurface1_Emissive.uasset" 3036
"../../../../../UnrealEngine_Project/Perpetual_Dependancy_Github/Perpetual_Dependancy/Perpetual_Dependancy/Content/Game_art/Textures/props/antidote/MSH_popo_antidote_standardSurface1_Metallic.uasset" 3037
"../../../../../UnrealEngine_Project/Perpetual_Dependancy_Github/Perpetual_Dependancy/Perpetual_Dependancy/Content/Game_art/Textures/props/antidote/MSH_popo_antidote_standardSurface1_Normal.uasset" 3038
"../../../../../UnrealEngine_Project/Perpetual_Dependancy_Github/Perpetual_Dependancy/Perpetual_Dependancy/Content/Game_art/Textures/props/antidote/MSH_popo_antidote_standardSurface1_Roughness.uasset" 3039
"../../../../../UnrealEngine_Project/Perpetual_Dependancy_Github/Perpetual_Dependancy/Perpetual_Dependancy/Content/OurContent/Blueprints/BP_Key.uasset" 3040
"../../../../../UnrealEngine_Project/Perpetual_Dependancy_Github/Perpetual_Dependancy/Perpetual_Dependancy/Content/Game_art/Meshes/props/MSH_Key.uasset" 3041
"../../../../../UnrealEngine_Project/Perpetual_Dependancy_Github/Perpetual_Dependancy/Perpetual_Dependancy/Content/OurContent/Sounds/Items/Item_Key_Grab_-_01_Cue.uasset" 3042
"../../../../../UnrealEngine_Project/Perpetual_Dependancy_Github/Perpetual_Dependancy/Perpetual_Dependancy/Content/OurContent/Sounds/Items/Item_Key_Grab_-_01.uasset" 3043
"../../../../../UnrealEngine_Project/Perpetual_Dependancy_Github/Perpetual_Dependancy/Perpetual_Dependancy/Content/StarterContent/Particles/P_Sparks1.uasset" 3044
"../../../../../UnrealEngine_Project/Perpetual_Dependancy_Github/Perpetual_Dependancy/Perpetual_Dependancy/Content/StarterContent/Particles/Materials/M_Radial_Gradient.uasset" 3045
"../../../Engine/Content/Functions/Engine_MaterialFunctions01/Gradient/RadialGradient.uasset" 3046
"../../../../../UnrealEngine_Project/Perpetual_Dependancy_Github/Perpetual_Dependancy/Perpetual_Dependancy/Content/StarterContent/Particles/Materials/M_smoke_subUV.uasset" 3047
"../../../../../UnrealEngine_Project/Perpetual_Dependancy_Github/Perpetual_Dependancy/Perpetual_Dependancy/Content/StarterContent/Textures/T_Smoke_SubUV.uasset" 3048
"../../../../../UnrealEngine_Project/Perpetual_Dependancy_Github/Perpetual_Dependancy/Perpetual_Dependancy/Content/StarterContent/Textures/T_Smoke_Tiled_D.uasset" 3049
"../../../../../UnrealEngine_Project/Perpetual_Dependancy_Github/Perpetual_Dependancy/Perpetual_Dependancy/Content/StarterContent/Particles/Materials/M_Spark.uasset" 3050
"../../../../../UnrealEngine_Project/Perpetual_Dependancy_Github/Perpetual_Dependancy/Perpetual_Dependancy/Content/StarterContent/Textures/T_Spark_Core.uasset" 3051
"../../../../../UnrealEngine_Project/Perpetual_Dependancy_Github/Perpetual_Dependancy/Perpetual_Dependancy/Content/OurContent/Blueprints/BP_Spawner.uasset" 3052
"../../../../../UnrealEngine_Project/Perpetual_Dependancy_Github/Perpetual_Dependancy/Perpetual_Dependancy/Content/OurContent/Blueprints/PoisonList/BP_Moonwalk.uasset" 3053
"../../../../../UnrealEngine_Project/Perpetual_Dependancy_Github/Perpetual_Dependancy/Perpetual_Dependancy/Content/Game_art/Meshes/props/MSH_Poison_Positive.uasset" 3054
"../../../../../UnrealEngine_Project/Perpetual_Dependancy_Github/Perpetual_Dependancy/Perpetual_Dependancy/Content/Game_art/Meshes/props/MSH_Poison_Positive_open.uasset" 3055
"../../../../../UnrealEngine_Project/Perpetual_Dependancy_Github/Perpetual_Dependancy/Perpetual_Dependancy/Content/OurContent/Sounds/Items/Moon_Juice_V2_-_01_Cue.uasset" 3056
"../../../../../UnrealEngine_Project/Perpetual_Dependancy_Github/Perpetual_Dependancy/Perpetual_Dependancy/Content/OurContent/Sounds/Items/Moon_Juice_V2_-_01.uasset" 3057
"../../../../../UnrealEngine_Project/Perpetual_Dependancy_Github/Perpetual_Dependancy/Perpetual_Dependancy/Content/Game_art/Meshes/props/st_e1.uasset" 3058
"../../../../../UnrealEngine_Project/Perpetual_Dependancy_Github/Perpetual_Dependancy/Perpetual_Dependancy/Content/Game_art/Textures/props/stele/MSH_Stele_st?le1_BaseColor.uasset" 3059
"../../../../../UnrealEngine_Project/Perpetual_Dependancy_Github/Perpetual_Dependancy/Perpetual_Dependancy/Content/Game_art/Textures/props/stele/MSH_Stele_st?le1_Metallic.uasset" 3060
"../../../../../UnrealEngine_Project/Perpetual_Dependancy_Github/Perpetual_Dependancy/Perpetual_Dependancy/Content/Game_art/Textures/props/stele/MSH_Stele_st?le1_Normal.uasset" 3061
"../../../../../UnrealEngine_Project/Perpetual_Dependancy_Github/Perpetual_Dependancy/Perpetual_Dependancy/Content/Game_art/Textures/props/stele/MSH_Stele_st?le1_Roughness.uasset" 3062
"../../../../../UnrealEngine_Project/Perpetual_Dependancy_Github/Perpetual_Dependancy/Perpetual_Dependancy/Content/Game_art/Meshes/props/MSH_Stele.uasset" 3063
"../../../../../UnrealEngine_Project/Perpetual_Dependancy_Github/Perpetual_Dependancy/Perpetual_Dependancy/Content/OurContent/Blueprints/NarrativeObjects/BP_Object_Event_Cardioscope.uasset" 3064
"../../../../../UnrealEngine_Project/Perpetual_Dependancy_Github/Perpetual_Dependancy/Perpetual_Dependancy/Content/OurContent/Blueprints/NarrativeObjects/0_BP_ObjectEvent_Parent.uasset" 3065
"../../../Engine/Content/VREditor/BasicMeshes/MI_Cube_01.uasset" 3066
"../../../Engine/Content/VREditor/BasicMeshes/M_Floor_01.uasset" 3067
"../../../Engine/Content/VREditor/BasicMeshes/T_CleanFloorGrunge_01_D.uasset" 3068
"../../../../../UnrealEngine_Project/Perpetual_Dependancy_Github/Perpetual_Dependancy/Perpetual_Dependancy/Content/Game_art/Post_process/hallu/Hallucination_Inst_3.uasset" 3069
"../../../../../UnrealEngine_Project/Perpetual_Dependancy_Github/Perpetual_Dependancy/Perpetual_Dependancy/Content/Game_art/Post_process/hallu/Hallucination.uasset" 3070
"../../../Engine/Content/Functions/Engine_MaterialFunctions02/Utility/MakeFloat3.uasset" 3071
"../../../../../UnrealEngine_Project/Perpetual_Dependancy_Github/Perpetual_Dependancy/Perpetual_Dependancy/Content/OurContent/Material/GlitchEffect/MI_Hologramme_EffectClassic.uasset" 3072
"../../../../../UnrealEngine_Project/Perpetual_Dependancy_Github/Perpetual_Dependancy/Perpetual_Dependancy/Content/OurContent/Material/GlitchEffect/M_GlitchEffect.uasset" 3073
"../../../Engine/Content/Functions/Engine_MaterialFunctions01/Gradient/LinearGradient.uasset" 3074
"../../../Engine/Content/Functions/Engine_MaterialFunctions02/Texturing/ScreenAlignedUVs.uasset" 3075
"../../../Engine/Content/Functions/Engine_MaterialFunctions01/Texturing/ScaleUVsByCenter.uasset" 3076
"../../../Engine/Content/Functions/Engine_MaterialFunctions02/ScreenResolution.uasset" 3077
"../../../Engine/Content/Functions/Engine_MaterialFunctions02/Utility/DitherTemporalAA.uasset" 3078
"../../../Engine/Content/Functions/Engine_MaterialFunctions02/Texturing/ScreenAlignedPixelToPixelUVs.uasset" 3079
"../../../../../UnrealEngine_Project/Perpetual_Dependancy_Github/Perpetual_Dependancy/Perpetual_Dependancy/Content/OurContent/Material/M_Alpha0_Inst.uasset" 3080
"../../../../../UnrealEngine_Project/Perpetual_Dependancy_Github/Perpetual_Dependancy/Perpetual_Dependancy/Content/OurContent/Sounds/Items/SFX_Object_Disappear_01_Cue.uasset" 3081
"../../../../../UnrealEngine_Project/Perpetual_Dependancy_Github/Perpetual_Dependancy/Perpetual_Dependancy/Content/OurContent/Sounds/Items/SFX_Object_Disappear_01.uasset" 3082
"../../../../../UnrealEngine_Project/Perpetual_Dependancy_Github/Perpetual_Dependancy/Perpetual_Dependancy/Content/Game_art/Final_newprops/newprops_mat_Inst.uasset" 3083
"../../../../../UnrealEngine_Project/Perpetual_Dependancy_Github/Perpetual_Dependancy/Perpetual_Dependancy/Content/Game_art/Final_newprops/newprops_mat.uasset" 3084
"../../../../../UnrealEngine_Project/Perpetual_Dependancy_Github/Perpetual_Dependancy/Perpetual_Dependancy/Content/Game_art/Final_newprops/txt/NewProps_basecolor.uasset" 3085
"../../../../../UnrealEngine_Project/Perpetual_Dependancy_Github/Perpetual_Dependancy/Perpetual_Dependancy/Content/Game_art/Final_newprops/txt/NewProps_emmisive.uasset" 3086
"../../../../../UnrealEngine_Project/Perpetual_Dependancy_Github/Perpetual_Dependancy/Perpetual_Dependancy/Content/Game_art/Final_newprops/txt/NewProps_metallic.uasset" 3087
"../../../../../UnrealEngine_Project/Perpetual_Dependancy_Github/Perpetual_Dependancy/Perpetual_Dependancy/Content/Game_art/Final_newprops/txt/NewProps_normal.uasset" 3088
"../../../../../UnrealEngine_Project/Perpetual_Dependancy_Github/Perpetual_Dependancy/Perpetual_Dependancy/Content/Game_art/Final_newprops/txt/NewProps_roughness.uasset" 3089
"../../../../../UnrealEngine_Project/Perpetual_Dependancy_Github/Perpetual_Dependancy/Perpetual_Dependancy/Content/OurContent/Material/GlitchEffect/MI_Hologramme_Effect1.uasset" 3090
"../../../../../UnrealEngine_Project/Perpetual_Dependancy_Github/Perpetual_Dependancy/Perpetual_Dependancy/Content/Game_art/Final_newprops/MSH_cardioscope.uasset" 3091
"../../../../../UnrealEngine_Project/Perpetual_Dependancy_Github/Perpetual_Dependancy/Perpetual_Dependancy/Content/OurContent/Blueprints/LevelPrefab/Room10.uasset" 3092
"../../../../../UnrealEngine_Project/Perpetual_Dependancy_Github/Perpetual_Dependancy/Perpetual_Dependancy/Content/OurContent/Blueprints/Bp_ReadingSheet.uasset" 3093
"../../../Engine/Content/BasicShapes/BasicShapeMaterial.uasset" 3094
"../../../../../UnrealEngine_Project/Perpetual_Dependancy_Github/Perpetual_Dependancy/Perpetual_Dependancy/Content/OurContent/Widgets/Ressources/MARCHE_PUTAIN_Sprite.uasset" 3095
"../../../../../UnrealEngine_Project/Perpetual_Dependancy_Github/Perpetual_Dependancy/Perpetual_Dependancy/Content/OurContent/Widgets/Ressources/MARCHE_PUTAIN.uasset" 3096
"../../../../../UnrealEngine_Project/Perpetual_Dependancy_Github/Perpetual_Dependancy/Perpetual_Dependancy/Content/OurContent/Blueprints/NarrativeObjects/BP_Object_Event_police_siren.uasset" 3097
"../../../../../UnrealEngine_Project/Perpetual_Dependancy_Github/Perpetual_Dependancy/Perpetual_Dependancy/Content/OurContent/Material/GlitchEffect/MI_Hologramme_Effect2.uasset" 3098
"../../../../../UnrealEngine_Project/Perpetual_Dependancy_Github/Perpetual_Dependancy/Perpetual_Dependancy/Content/Game_art/Final_newprops/MSH_police_siren.uasset" 3099
"../../../../../UnrealEngine_Project/Perpetual_Dependancy_Github/Perpetual_Dependancy/Perpetual_Dependancy/Content/OurContent/Sounds/Hallucinations/SE_Court/Hallu_02_Police.uasset" 3100
"../../../../../UnrealEngine_Project/Perpetual_Dependancy_Github/Perpetual_Dependancy/Perpetual_Dependancy/Content/OurContent/Blueprints/PoisonList/BP_ArtTraining.uasset" 3101
"../../../../../UnrealEngine_Project/Perpetual_Dependancy_Github/Perpetual_Dependancy/Perpetual_Dependancy/Content/Game_art/Meshes/props/MSH_Poison_powerup_open.uasset" 3102
"../../../../../UnrealEngine_Project/Perpetual_Dependancy_Github/Perpetual_Dependancy/Perpetual_Dependancy/Content/Game_art/Meshes/salles/salle_rectangle/2_3/murs_rectangle_2_3_murs_rectangles.uasset" 3103
"../../../../../UnrealEngine_Project/Perpetual_Dependancy_Github/Perpetual_Dependancy/Perpetual_Dependancy/Content/Game_art/Meshes/salles/salle_rectangle/2_3/rectangle_salle_2_3.uasset" 3104
"../../../../../UnrealEngine_Project/Perpetual_Dependancy_Github/Perpetual_Dependancy/Perpetual_Dependancy/Content/Game_art/Textures/salles/salle_rectangle/2_3/rectanglte_txtest_rectangle_salle_2_3_BaseColor.uasset" 3105
"../../../../../UnrealEngine_Project/Perpetual_Dependancy_Github/Perpetual_Dependancy/Perpetual_Dependancy/Content/Game_art/Textures/salles/salle_rectangle/2_3/rectanglte_txtest_rectangle_salle_2_3_Metallic.uasset" 3106
"../../../../../UnrealEngine_Project/Perpetual_Dependancy_Github/Perpetual_Dependancy/Perpetual_Dependancy/Content/Game_art/Textures/salles/salle_rectangle/2_3/rectanglte_txtest_rectangle_salle_2_3_Normal.uasset" 3107
"../../../../../UnrealEngine_Project/Perpetual_Dependancy_Github/Perpetual_Dependancy/Perpetual_Dependancy/Content/Game_art/Textures/salles/salle_rectangle/2_3/rectanglte_txtest_rectangle_salle_2_3_Roughness.uasset" 3108
"../../../../../UnrealEngine_Project/Perpetual_Dependancy_Github/Perpetual_Dependancy/Perpetual_Dependancy/Content/Game_art/Meshes/salles/salle_rectangle/2_3/plafond_rectangle_2_3_plafond_rectangle.uasset" 3109
"../../../../../UnrealEngine_Project/Perpetual_Dependancy_Github/Perpetual_Dependancy/Perpetual_Dependancy/Content/Game_art/Meshes/salles/salle_rectangle/2_3/sol_rectangle_2_3_sol_rectangle.uasset" 3110
"../../../../../UnrealEngine_Project/Perpetual_Dependancy_Github/Perpetual_Dependancy/Perpetual_Dependancy/Content/OurContent/Blueprints/PoisonList/BP_CravingShit.uasset" 3111
"../../../../../UnrealEngine_Project/Perpetual_Dependancy_Github/Perpetual_Dependancy/Perpetual_Dependancy/Content/OurContent/Sounds/Items/Poison_Drink_V3-Hard.uasset" 3112
"../../../../../UnrealEngine_Project/Perpetual_Dependancy_Github/Perpetual_Dependancy/Perpetual_Dependancy/Content/OurContent/Blueprints/PoisonList/BP_GraveyardShortcut.uasset" 3113
"../../../../../UnrealEngine_Project/Perpetual_Dependancy_Github/Perpetual_Dependancy/Perpetual_Dependancy/Content/OurContent/Blueprints/LevelPrefab/Room11.uasset" 3114
"../../../../../UnrealEngine_Project/Perpetual_Dependancy_Github/Perpetual_Dependancy/Perpetual_Dependancy/Content/OurContent/Blueprints/PoisonList/BP_FireJuice.uasset" 3115
"../../../../../UnrealEngine_Project/Perpetual_Dependancy_Github/Perpetual_Dependancy/Perpetual_Dependancy/Content/Game_art/Meshes/props/MSH_Poison_negative.uasset" 3116
"../../../../../UnrealEngine_Project/Perpetual_Dependancy_Github/Perpetual_Dependancy/Perpetual_Dependancy/Content/Game_art/Meshes/props/MSH_Poison_negative_open.uasset" 3117
"../../../../../UnrealEngine_Project/Perpetual_Dependancy_Github/Perpetual_Dependancy/Perpetual_Dependancy/Content/OurContent/Sounds/Items/Fire_Juice_V2_-_01_Cue.uasset" 3118
"../../../../../UnrealEngine_Project/Perpetual_Dependancy_Github/Perpetual_Dependancy/Perpetual_Dependancy/Content/OurContent/Sounds/Items/Fire_Juice_V2_-_01.uasset" 3119
"../../../../../UnrealEngine_Project/Perpetual_Dependancy_Github/Perpetual_Dependancy/Perpetual_Dependancy/Content/OurContent/Blueprints/PoisonList/BP_RushedHystery.uasset" 3120
"../../../../../UnrealEngine_Project/Perpetual_Dependancy_Github/Perpetual_Dependancy/Perpetual_Dependancy/Content/Game_art/Meshes/salles/salle_couloir/1_3/murs_couloir_1_3_murs_couloir.uasset" 3121
"../../../../../UnrealEngine_Project/Perpetual_Dependancy_Github/Perpetual_Dependancy/Perpetual_Dependancy/Content/Game_art/Meshes/salles/salle_couloir/1_3/salle_couloir_1_3.uasset" 3122
"../../../../../UnrealEngine_Project/Perpetual_Dependancy_Github/Perpetual_Dependancy/Perpetual_Dependancy/Content/Game_art/Textures/salles/salle_couloir/1_3/txtest_13_salle_couloir_1_3_BaseColor.uasset" 3123
"../../../../../UnrealEngine_Project/Perpetual_Dependancy_Github/Perpetual_Dependancy/Perpetual_Dependancy/Content/Game_art/Textures/salles/salle_couloir/1_3/txtest_13_salle_couloir_1_3_Metallic.uasset" 3124
"../../../../../UnrealEngine_Project/Perpetual_Dependancy_Github/Perpetual_Dependancy/Perpetual_Dependancy/Content/Game_art/Textures/salles/salle_couloir/1_3/txtest_13_salle_couloir_1_3_Normal.uasset" 3125
"../../../../../UnrealEngine_Project/Perpetual_Dependancy_Github/Perpetual_Dependancy/Perpetual_Dependancy/Content/Game_art/Textures/salles/salle_couloir/1_3/txtest_13_salle_couloir_1_3_Roughness.uasset" 3126
"../../../../../UnrealEngine_Project/Perpetual_Dependancy_Github/Perpetual_Dependancy/Perpetual_Dependancy/Content/Game_art/Meshes/salles/salle_couloir/1_3/plafond_couloir_1_3_plafond_couloir.uasset" 3127
"../../../../../UnrealEngine_Project/Perpetual_Dependancy_Github/Perpetual_Dependancy/Perpetual_Dependancy/Content/Game_art/Meshes/salles/salle_couloir/1_3/sol_couloir_1_3_sol_couloir.uasset" 3128
"../../../../../UnrealEngine_Project/Perpetual_Dependancy_Github/Perpetual_Dependancy/Perpetual_Dependancy/Content/OurContent/Sounds/Hallucinations/SFX_Pursuit_01_Cue.uasset" 3129
"../../../../../UnrealEngine_Project/Perpetual_Dependancy_Github/Perpetual_Dependancy/Perpetual_Dependancy/Content/OurContent/Sounds/Hallucinations/SFX_Pursuit_01.uasset" 3130
"../../../../../UnrealEngine_Project/Perpetual_Dependancy_Github/Perpetual_Dependancy/Perpetual_Dependancy/Content/OurContent/Sounds/SFX_Ambient.uasset" 3131
"../../../../../UnrealEngine_Project/Perpetual_Dependancy_Github/Perpetual_Dependancy/Perpetual_Dependancy/Content/OurContent/Blueprints/LevelPrefab/Room12.uasset" 3132
"../../../../../UnrealEngine_Project/Perpetual_Dependancy_Github/Perpetual_Dependancy/Perpetual_Dependancy/Content/Game_art/Meshes/salles/salle_couloir/3_3/murs_couloir_3_3_murs_couloir.uasset" 3133
"../../../../../UnrealEngine_Project/Perpetual_Dependancy_Github/Perpetual_Dependancy/Perpetual_Dependancy/Content/Game_art/Meshes/salles/salle_couloir/3_3/salle_couloir_3_3.uasset" 3134
"../../../../../UnrealEngine_Project/Perpetual_Dependancy_Github/Perpetual_Dependancy/Perpetual_Dependancy/Content/Game_art/Textures/salles/salle_couloir/3_3/txtest_33_salle_couloir_3_3_BaseColor.uasset" 3135
"../../../../../UnrealEngine_Project/Perpetual_Dependancy_Github/Perpetual_Dependancy/Perpetual_Dependancy/Content/Game_art/Textures/salles/salle_couloir/3_3/txtest_33_salle_couloir_3_3_Metallic.uasset" 3136
"../../../../../UnrealEngine_Project/Perpetual_Dependancy_Github/Perpetual_Dependancy/Perpetual_Dependancy/Content/Game_art/Textures/salles/salle_couloir/3_3/txtest_33_salle_couloir_3_3_Normal.uasset" 3137
"../../../../../UnrealEngine_Project/Perpetual_Dependancy_Github/Perpetual_Dependancy/Perpetual_Dependancy/Content/Game_art/Textures/salles/salle_couloir/3_3/txtest_33_salle_couloir_3_3_Roughness.uasset" 3138
"../../../../../UnrealEngine_Project/Perpetual_Dependancy_Github/Perpetual_Dependancy/Perpetual_Dependancy/Content/Game_art/Meshes/salles/salle_couloir/3_3/plafond_couloir_3_3_plafond_couloir.uasset" 3139
"../../../../../UnrealEngine_Project/Perpetual_Dependancy_Github/Perpetual_Dependancy/Perpetual_Dependancy/Content/Game_art/Meshes/salles/salle_couloir/3_3/sol_couloir_3_3_sol_couloir.uasset" 3140
"../../../../../UnrealEngine_Project/Perpetual_Dependancy_Github/Perpetual_Dependancy/Perpetual_Dependancy/Content/OurContent/Blueprints/LevelPrefab/Room13.uasset" 3141
"../../../../../UnrealEngine_Project/Perpetual_Dependancy_Github/Perpetual_Dependancy/Perpetual_Dependancy/Content/OurContent/Blueprints/PoisonList/BP_AnticipatedHystery.uasset" 3142
"../../../../../UnrealEngine_Project/Perpetual_Dependancy_Github/Perpetual_Dependancy/Perpetual_Dependancy/Content/OurContent/Sounds/Items/Poison_Drink_V3-C.uasset" 3143
"../../../../../UnrealEngine_Project/Perpetual_Dependancy_Github/Perpetual_Dependancy/Perpetual_Dependancy/Content/OurContent/Blueprints/LevelPrefab/Room14.uasset" 3144
"../../../../../UnrealEngine_Project/Perpetual_Dependancy_Github/Perpetual_Dependancy/Perpetual_Dependancy/Content/OurContent/Blueprints/PoisonList/BP_PoisonPersistant.uasset" 3145
"../../../../../UnrealEngine_Project/Perpetual_Dependancy_Github/Perpetual_Dependancy/Perpetual_Dependancy/Content/OurContent/Sounds/Items/Poison_Drink_V3-Empty.uasset" 3146
"../../../../../UnrealEngine_Project/Perpetual_Dependancy_Github/Perpetual_Dependancy/Perpetual_Dependancy/Content/Game_art/Meshes/salles/salle_stairs/2_3/murs_stairs_2_3_murs_stairs.uasset" 3147
"../../../../../UnrealEngine_Project/Perpetual_Dependancy_Github/Perpetual_Dependancy/Perpetual_Dependancy/Content/Game_art/Meshes/salles/salle_stairs/2_3/stairs_salle_2_3.uasset" 3148
"../../../../../UnrealEngine_Project/Perpetual_Dependancy_Github/Perpetual_Dependancy/Perpetual_Dependancy/Content/Game_art/Textures/salles/salle_stairs/2_3/txtest_stairs33_stairs_salle_2_3_BaseColor.uasset" 3149
"../../../../../UnrealEngine_Project/Perpetual_Dependancy_Github/Perpetual_Dependancy/Perpetual_Dependancy/Content/Game_art/Textures/salles/salle_stairs/2_3/txtest_stairs33_stairs_salle_2_3_Metallic.uasset" 3150
"../../../../../UnrealEngine_Project/Perpetual_Dependancy_Github/Perpetual_Dependancy/Perpetual_Dependancy/Content/Game_art/Textures/salles/salle_stairs/2_3/txtest_stairs33_stairs_salle_2_3_Normal.uasset" 3151
"../../../../../UnrealEngine_Project/Perpetual_Dependancy_Github/Perpetual_Dependancy/Perpetual_Dependancy/Content/Game_art/Textures/salles/salle_stairs/2_3/txtest_stairs33_stairs_salle_2_3_Roughness.uasset" 3152
"../../../../../UnrealEngine_Project/Perpetual_Dependancy_Github/Perpetual_Dependancy/Perpetual_Dependancy/Content/Game_art/Meshes/salles/salle_stairs/2_3/plafond_stairs_2_3_plafond_stairs.uasset" 3153
"../../../../../UnrealEngine_Project/Perpetual_Dependancy_Github/Perpetual_Dependancy/Perpetual_Dependancy/Content/Game_art/Meshes/salles/salle_stairs/2_3/sol_stairs_2_3_sol_stairs.uasset" 3154
"../../../../../UnrealEngine_Project/Perpetual_Dependancy_Github/Perpetual_Dependancy/Perpetual_Dependancy/Content/Game_art/Meshes/salles/salle_stairs/MSH_stairs_1_1.uasset" 3155
"../../../../../UnrealEngine_Project/Perpetual_Dependancy_Github/Perpetual_Dependancy/Perpetual_Dependancy/Content/Game_art/Meshes/salles/salle_stairs/stairs.uasset" 3156
"../../../../../UnrealEngine_Project/Perpetual_Dependancy_Github/Perpetual_Dependancy/Perpetual_Dependancy/Content/Game_art/Textures/stairs/MSH_stairs_1_1_stairs_BaseColor.uasset" 3157
"../../../../../UnrealEngine_Project/Perpetual_Dependancy_Github/Perpetual_Dependancy/Perpetual_Dependancy/Content/Game_art/Textures/stairs/MSH_stairs_1_1_stairs_Metallic.uasset" 3158
"../../../../../UnrealEngine_Project/Perpetual_Dependancy_Github/Perpetual_Dependancy/Perpetual_Dependancy/Content/Game_art/Textures/stairs/MSH_stairs_1_1_stairs_Normal.uasset" 3159
"../../../../../UnrealEngine_Project/Perpetual_Dependancy_Github/Perpetual_Dependancy/Perpetual_Dependancy/Content/Game_art/Textures/stairs/MSH_stairs_1_1_stairs_Roughness.uasset" 3160
"../../../../../UnrealEngine_Project/Perpetual_Dependancy_Github/Perpetual_Dependancy/Perpetual_Dependancy/Content/OurContent/Blueprints/LevelPrefab/Room15.uasset" 3161
"../../../../../UnrealEngine_Project/Perpetual_Dependancy_Github/Perpetual_Dependancy/Perpetual_Dependancy/Content/OurContent/Blueprints/PoisonList/BP_ShroomSoup.uasset" 3162
"../../../../../UnrealEngine_Project/Perpetual_Dependancy_Github/Perpetual_Dependancy/Perpetual_Dependancy/Content/OurContent/Blueprints/LevelPrefab/Room16.uasset" 3163
"../../../../../UnrealEngine_Project/Perpetual_Dependancy_Github/Perpetual_Dependancy/Perpetual_Dependancy/Content/OurContent/Blueprints/Deadzone.uasset" 3164
"../../../../../UnrealEngine_Project/Perpetual_Dependancy_Github/Perpetual_Dependancy/Perpetual_Dependancy/Content/OurContent/Blueprints/Archive/BP_SavePoint.uasset" 3165
"../../../../../UnrealEngine_Project/Perpetual_Dependancy_Github/Perpetual_Dependancy/Perpetual_Dependancy/Content/OurContent/Blueprints/PoisonList/BP_FoolDance.uasset" 3166
"../../../../../UnrealEngine_Project/Perpetual_Dependancy_Github/Perpetual_Dependancy/Perpetual_Dependancy/Content/OurContent/Blueprints/PoisonList/BP_PoisonLeger.uasset" 3167
"../../../../../UnrealEngine_Project/Perpetual_Dependancy_Github/Perpetual_Dependancy/Perpetual_Dependancy/Content/OurContent/Blueprints/LevelPrefab/Room17.uasset" 3168
"../../../../../UnrealEngine_Project/Perpetual_Dependancy_Github/Perpetual_Dependancy/Perpetual_Dependancy/Content/Game_art/Meshes/MSH_stairs_1_1.uasset" 3169
"../../../../../UnrealEngine_Project/Perpetual_Dependancy_Github/Perpetual_Dependancy/Perpetual_Dependancy/Content/Game_art/Meshes/stairs.uasset" 3170
"../../../../../UnrealEngine_Project/Perpetual_Dependancy_Github/Perpetual_Dependancy/Perpetual_Dependancy/Content/Game_art/Meshes/salles/big_salle/murs_L_open_2_3.uasset" 3171
"../../../../../UnrealEngine_Project/Perpetual_Dependancy_Github/Perpetual_Dependancy/Perpetual_Dependancy/Content/Game_art/Meshes/salles/salle_L/2_3/salle_L_2_3.uasset" 3172
"../../../../../UnrealEngine_Project/Perpetual_Dependancy_Github/Perpetual_Dependancy/Perpetual_Dependancy/Content/Game_art/Textures/salles/salle_L/2_3/L_txtest_salle_L_2_3_BaseColor.uasset" 3173
"../../../../../UnrealEngine_Project/Perpetual_Dependancy_Github/Perpetual_Dependancy/Perpetual_Dependancy/Content/Game_art/Textures/salles/salle_L/2_3/L_txtest_salle_L_2_3_Metallic.uasset" 3174
"../../../../../UnrealEngine_Project/Perpetual_Dependancy_Github/Perpetual_Dependancy/Perpetual_Dependancy/Content/Game_art/Textures/salles/salle_L/2_3/L_txtest_salle_L_2_3_Normal.uasset" 3175
"../../../../../UnrealEngine_Project/Perpetual_Dependancy_Github/Perpetual_Dependancy/Perpetual_Dependancy/Content/Game_art/Textures/salles/salle_L/2_3/L_txtest_salle_L_2_3_Roughness.uasset" 3176
"../../../../../UnrealEngine_Project/Perpetual_Dependancy_Github/Perpetual_Dependancy/Perpetual_Dependancy/Content/Game_art/Meshes/salles/big_salle/murs_L_open_3_3.uasset" 3177
"../../../../../UnrealEngine_Project/Perpetual_Dependancy_Github/Perpetual_Dependancy/Perpetual_Dependancy/Content/Game_art/Meshes/salles/salle_L/3_3/salle_L3_3.uasset" 3178
"../../../../../UnrealEngine_Project/Perpetual_Dependancy_Github/Perpetual_Dependancy/Perpetual_Dependancy/Content/Game_art/Textures/salles/salle_L/3_3/L_txtest_salle_L3_3_BaseColor.uasset" 3179
"../../../../../UnrealEngine_Project/Perpetual_Dependancy_Github/Perpetual_Dependancy/Perpetual_Dependancy/Content/Game_art/Textures/salles/salle_L/3_3/L_txtest_salle_L3_3_Metallic.uasset" 3180
"../../../../../UnrealEngine_Project/Perpetual_Dependancy_Github/Perpetual_Dependancy/Perpetual_Dependancy/Content/Game_art/Textures/salles/salle_L/3_3/L_txtest_salle_L3_3_Normal.uasset" 3181
"../../../../../UnrealEngine_Project/Perpetual_Dependancy_Github/Perpetual_Dependancy/Perpetual_Dependancy/Content/Game_art/Textures/salles/salle_L/3_3/L_txtest_salle_L3_3_Roughness.uasset" 3182
"../../../../../UnrealEngine_Project/Perpetual_Dependancy_Github/Perpetual_Dependancy/Perpetual_Dependancy/Content/Game_art/Meshes/salles/big_salle/murs_stairs_open_3_3.uasset" 3183
"../../../../../UnrealEngine_Project/Perpetual_Dependancy_Github/Perpetual_Dependancy/Perpetual_Dependancy/Content/Game_art/Meshes/salles/big_salle/bigsalle_3_3.uasset" 3184
"../../../../../UnrealEngine_Project/Perpetual_Dependancy_Github/Perpetual_Dependancy/Perpetual_Dependancy/Content/Game_art/Textures/salles/salle_stairs/3_3/retake_sallebig/txtest_standardSurface2_BaseColor.uasset" 3185
"../../../../../UnrealEngine_Project/Perpetual_Dependancy_Github/Perpetual_Dependancy/Perpetual_Dependancy/Content/Game_art/Textures/salles/salle_stairs/3_3/retake_sallebig/txtest_standardSurface2_Metallic.uasset" 3186
"../../../../../UnrealEngine_Project/Perpetual_Dependancy_Github/Perpetual_Dependancy/Perpetual_Dependancy/Content/Game_art/Textures/salles/salle_stairs/3_3/retake_sallebig/txtest_standardSurface2_Normal.uasset" 3187
"../../../../../UnrealEngine_Project/Perpetual_Dependancy_Github/Perpetual_Dependancy/Perpetual_Dependancy/Content/Game_art/Textures/salles/salle_stairs/3_3/retake_sallebig/txtest_standardSurface2_Roughness.uasset" 3188
"../../../../../UnrealEngine_Project/Perpetual_Dependancy_Github/Perpetual_Dependancy/Perpetual_Dependancy/Content/Game_art/Meshes/salles/big_salle/sol_stairs_open_3_3.uasset" 3189
"../../../../../UnrealEngine_Project/Perpetual_Dependancy_Github/Perpetual_Dependancy/Perpetual_Dependancy/Content/Game_art/Meshes/salles/salle_L/2_3/plafond_L_2_3_plafond_L.uasset" 3190
"../../../../../UnrealEngine_Project/Perpetual_Dependancy_Github/Perpetual_Dependancy/Perpetual_Dependancy/Content/Game_art/Meshes/salles/salle_L/2_3/sol_L_2_3_sol_L.uasset" 3191
"../../../../../UnrealEngine_Project/Perpetual_Dependancy_Github/Perpetual_Dependancy/Perpetual_Dependancy/Content/Game_art/Meshes/salles/salle_L/3_3/plafond_L_3_3_plafond_L.uasset" 3192
"../../../../../UnrealEngine_Project/Perpetual_Dependancy_Github/Perpetual_Dependancy/Perpetual_Dependancy/Content/Game_art/Meshes/salles/salle_L/3_3/sol_L_3_3_sol_L.uasset" 3193
"../../../../../UnrealEngine_Project/Perpetual_Dependancy_Github/Perpetual_Dependancy/Perpetual_Dependancy/Content/Game_art/Meshes/salles/salle_stairs/3_3/plafond_stairs_2_3_plafond_stairs.uasset" 3194
"../../../../../UnrealEngine_Project/Perpetual_Dependancy_Github/Perpetual_Dependancy/Perpetual_Dependancy/Content/Game_art/Meshes/salles/salle_stairs/3_3/stairs_salle_3_3.uasset" 3195
"../../../../../UnrealEngine_Project/Perpetual_Dependancy_Github/Perpetual_Dependancy/Perpetual_Dependancy/Content/Game_art/Textures/salles/salle_stairs/3_3/txtest_stairs33_stairs_salle_3_3_BaseColor.uasset" 3196
"../../../../../UnrealEngine_Project/Perpetual_Dependancy_Github/Perpetual_Dependancy/Perpetual_Dependancy/Content/Game_art/Textures/salles/salle_stairs/3_3/txtest_stairs33_stairs_salle_3_3_Metallic.uasset" 3197
"../../../../../UnrealEngine_Project/Perpetual_Dependancy_Github/Perpetual_Dependancy/Perpetual_Dependancy/Content/Game_art/Textures/salles/salle_stairs/3_3/txtest_stairs33_stairs_salle_3_3_Normal.uasset" 3198
"../../../../../UnrealEngine_Project/Perpetual_Dependancy_Github/Perpetual_Dependancy/Perpetual_Dependancy/Content/Game_art/Textures/salles/salle_stairs/3_3/txtest_stairs33_stairs_salle_3_3_Roughness.uasset" 3199
"../../../../../UnrealEngine_Project/Perpetual_Dependancy_Github/Perpetual_Dependancy/Perpetual_Dependancy/Content/OurContent/Blueprints/LevelPrefab/Room18.uasset" 3200
"../../../../../UnrealEngine_Project/Perpetual_Dependancy_Github/Perpetual_Dependancy/Perpetual_Dependancy/Content/Game_art/Meshes/salles/salle_rectangle/3_3/murs_rectangle_3_3_murs_rectangles.uasset" 3201
"../../../../../UnrealEngine_Project/Perpetual_Dependancy_Github/Perpetual_Dependancy/Perpetual_Dependancy/Content/Game_art/Meshes/salles/salle_rectangle/3_3/rectangle_salle_3_3.uasset" 3202
"../../../../../UnrealEngine_Project/Perpetual_Dependancy_Github/Perpetual_Dependancy/Perpetual_Dependancy/Content/Game_art/Textures/salles/salle_rectangle/3_3/rectanglte_txtest_rectangle_salle_3_3_BaseColor.uasset" 3203
"../../../../../UnrealEngine_Project/Perpetual_Dependancy_Github/Perpetual_Dependancy/Perpetual_Dependancy/Content/Game_art/Textures/salles/salle_rectangle/3_3/rectanglte_txtest_rectangle_salle_3_3_Metallic.uasset" 3204
"../../../../../UnrealEngine_Project/Perpetual_Dependancy_Github/Perpetual_Dependancy/Perpetual_Dependancy/Content/Game_art/Textures/salles/salle_rectangle/3_3/rectanglte_txtest_rectangle_salle_3_3_Normal.uasset" 3205
"../../../../../UnrealEngine_Project/Perpetual_Dependancy_Github/Perpetual_Dependancy/Perpetual_Dependancy/Content/Game_art/Textures/salles/salle_rectangle/3_3/rectanglte_txtest_rectangle_salle_3_3_Roughness.uasset" 3206
"../../../../../UnrealEngine_Project/Perpetual_Dependancy_Github/Perpetual_Dependancy/Perpetual_Dependancy/Content/Game_art/Meshes/salles/salle_rectangle/3_3/plafond_rectangle_3_3_plafond_rectangle.uasset" 3207
"../../../../../UnrealEngine_Project/Perpetual_Dependancy_Github/Perpetual_Dependancy/Perpetual_Dependancy/Content/Game_art/Meshes/salles/salle_rectangle/3_3/sol_rectangle_3_3_sol_rectangle.uasset" 3208
"../../../../../UnrealEngine_Project/Perpetual_Dependancy_Github/Perpetual_Dependancy/Perpetual_Dependancy/Content/OurContent/Blueprints/LevelPrefab/Room19.uasset" 3209
"../../../../../UnrealEngine_Project/Perpetual_Dependancy_Github/Perpetual_Dependancy/Perpetual_Dependancy/Content/OurContent/Blueprints/LevelPrefab/Room2.uasset" 3210
"../../../../../UnrealEngine_Project/Perpetual_Dependancy_Github/Perpetual_Dependancy/Perpetual_Dependancy/Content/OurContent/Blueprints/LevelPrefab/Room20.uasset" 3211
"../../../../../UnrealEngine_Project/Perpetual_Dependancy_Github/Perpetual_Dependancy/Perpetual_Dependancy/Content/OurContent/Blueprints/PoisonList/BP_MagmaJuice.uasset" 3212
"../../../../../UnrealEngine_Project/Perpetual_Dependancy_Github/Perpetual_Dependancy/Perpetual_Dependancy/Content/OurContent/Blueprints/LevelPrefab/Room3.uasset" 3213
"../../../../../UnrealEngine_Project/Perpetual_Dependancy_Github/Perpetual_Dependancy/Perpetual_Dependancy/Content/OurContent/Blueprints/LevelPrefab/Room4.uasset" 3214
"../../../../../UnrealEngine_Project/Perpetual_Dependancy_Github/Perpetual_Dependancy/Perpetual_Dependancy/Content/OurContent/Blueprints/NarrativeObjects/BP_Object_Event_necklace.uasset" 3215
"../../../../../UnrealEngine_Project/Perpetual_Dependancy_Github/Perpetual_Dependancy/Perpetual_Dependancy/Content/Game_art/Final_newprops/MSH_necklace.uasset" 3216
"../../../../../UnrealEngine_Project/Perpetual_Dependancy_Github/Perpetual_Dependancy/Perpetual_Dependancy/Content/OurContent/Blueprints/LevelPrefab/Room5.uasset" 3217
"../../../../../UnrealEngine_Project/Perpetual_Dependancy_Github/Perpetual_Dependancy/Perpetual_Dependancy/Content/Game_art/Meshes/salles/salle_stairs/1_3/murs_stairs_1_3_murs_stairs.uasset" 3218
"../../../../../UnrealEngine_Project/Perpetual_Dependancy_Github/Perpetual_Dependancy/Perpetual_Dependancy/Content/Game_art/Meshes/salles/salle_stairs/1_3/stairs_salle_1_3.uasset" 3219
"../../../../../UnrealEngine_Project/Perpetual_Dependancy_Github/Perpetual_Dependancy/Perpetual_Dependancy/Content/Game_art/Textures/salles/salle_stairs/1_3/txtest_stairs33_stairs_salle_1_3_BaseColor.uasset" 3220
"../../../../../UnrealEngine_Project/Perpetual_Dependancy_Github/Perpetual_Dependancy/Perpetual_Dependancy/Content/Game_art/Textures/salles/salle_stairs/1_3/txtest_stairs33_stairs_salle_1_3_Metallic.uasset" 3221
"../../../../../UnrealEngine_Project/Perpetual_Dependancy_Github/Perpetual_Dependancy/Perpetual_Dependancy/Content/Game_art/Textures/salles/salle_stairs/1_3/txtest_stairs33_stairs_salle_1_3_Normal.uasset" 3222
"../../../../../UnrealEngine_Project/Perpetual_Dependancy_Github/Perpetual_Dependancy/Perpetual_Dependancy/Content/Game_art/Textures/salles/salle_stairs/1_3/txtest_stairs33_stairs_salle_1_3_Roughness.uasset" 3223
"../../../../../UnrealEngine_Project/Perpetual_Dependancy_Github/Perpetual_Dependancy/Perpetual_Dependancy/Content/Game_art/Meshes/salles/salle_stairs/1_3/plafond_stairs_1_3_plafond_stairs.uasset" 3224
"../../../../../UnrealEngine_Project/Perpetual_Dependancy_Github/Perpetual_Dependancy/Perpetual_Dependancy/Content/Game_art/Meshes/salles/salle_stairs/1_3/sol_stairs_1_3_sol_stairs.uasset" 3225
"../../../../../UnrealEngine_Project/Perpetual_Dependancy_Github/Perpetual_Dependancy/Perpetual_Dependancy/Content/OurContent/Blueprints/LevelPrefab/Room6.uasset" 3226
"../../../../../UnrealEngine_Project/Perpetual_Dependancy_Github/Perpetual_Dependancy/Perpetual_Dependancy/Content/Game_art/Meshes/salles/salle_L/1_3/murs_L_1_3_murs_L.uasset" 3227
"../../../../../UnrealEngine_Project/Perpetual_Dependancy_Github/Perpetual_Dependancy/Perpetual_Dependancy/Content/Game_art/Meshes/salles/salle_L/1_3/salle_L1_3.uasset" 3228
"../../../../../UnrealEngine_Project/Perpetual_Dependancy_Github/Perpetual_Dependancy/Perpetual_Dependancy/Content/Game_art/Textures/salles/salle_L/1_3/L_txtest_salle_L1_3_BaseColor.uasset" 3229
"../../../../../UnrealEngine_Project/Perpetual_Dependancy_Github/Perpetual_Dependancy/Perpetual_Dependancy/Content/Game_art/Textures/salles/salle_L/1_3/L_txtest_salle_L1_3_Metallic.uasset" 3230
"../../../../../UnrealEngine_Project/Perpetual_Dependancy_Github/Perpetual_Dependancy/Perpetual_Dependancy/Content/Game_art/Textures/salles/salle_L/1_3/L_txtest_salle_L1_3_Normal.uasset" 3231
"../../../../../UnrealEngine_Project/Perpetual_Dependancy_Github/Perpetual_Dependancy/Perpetual_Dependancy/Content/Game_art/Textures/salles/salle_L/1_3/L_txtest_salle_L1_3_Roughness.uasset" 3232
"../../../../../UnrealEngine_Project/Perpetual_Dependancy_Github/Perpetual_Dependancy/Perpetual_Dependancy/Content/Game_art/Meshes/salles/salle_L/1_3/plafond_L_1_3_plafond_L.uasset" 3233
"../../../../../UnrealEngine_Project/Perpetual_Dependancy_Github/Perpetual_Dependancy/Perpetual_Dependancy/Content/Game_art/Meshes/salles/salle_L/1_3/sol_L_1_3_sol_L.uasset" 3234
"../../../../../UnrealEngine_Project/Perpetual_Dependancy_Github/Perpetual_Dependancy/Perpetual_Dependancy/Content/OurContent/Blueprints/LevelPrefab/Room7.uasset" 3235
"../../../../../UnrealEngine_Project/Perpetual_Dependancy_Github/Perpetual_Dependancy/Perpetual_Dependancy/Content/OurContent/Blueprints/NarrativeObjects/BP_ObjectEvent_GangWeapon.uasset" 3236
"../../../../../UnrealEngine_Project/Perpetual_Dependancy_Github/Perpetual_Dependancy/Perpetual_Dependancy/Content/Game_art/Final_newprops/MSH_handgun.uasset" 3237
"../../../../../UnrealEngine_Project/Perpetual_Dependancy_Github/Perpetual_Dependancy/Perpetual_Dependancy/Content/Game_art/Final_newprops/MSH_knife.uasset" 3238
"../../../../../UnrealEngine_Project/Perpetual_Dependancy_Github/Perpetual_Dependancy/Perpetual_Dependancy/Content/Game_art/Final_newprops/MSH_table.uasset" 3239
"../../../../../UnrealEngine_Project/Perpetual_Dependancy_Github/Perpetual_Dependancy/Perpetual_Dependancy/Content/OurContent/Blueprints/LevelPrefab/Room8.uasset" 3240
"../../../../../UnrealEngine_Project/Perpetual_Dependancy_Github/Perpetual_Dependancy/Perpetual_Dependancy/Content/OurContent/Blueprints/LevelPrefab/Room9.uasset" 3241
"../../../../../UnrealEngine_Project/Perpetual_Dependancy_Github/Perpetual_Dependancy/Perpetual_Dependancy/Content/OurContent/Sounds/Environnement/Door_-_01_Cue.uasset" 3242
"../../../../../UnrealEngine_Project/Perpetual_Dependancy_Github/Perpetual_Dependancy/Perpetual_Dependancy/Content/OurContent/Sounds/Environnement/Door_-_01.uasset" 3243
"../../../../../UnrealEngine_Project/Perpetual_Dependancy_Github/Perpetual_Dependancy/Perpetual_Dependancy/Content/OurContent/Sounds/Items/Loop_Transition_Test.uasset" 3244
"../../../../../UnrealEngine_Project/Perpetual_Dependancy_Github/Perpetual_Dependancy/Perpetual_Dependancy/Content/OurContent/Sounds/Player/Death_Fall.uasset" 3245
"../../../../../UnrealEngine_Project/Perpetual_Dependancy_Github/Perpetual_Dependancy/Perpetual_Dependancy/Content/OurContent/Sounds/Music/Amb_Opressive/Low_Drone_Loop_V2_Cue.uasset" 3246
"../../../../../UnrealEngine_Project/Perpetual_Dependancy_Github/Perpetual_Dependancy/Perpetual_Dependancy/Content/OurContent/Sounds/Music/Amb_Opressive/Kick_A_-_01.uasset" 3247
"../../../../../UnrealEngine_Project/Perpetual_Dependancy_Github/Perpetual_Dependancy/Perpetual_Dependancy/Content/OurContent/Sounds/Music/Amb_Opressive/Kick_A_-_02.uasset" 3248
"../../../../../UnrealEngine_Project/Perpetual_Dependancy_Github/Perpetual_Dependancy/Perpetual_Dependancy/Content/OurContent/Sounds/Music/Amb_Opressive/Kick_A_-_03.uasset" 3249
"../../../../../UnrealEngine_Project/Perpetual_Dependancy_Github/Perpetual_Dependancy/Perpetual_Dependancy/Content/OurContent/Sounds/Music/Amb_Opressive/Kick_A_-_04.uasset" 3250
"../../../../../UnrealEngine_Project/Perpetual_Dependancy_Github/Perpetual_Dependancy/Perpetual_Dependancy/Content/OurContent/Sounds/Music/Amb_Opressive/Kick_A_-_05.uasset" 3251
"../../../../../UnrealEngine_Project/Perpetual_Dependancy_Github/Perpetual_Dependancy/Perpetual_Dependancy/Content/OurContent/Sounds/Music/Amb_Opressive/Kick_A_-_06.uasset" 3252
"../../../../../UnrealEngine_Project/Perpetual_Dependancy_Github/Perpetual_Dependancy/Perpetual_Dependancy/Content/OurContent/Sounds/Music/Amb_Opressive/Kick_A_-_07.uasset" 3253
"../../../../../UnrealEngine_Project/Perpetual_Dependancy_Github/Perpetual_Dependancy/Perpetual_Dependancy/Content/OurContent/Sounds/Music/Amb_Opressive/Kick_A_-_08.uasset" 3254
"../../../../../UnrealEngine_Project/Perpetual_Dependancy_Github/Perpetual_Dependancy/Perpetual_Dependancy/Content/OurContent/Sounds/Music/Amb_Opressive/Kick_B_-_01.uasset" 3255
"../../../../../UnrealEngine_Project/Perpetual_Dependancy_Github/Perpetual_Dependancy/Perpetual_Dependancy/Content/OurContent/Sounds/Music/Amb_Opressive/Kick_B_-_02.uasset" 3256
"../../../../../UnrealEngine_Project/Perpetual_Dependancy_Github/Perpetual_Dependancy/Perpetual_Dependancy/Content/OurContent/Sounds/Music/Amb_Opressive/Kick_B_-_03.uasset" 3257
"../../../../../UnrealEngine_Project/Perpetual_Dependancy_Github/Perpetual_Dependancy/Perpetual_Dependancy/Content/OurContent/Sounds/Music/Amb_Opressive/Low_Drone_Loop_V2.uasset" 3258
"../../../../../UnrealEngine_Project/Perpetual_Dependancy_Github/Perpetual_Dependancy/Perpetual_Dependancy/Content/OurContent/Sounds/Music/Amb_Opressive/Pad_-_01.uasset" 3259
"../../../../../UnrealEngine_Project/Perpetual_Dependancy_Github/Perpetual_Dependancy/Perpetual_Dependancy/Content/OurContent/Sounds/Music/Amb_Opressive/Piano_-_01.uasset" 3260
"../../../../../UnrealEngine_Project/Perpetual_Dependancy_Github/Perpetual_Dependancy/Perpetual_Dependancy/Content/OurContent/Sounds/Music/Amb_Opressive/Piano_-_02.uasset" 3261
"../../../../../UnrealEngine_Project/Perpetual_Dependancy_Github/Perpetual_Dependancy/Perpetual_Dependancy/Content/OurContent/Sounds/Music/Amb_Opressive/Piano_-_03.uasset" 3262
"../../../../../UnrealEngine_Project/Perpetual_Dependancy_Github/Perpetual_Dependancy/Perpetual_Dependancy/Content/OurContent/Sounds/Music/Amb_Opressive/Strings_A_-_01.uasset" 3263
"../../../../../UnrealEngine_Project/Perpetual_Dependancy_Github/Perpetual_Dependancy/Perpetual_Dependancy/Content/OurContent/Sounds/Music/Amb_Opressive/Strings_A_-_02.uasset" 3264
"../../../../../UnrealEngine_Project/Perpetual_Dependancy_Github/Perpetual_Dependancy/Perpetual_Dependancy/Content/OurContent/Sounds/Music/Amb_Opressive/Strings_A_-_03.uasset" 3265
"../../../../../UnrealEngine_Project/Perpetual_Dependancy_Github/Perpetual_Dependancy/Perpetual_Dependancy/Content/OurContent/Sounds/Music/Amb_Opressive/Strings_A_-_04.uasset" 3266
"../../../../../UnrealEngine_Project/Perpetual_Dependancy_Github/Perpetual_Dependancy/Perpetual_Dependancy/Content/OurContent/Sounds/Music/Amb_Opressive/Strings_amb_-_01.uasset" 3267
"../../../../../UnrealEngine_Project/Perpetual_Dependancy_Github/Perpetual_Dependancy/Perpetual_Dependancy/Content/OurContent/Sounds/Music/Amb_Opressive/Strings_amb_-_02.uasset" 3268
"../../../../../UnrealEngine_Project/Perpetual_Dependancy_Github/Perpetual_Dependancy/Perpetual_Dependancy/Content/OurContent/Sounds/Music/Amb_Opressive/Strings_amb_-_03.uasset" 3269
"../../../../../UnrealEngine_Project/Perpetual_Dependancy_Github/Perpetual_Dependancy/Perpetual_Dependancy/Content/OurContent/Sounds/Music/Amb_Opressive/Strings_amb_-_04.uasset" 3270
"../../../../../UnrealEngine_Project/Perpetual_Dependancy_Github/Perpetual_Dependancy/Perpetual_Dependancy/Content/OurContent/Sounds/Music/Amb_Opressive/Strings_amb_-_05.uasset" 3271
"../../../../../UnrealEngine_Project/Perpetual_Dependancy_Github/Perpetual_Dependancy/Perpetual_Dependancy/Content/OurContent/Sounds/Music/Amb_Opressive/Strings_B_-_01.uasset" 3272
"../../../../../UnrealEngine_Project/Perpetual_Dependancy_Github/Perpetual_Dependancy/Perpetual_Dependancy/Content/OurContent/Sounds/Music/Amb_Opressive/Strings_B_-_02.uasset" 3273
"../../../../../UnrealEngine_Project/Perpetual_Dependancy_Github/Perpetual_Dependancy/Perpetual_Dependancy/Content/OurContent/Sounds/Music/Amb_Opressive/Strings_C_-_01.uasset" 3274
"../../../../../UnrealEngine_Project/Perpetual_Dependancy_Github/Perpetual_Dependancy/Perpetual_Dependancy/Content/OurContent/Sounds/Music/Amb_Opressive/Strings_C_-_02.uasset" 3275
"../../../../../UnrealEngine_Project/Perpetual_Dependancy_Github/Perpetual_Dependancy/Perpetual_Dependancy/Content/OurContent/Sounds/Music/Amb_Opressive/Synth_A_-_01.uasset" 3276
"../../../../../UnrealEngine_Project/Perpetual_Dependancy_Github/Perpetual_Dependancy/Perpetual_Dependancy/Content/OurContent/Sounds/Music/Amb_Opressive/Synth_B_-_01.uasset" 3277
"../../../../../UnrealEngine_Project/Perpetual_Dependancy_Github/Perpetual_Dependancy/Perpetual_Dependancy/Content/OurContent/Sounds/Music/Amb_Opressive/Synth_B_-_02.uasset" 3278
"../../../../../UnrealEngine_Project/Perpetual_Dependancy_Github/Perpetual_Dependancy/Perpetual_Dependancy/Content/OurContent/Sounds/Music/Hi_Drone_A_-_01_Cue.uasset" 3279
"../../../../../UnrealEngine_Project/Perpetual_Dependancy_Github/Perpetual_Dependancy/Perpetual_Dependancy/Content/OurContent/Sounds/Music/Hi_Drone_A_-_01.uasset" 3280
"../../../../../UnrealEngine_Project/Perpetual_Dependancy_Github/Perpetual_Dependancy/Perpetual_Dependancy/Content/OurContent/Sounds/Music/Random_Sounds.uasset" 3281
"../../../../../UnrealEngine_Project/Perpetual_Dependancy_Github/Perpetual_Dependancy/Perpetual_Dependancy/Content/OurContent/Sounds/Music/Roomtone_01_-_01_Cue.uasset" 3282
"../../../../../UnrealEngine_Project/Perpetual_Dependancy_Github/Perpetual_Dependancy/Perpetual_Dependancy/Content/OurContent/Sounds/Music/Roomtone_01_-_01.uasset" 3283
"../../../../../UnrealEngine_Project/Perpetual_Dependancy_Github/Perpetual_Dependancy/Perpetual_Dependancy/Content/OurContent/Material/Outline/Mi_Outline_Antidote.uasset" 3284
"../../../../../UnrealEngine_Project/Perpetual_Dependancy_Github/Perpetual_Dependancy/Perpetual_Dependancy/Content/Game_art/Meshes/props/MSH_popo_antidote_open.uasset" 3285
"../../../../../UnrealEngine_Project/Perpetual_Dependancy_Github/Perpetual_Dependancy/Perpetual_Dependancy/Content/OurContent/Sounds/Items/Antidote_Drink_-_03_Cue.uasset" 3286
"../../../../../UnrealEngine_Project/Perpetual_Dependancy_Github/Perpetual_Dependancy/Perpetual_Dependancy/Content/OurContent/Sounds/Items/Antidote_Drink_-_03.uasset" 3287
"../../../../../UnrealEngine_Project/Perpetual_Dependancy_Github/Perpetual_Dependancy/Perpetual_Dependancy/Content/OurContent/Sounds/Music/Roomtone_02_-_01_Cue.uasset" 3288
"../../../../../UnrealEngine_Project/Perpetual_Dependancy_Github/Perpetual_Dependancy/Perpetual_Dependancy/Content/OurContent/Sounds/Music/Roomtone_02_-_01.uasset" 3289
"../../../../../UnrealEngine_Project/Perpetual_Dependancy_Github/Perpetual_Dependancy/Perpetual_Dependancy/Content/ThirdPerson/Input/IMC_FR.uasset" 3290
"../../../../../UnrealEngine_Project/Perpetual_Dependancy_Github/Perpetual_Dependancy/Perpetual_Dependancy/Content/OurContent/Inputs/IA_Escape.uasset" 3291
"../../../../../UnrealEngine_Project/Perpetual_Dependancy_Github/Perpetual_Dependancy/Perpetual_Dependancy/Content/OurContent/Inputs/IA_Interact.uasset" 3292
"../../../../../UnrealEngine_Project/Perpetual_Dependancy_Github/Perpetual_Dependancy/Perpetual_Dependancy/Content/Game_art/Post_process/flottement/heat_haze_Inst.uasset" 3293
"../../../../../UnrealEngine_Project/Perpetual_Dependancy_Github/Perpetual_Dependancy/Perpetual_Dependancy/Content/Game_art/Post_process/flottement/heat_haze.uasset" 3294
"../../../../../UnrealEngine_Project/Perpetual_Dependancy_Github/Perpetual_Dependancy/Perpetual_Dependancy/Content/Game_art/Post_process/flottement/heathaze.uasset" 3295
"../../../../../UnrealEngine_Project/Perpetual_Dependancy_Github/Perpetual_Dependancy/Perpetual_Dependancy/Content/Game_art/Post_process/hallu/Hallucination_Inst.uasset" 3296
"../../../../../UnrealEngine_Project/Perpetual_Dependancy_Github/Perpetual_Dependancy/Perpetual_Dependancy/Content/Game_art/Post_process/hallu/Hallucination_Inst_2.uasset" 3297
"../../../../../UnrealEngine_Project/Perpetual_Dependancy_Github/Perpetual_Dependancy/Perpetual_Dependancy/Content/Game_art/Post_process/Negative/Negative_Inst_2.uasset" 3298
"../../../../../UnrealEngine_Project/Perpetual_Dependancy_Github/Perpetual_Dependancy/Perpetual_Dependancy/Content/Game_art/Post_process/Negative/Negative.uasset" 3299
"../../../../../UnrealEngine_Project/Perpetual_Dependancy_Github/Perpetual_Dependancy/Perpetual_Dependancy/Content/Game_art/Post_process/OverDose/Drunk_Inst.uasset" 3300
"../../../../../UnrealEngine_Project/Perpetual_Dependancy_Github/Perpetual_Dependancy/Perpetual_Dependancy/Content/Game_art/Post_process/OverDose/Drunk.uasset" 3301
"../../../../../UnrealEngine_Project/Perpetual_Dependancy_Github/Perpetual_Dependancy/Perpetual_Dependancy/Content/Game_art/Post_process/OverDose/waterhaze.uasset" 3302
"../../../../../UnrealEngine_Project/Perpetual_Dependancy_Github/Perpetual_Dependancy/Perpetual_Dependancy/Content/Game_art/Post_process/OverDose/Drunk_Trailer.uasset" 3303
"../../../../../UnrealEngine_Project/Perpetual_Dependancy_Github/Perpetual_Dependancy/Perpetual_Dependancy/Content/OurContent/Sounds/Hallucinations/SE_Court/Hallu_SoundEffect.uasset" 3304
"../../../../../UnrealEngine_Project/Perpetual_Dependancy_Github/Perpetual_Dependancy/Perpetual_Dependancy/Content/OurContent/Sounds/Hallucinations/SE_Court/Hallu_Fireworks_02_-_01.uasset" 3305
"../../../../../UnrealEngine_Project/Perpetual_Dependancy_Github/Perpetual_Dependancy/Perpetual_Dependancy/Content/OurContent/Sounds/Hallucinations/SE_Court/Hallu_Laugh_-_01.uasset" 3306
"../../../../../UnrealEngine_Project/Perpetual_Dependancy_Github/Perpetual_Dependancy/Perpetual_Dependancy/Content/OurContent/Sounds/Hallucinations/SE_Court/Hallu_Laugh_-_02.uasset" 3307
"../../../../../UnrealEngine_Project/Perpetual_Dependancy_Github/Perpetual_Dependancy/Perpetual_Dependancy/Content/OurContent/Sounds/Hallucinations/SE_Court/Hallu_Laugh_-_03.uasset" 3308
"../../../../../UnrealEngine_Project/Perpetual_Dependancy_Github/Perpetual_Dependancy/Perpetual_Dependancy/Content/OurContent/Sounds/Hallucinations/SE_Court/Hallu_Train.uasset" 3309
"../../../../../UnrealEngine_Project/Perpetual_Dependancy_Github/Perpetual_Dependancy/Perpetual_Dependancy/Content/OurContent/Sounds/Hallucinations/SE_Long/Hallu_01_Glitch_Cue.uasset" 3310
"../../../../../UnrealEngine_Project/Perpetual_Dependancy_Github/Perpetual_Dependancy/Perpetual_Dependancy/Content/OurContent/Sounds/Hallucinations/SE_Long/Hallu_01_Glitch.uasset" 3311
"../../../../../UnrealEngine_Project/Perpetual_Dependancy_Github/Perpetual_Dependancy/Perpetual_Dependancy/Content/OurContent/Sounds/Hallucinations/SE_Long/Hallu_04-02.uasset" 3312
"../../../../../UnrealEngine_Project/Perpetual_Dependancy_Github/Perpetual_Dependancy/Perpetual_Dependancy/Content/OurContent/Sounds/Hallucinations/SE_Long/Hallu_04-03.uasset" 3313
"../../../../../UnrealEngine_Project/Perpetual_Dependancy_Github/Perpetual_Dependancy/Perpetual_Dependancy/Content/OurContent/Sounds/Player/FootStep/Player_FS_Concrete_-_Moon01_Cue.uasset" 3314
"../../../../../UnrealEngine_Project/Perpetual_Dependancy_Github/Perpetual_Dependancy/Perpetual_Dependancy/Content/OurContent/Sounds/Player/FootStep/Player_FS_Concrete_-_01.uasset" 3315
"../../../../../UnrealEngine_Project/Perpetual_Dependancy_Github/Perpetual_Dependancy/Perpetual_Dependancy/Content/OurContent/Sounds/Player/FootStep/Player_FS_Concrete_-_02.uasset" 3316
"../../../../../UnrealEngine_Project/Perpetual_Dependancy_Github/Perpetual_Dependancy/Perpetual_Dependancy/Content/OurContent/Sounds/Player/FootStep/Player_FS_Concrete_-_03.uasset" 3317
"../../../../../UnrealEngine_Project/Perpetual_Dependancy_Github/Perpetual_Dependancy/Perpetual_Dependancy/Content/OurContent/Sounds/Player/FootStep/Player_FS_Concrete_-_04.uasset" 3318
"../../../../../UnrealEngine_Project/Perpetual_Dependancy_Github/Perpetual_Dependancy/Perpetual_Dependancy/Content/OurContent/Sounds/Player/FootStep/Player_FS_Concrete_-_05.uasset" 3319
"../../../../../UnrealEngine_Project/Perpetual_Dependancy_Github/Perpetual_Dependancy/Perpetual_Dependancy/Content/OurContent/Sounds/Player/FootStep/Player_FS_Concrete_-_06.uasset" 3320
"../../../../../UnrealEngine_Project/Perpetual_Dependancy_Github/Perpetual_Dependancy/Perpetual_Dependancy/Content/OurContent/Sounds/Player/FootStep/Player_FS_Concrete_-_07.uasset" 3321
"../../../../../UnrealEngine_Project/Perpetual_Dependancy_Github/Perpetual_Dependancy/Perpetual_Dependancy/Content/OurContent/Sounds/Player/FootStep/Player_FS_Concrete_-_08.uasset" 3322
"../../../../../UnrealEngine_Project/Perpetual_Dependancy_Github/Perpetual_Dependancy/Perpetual_Dependancy/Content/OurContent/Sounds/Player/FS_Reverb/Player_FS_Reverb_-_01.uasset" 3323
"../../../../../UnrealEngine_Project/Perpetual_Dependancy_Github/Perpetual_Dependancy/Perpetual_Dependancy/Content/OurContent/Sounds/Player/FS_Reverb/Player_FS_Reverb_-_02.uasset" 3324
"../../../../../UnrealEngine_Project/Perpetual_Dependancy_Github/Perpetual_Dependancy/Perpetual_Dependancy/Content/OurContent/Sounds/Player/FS_Reverb/Player_FS_Reverb_-_03.uasset" 3325
"../../../../../UnrealEngine_Project/Perpetual_Dependancy_Github/Perpetual_Dependancy/Perpetual_Dependancy/Content/OurContent/Sounds/Player/FS_Reverb/Player_FS_Reverb_-_04.uasset" 3326
"../../../../../UnrealEngine_Project/Perpetual_Dependancy_Github/Perpetual_Dependancy/Perpetual_Dependancy/Content/OurContent/Sounds/Player/FS_Reverb/Player_FS_Reverb_-_05.uasset" 3327
"../../../../../UnrealEngine_Project/Perpetual_Dependancy_Github/Perpetual_Dependancy/Perpetual_Dependancy/Content/OurContent/Sounds/Player/FS_Reverb/Player_FS_Reverb_-_06.uasset" 3328
"../../../../../UnrealEngine_Project/Perpetual_Dependancy_Github/Perpetual_Dependancy/Perpetual_Dependancy/Content/OurContent/Sounds/Player/FS_Reverb/Player_FS_Reverb_-_07.uasset" 3329
"../../../../../UnrealEngine_Project/Perpetual_Dependancy_Github/Perpetual_Dependancy/Perpetual_Dependancy/Content/OurContent/Sounds/Player/FS_Reverb/Player_FS_Reverb_-_08.uasset" 3330
"../../../../../UnrealEngine_Project/Perpetual_Dependancy_Github/Perpetual_Dependancy/Perpetual_Dependancy/Content/OurContent/Sounds/Player/Jump/Player_Jump_Concrete_Moon_-_01_Cue.uasset" 3331
"../../../../../UnrealEngine_Project/Perpetual_Dependancy_Github/Perpetual_Dependancy/Perpetual_Dependancy/Content/OurContent/Sounds/Player/Jump/Player_Jump_Concrete_A_-_01.uasset" 3332
"../../../../../UnrealEngine_Project/Perpetual_Dependancy_Github/Perpetual_Dependancy/Perpetual_Dependancy/Content/OurContent/Sounds/Player/Jump/Player_Jump_Concrete_A_-_02.uasset" 3333
"../../../../../UnrealEngine_Project/Perpetual_Dependancy_Github/Perpetual_Dependancy/Perpetual_Dependancy/Content/OurContent/Sounds/Player/Jump/Player_Jump_Concrete_A_-_03.uasset" 3334
"../../../../../UnrealEngine_Project/Perpetual_Dependancy_Github/Perpetual_Dependancy/Perpetual_Dependancy/Content/OurContent/Sounds/Player/Jump/Player_Jump_Concrete_A_-_04.uasset" 3335
"../../../../../UnrealEngine_Project/Perpetual_Dependancy_Github/Perpetual_Dependancy/Perpetual_Dependancy/Content/OurContent/Sounds/Player/Jump/Player_Jump_Concrete_B_-_01.uasset" 3336
"../../../../../UnrealEngine_Project/Perpetual_Dependancy_Github/Perpetual_Dependancy/Perpetual_Dependancy/Content/OurContent/Sounds/Player/Jump/Player_Jump_Concrete_B_-_02.uasset" 3337
"../../../../../UnrealEngine_Project/Perpetual_Dependancy_Github/Perpetual_Dependancy/Perpetual_Dependancy/Content/OurContent/Sounds/Player/Jump/Player_Jump_Concrete_B_-_03.uasset" 3338
"../../../../../UnrealEngine_Project/Perpetual_Dependancy_Github/Perpetual_Dependancy/Perpetual_Dependancy/Content/OurContent/Sounds/Player/Jump/Player_Jump_Concrete_B_-_04.uasset" 3339
"../../../../../UnrealEngine_Project/Perpetual_Dependancy_Github/Perpetual_Dependancy/Perpetual_Dependancy/Content/OurContent/Sounds/Player/Jump/Player_Jump_Concrete_C_-_01.uasset" 3340
"../../../../../UnrealEngine_Project/Perpetual_Dependancy_Github/Perpetual_Dependancy/Perpetual_Dependancy/Content/OurContent/Sounds/Player/Jump/Player_Jump_Concrete_C_-_02.uasset" 3341
"../../../../../UnrealEngine_Project/Perpetual_Dependancy_Github/Perpetual_Dependancy/Perpetual_Dependancy/Content/OurContent/Sounds/Player/Jump/Player_Jump_Concrete_C_-_03.uasset" 3342
"../../../../../UnrealEngine_Project/Perpetual_Dependancy_Github/Perpetual_Dependancy/Perpetual_Dependancy/Content/OurContent/Sounds/Player/Jump/Player_Jump_Concrete_C_-_04.uasset" 3343
"../../../../../UnrealEngine_Project/Perpetual_Dependancy_Github/Perpetual_Dependancy/Perpetual_Dependancy/Content/OurContent/Sounds/Player/Jump/Player_Jump_Concrete_Usual_-_01_Cue.uasset" 3344
"../../../../../UnrealEngine_Project/Perpetual_Dependancy_Github/Perpetual_Dependancy/Perpetual_Dependancy/Content/OurContent/Sounds/Player/Jump/Player_Land_Concrete_Moon_-_01_Cue.uasset" 3345
"../../../../../UnrealEngine_Project/Perpetual_Dependancy_Github/Perpetual_Dependancy/Perpetual_Dependancy/Content/OurContent/Sounds/Player/Jump/Player_Land_Concrete_A_-_01.uasset" 3346
"../../../../../UnrealEngine_Project/Perpetual_Dependancy_Github/Perpetual_Dependancy/Perpetual_Dependancy/Content/OurContent/Sounds/Player/Jump/Player_Land_Concrete_A_-_02.uasset" 3347
"../../../../../UnrealEngine_Project/Perpetual_Dependancy_Github/Perpetual_Dependancy/Perpetual_Dependancy/Content/OurContent/Sounds/Player/Jump/Player_Land_Concrete_A_-_03.uasset" 3348
"../../../../../UnrealEngine_Project/Perpetual_Dependancy_Github/Perpetual_Dependancy/Perpetual_Dependancy/Content/OurContent/Sounds/Player/Jump/Player_Land_Concrete_A_-_04.uasset" 3349
"../../../../../UnrealEngine_Project/Perpetual_Dependancy_Github/Perpetual_Dependancy/Perpetual_Dependancy/Content/OurContent/Sounds/Player/Jump/Player_Land_Concrete_B_-_01.uasset" 3350
"../../../../../UnrealEngine_Project/Perpetual_Dependancy_Github/Perpetual_Dependancy/Perpetual_Dependancy/Content/OurContent/Sounds/Player/Jump/Player_Land_Concrete_B_-_02.uasset" 3351
"../../../../../UnrealEngine_Project/Perpetual_Dependancy_Github/Perpetual_Dependancy/Perpetual_Dependancy/Content/OurContent/Sounds/Player/Jump/Player_Land_Concrete_B_-_03.uasset" 3352
"../../../../../UnrealEngine_Project/Perpetual_Dependancy_Github/Perpetual_Dependancy/Perpetual_Dependancy/Content/OurContent/Sounds/Player/Jump/Player_Land_Concrete_B_-_04.uasset" 3353
"../../../../../UnrealEngine_Project/Perpetual_Dependancy_Github/Perpetual_Dependancy/Perpetual_Dependancy/Content/OurContent/Sounds/Player/Jump/Player_Land_Concrete_C_-_01.uasset" 3354
"../../../../../UnrealEngine_Project/Perpetual_Dependancy_Github/Perpetual_Dependancy/Perpetual_Dependancy/Content/OurContent/Sounds/Player/Jump/Player_Land_Concrete_C_-_02.uasset" 3355
"../../../../../UnrealEngine_Project/Perpetual_Dependancy_Github/Perpetual_Dependancy/Perpetual_Dependancy/Content/OurContent/Sounds/Player/Jump/Player_Land_Concrete_C_-_03.uasset" 3356
"../../../../../UnrealEngine_Project/Perpetual_Dependancy_Github/Perpetual_Dependancy/Perpetual_Dependancy/Content/OurContent/Sounds/Player/Jump/Player_Land_Concrete_C_-_04.uasset" 3357
"../../../../../UnrealEngine_Project/Perpetual_Dependancy_Github/Perpetual_Dependancy/Perpetual_Dependancy/Content/OurContent/Sounds/Player/Reverb/Player_Land_Reverb_-_01.uasset" 3358
"../../../../../UnrealEngine_Project/Perpetual_Dependancy_Github/Perpetual_Dependancy/Perpetual_Dependancy/Content/OurContent/Sounds/Player/Reverb/Player_Land_Reverb_-_02.uasset" 3359
"../../../../../UnrealEngine_Project/Perpetual_Dependancy_Github/Perpetual_Dependancy/Perpetual_Dependancy/Content/OurContent/Sounds/Player/Reverb/Player_Land_Reverb_-_03.uasset" 3360
"../../../../../UnrealEngine_Project/Perpetual_Dependancy_Github/Perpetual_Dependancy/Perpetual_Dependancy/Content/OurContent/Sounds/Player/Reverb/Player_Land_Reverb_-_04.uasset" 3361
"../../../../../UnrealEngine_Project/Perpetual_Dependancy_Github/Perpetual_Dependancy/Perpetual_Dependancy/Content/OurContent/Sounds/Player/Jump/Player_Land_Concrete_Usual_-_01_Cue.uasset" 3362
"../../../../../UnrealEngine_Project/Perpetual_Dependancy_Github/Perpetual_Dependancy/Perpetual_Dependancy/Content/OurContent/Sounds/Music/Pigments_pad__01_V2_-_01_Cue.uasset" 3363
"../../../../../UnrealEngine_Project/Perpetual_Dependancy_Github/Perpetual_Dependancy/Perpetual_Dependancy/Content/OurContent/Sounds/Music/Pigments_pad__01_V2_-_01.uasset" 3364
"../../../../../UnrealEngine_Project/Perpetual_Dependancy_Github/Perpetual_Dependancy/Perpetual_Dependancy/Content/OurContent/Sounds/NormalizedSound/0_-_Boucle_4_MC_V1-23LUFS_Cue.uasset" 3365
"../../../../../UnrealEngine_Project/Perpetual_Dependancy_Github/Perpetual_Dependancy/Perpetual_Dependancy/Content/OurContent/Sounds/NormalizedSound/0_-_Boucle_4_MC_V1-23LUFS.uasset" 3366
"../../../../../UnrealEngine_Project/Perpetual_Dependancy_Github/Perpetual_Dependancy/Perpetual_Dependancy/Content/OurContent/Sounds/NormalizedSound/10_-_Boucle_2_-_MC_to_friend_V1-23LUFS_Cue.uasset" 3367
"../../../../../UnrealEngine_Project/Perpetual_Dependancy_Github/Perpetual_Dependancy/Perpetual_Dependancy/Content/OurContent/Sounds/NormalizedSound/10_-_Boucle_2_-_MC_to_friend_V1-23LUFS.uasset" 3368
"../../../../../UnrealEngine_Project/Perpetual_Dependancy_Github/Perpetual_Dependancy/Perpetual_Dependancy/Content/OurContent/Sounds/NormalizedSound/15_-_Boucle_2_MC_V1-23LUFS_Cue.uasset" 3369
"../../../../../UnrealEngine_Project/Perpetual_Dependancy_Github/Perpetual_Dependancy/Perpetual_Dependancy/Content/OurContent/Sounds/NormalizedSound/15_-_Boucle_2_MC_V1-23LUFS.uasset" 3370
"../../../../../UnrealEngine_Project/Perpetual_Dependancy_Github/Perpetual_Dependancy/Perpetual_Dependancy/Content/OurContent/Sounds/NormalizedSound/18_-_Boucle_3_MC_v2-23LUFS_Cue.uasset" 3371
"../../../../../UnrealEngine_Project/Perpetual_Dependancy_Github/Perpetual_Dependancy/Perpetual_Dependancy/Content/OurContent/Sounds/NormalizedSound/18_-_Boucle_3_MC_v2-23LUFS.uasset" 3372
"../../../../../UnrealEngine_Project/Perpetual_Dependancy_Github/Perpetual_Dependancy/Perpetual_Dependancy/Content/OurContent/Sounds/NormalizedSound/20_-_boucle_1_MC_V1-23LUFS_Cue.uasset" 3373
"../../../../../UnrealEngine_Project/Perpetual_Dependancy_Github/Perpetual_Dependancy/Perpetual_Dependancy/Content/OurContent/Sounds/NormalizedSound/20_-_boucle_1_MC_V1-23LUFS.uasset" 3374
"../../../../../UnrealEngine_Project/Perpetual_Dependancy_Github/Perpetual_Dependancy/Perpetual_Dependancy/Content/OurContent/Sounds/NormalizedSound/22_-_boucle_1_MC_V1-23LUFS_Cue.uasset" 3375
"../../../../../UnrealEngine_Project/Perpetual_Dependancy_Github/Perpetual_Dependancy/Perpetual_Dependancy/Content/OurContent/Sounds/NormalizedSound/22_-_boucle_1_MC_V1-23LUFS.uasset" 3376
"../../../../../UnrealEngine_Project/Perpetual_Dependancy_Github/Perpetual_Dependancy/Perpetual_Dependancy/Content/OurContent/Sounds/NormalizedSound/28_-_Boucle_2_V1-23LUFS_Cue.uasset" 3377
"../../../../../UnrealEngine_Project/Perpetual_Dependancy_Github/Perpetual_Dependancy/Perpetual_Dependancy/Content/OurContent/Sounds/NormalizedSound/28_-_Boucle_2_V1-23LUFS.uasset" 3378
"../../../../../UnrealEngine_Project/Perpetual_Dependancy_Github/Perpetual_Dependancy/Perpetual_Dependancy/Content/OurContent/Sounds/NormalizedSound/2eme_antidote_-_Boucle_3_V2-23LUFS_Cue.uasset" 3379
"../../../../../UnrealEngine_Project/Perpetual_Dependancy_Github/Perpetual_Dependancy/Perpetual_Dependancy/Content/OurContent/Sounds/NormalizedSound/2eme_antidote_-_Boucle_3_V2-23LUFS.uasset" 3380
"../../../../../UnrealEngine_Project/Perpetual_Dependancy_Github/Perpetual_Dependancy/Perpetual_Dependancy/Content/OurContent/Sounds/NormalizedSound/5_-_boucle_2_MC_V1-23LUFS_Cue.uasset" 3381
"../../../../../UnrealEngine_Project/Perpetual_Dependancy_Github/Perpetual_Dependancy/Perpetual_Dependancy/Content/OurContent/Sounds/NormalizedSound/5_-_boucle_2_MC_V1-23LUFS.uasset" 3382
"../../../../../UnrealEngine_Project/Perpetual_Dependancy_Github/Perpetual_Dependancy/Perpetual_Dependancy/Content/OurContent/Sounds/NormalizedSound/Boucle_4_+_MC_1_V1-23LUFS_Cue.uasset" 3383
"../../../../../UnrealEngine_Project/Perpetual_Dependancy_Github/Perpetual_Dependancy/Perpetual_Dependancy/Content/OurContent/Sounds/NormalizedSound/Boucle_4_+_MC_1_V1-23LUFS.uasset" 3384
"../../../../../UnrealEngine_Project/Perpetual_Dependancy_Github/Perpetual_Dependancy/Perpetual_Dependancy/Content/OurContent/Sounds/NormalizedSound/Boucle_4_+_MC_2_V1-23LUFS_Cue.uasset" 3385
"../../../../../UnrealEngine_Project/Perpetual_Dependancy_Github/Perpetual_Dependancy/Perpetual_Dependancy/Content/OurContent/Sounds/NormalizedSound/Boucle_4_+_MC_2_V1-23LUFS.uasset" 3386
"../../../../../UnrealEngine_Project/Perpetual_Dependancy_Github/Perpetual_Dependancy/Perpetual_Dependancy/Content/OurContent/Sounds/NormalizedSound/Prise_de_l_antidote_-_Boucle_3_V2-23LUFS_Cue.uasset" 3387
"../../../../../UnrealEngine_Project/Perpetual_Dependancy_Github/Perpetual_Dependancy/Perpetual_Dependancy/Content/OurContent/Sounds/NormalizedSound/Prise_de_l_antidote_-_Boucle_3_V2-23LUFS.uasset" 3388
"../../../../../UnrealEngine_Project/Perpetual_Dependancy_Github/Perpetual_Dependancy/Perpetual_Dependancy/Content/OurContent/Sounds/NormalizedSound/Quand_on_voit_un_antidote_V1-23LUFS_Cue.uasset" 3389
"../../../../../UnrealEngine_Project/Perpetual_Dependancy_Github/Perpetual_Dependancy/Perpetual_Dependancy/Content/OurContent/Sounds/NormalizedSound/Quand_on_voit_un_antidote_V1-23LUFS.uasset" 3390
"../../../../../UnrealEngine_Project/Perpetual_Dependancy_Github/Perpetual_Dependancy/Perpetual_Dependancy/Content/OurContent/Sounds/Player/Death_Drug.uasset" 3391
"../../../../../UnrealEngine_Project/Perpetual_Dependancy_Github/Perpetual_Dependancy/Perpetual_Dependancy/Content/OurContent/Sounds/Player/Lack/Withdrawal_Hi_Drone_-_01_Cue.uasset" 3392
"../../../../../UnrealEngine_Project/Perpetual_Dependancy_Github/Perpetual_Dependancy/Perpetual_Dependancy/Content/OurContent/Sounds/Player/Lack/Withdrawal_Hi_Drone_-_01.uasset" 3393
"../../../../../UnrealEngine_Project/Perpetual_Dependancy_Github/Perpetual_Dependancy/Perpetual_Dependancy/Content/OurContent/Sounds/Player/Lack/Withdrawal_Kick_-_01.uasset" 3394
"../../../../../UnrealEngine_Project/Perpetual_Dependancy_Github/Perpetual_Dependancy/Perpetual_Dependancy/Content/OurContent/Sounds/Player/Overdose/Overdose_Hi_Drone_-_01_Cue.uasset" 3395
"../../../../../UnrealEngine_Project/Perpetual_Dependancy_Github/Perpetual_Dependancy/Perpetual_Dependancy/Content/OurContent/Sounds/Player/Overdose/Overdose_Hi_Drone_-_01.uasset" 3396
"../../../../../UnrealEngine_Project/Perpetual_Dependancy_Github/Perpetual_Dependancy/Perpetual_Dependancy/Content/OurContent/Sounds/Player/Overdose/Overdose_Kick_-_01.uasset" 3397
"../../../../../UnrealEngine_Project/Perpetual_Dependancy_Github/Perpetual_Dependancy/Perpetual_Dependancy/Content/OurContent/Sounds/VO/11_-_Boucle_1-23_LUFS_Cue.uasset" 3398
"../../../../../UnrealEngine_Project/Perpetual_Dependancy_Github/Perpetual_Dependancy/Perpetual_Dependancy/Content/OurContent/Sounds/VO/11_-_Boucle_1-23_LUFS.uasset" 3399
"../../../../../UnrealEngine_Project/Perpetual_Dependancy_Github/Perpetual_Dependancy/Perpetual_Dependancy/Content/OurContent/Sounds/VO/12_-_Boucle_2_-_Doc-23_LUFS_Cue.uasset" 3400
"../../../../../UnrealEngine_Project/Perpetual_Dependancy_Github/Perpetual_Dependancy/Perpetual_Dependancy/Content/OurContent/Sounds/VO/12_-_Boucle_2_-_Doc-23_LUFS.uasset" 3401
"../../../../../UnrealEngine_Project/Perpetual_Dependancy_Github/Perpetual_Dependancy/Perpetual_Dependancy/Content/OurContent/Sounds/VO/12_-_Boucle_2_-_MC-23_LUFS_v2_Cue.uasset" 3402
"../../../../../UnrealEngine_Project/Perpetual_Dependancy_Github/Perpetual_Dependancy/Perpetual_Dependancy/Content/OurContent/Sounds/VO/12_-_Boucle_2_-_MC-23_LUFS_v2.uasset" 3403
"../../../../../UnrealEngine_Project/Perpetual_Dependancy_Github/Perpetual_Dependancy/Perpetual_Dependancy/Content/OurContent/Sounds/VO/22_-_Boucle_2_MC_v2-23LUFS_Cue.uasset" 3404
"../../../../../UnrealEngine_Project/Perpetual_Dependancy_Github/Perpetual_Dependancy/Perpetual_Dependancy/Content/OurContent/Sounds/VO/22_-_Boucle_2_MC_v2-23LUFS.uasset" 3405
"../../../../../UnrealEngine_Project/Perpetual_Dependancy_Github/Perpetual_Dependancy/Perpetual_Dependancy/Content/OurContent/Sounds/VO/End_Hospital_Breath_-_02_Cue.uasset" 3406
"../../../../../UnrealEngine_Project/Perpetual_Dependancy_Github/Perpetual_Dependancy/Perpetual_Dependancy/Content/OurContent/Sounds/VO/End_Hospital_Breath_-_02.uasset" 3407
"../../../../../UnrealEngine_Project/Perpetual_Dependancy_Github/Perpetual_Dependancy/Perpetual_Dependancy/Content/OurContent/Sounds/VO/Main_VO/Loop0/Boucle_01_A_-_01_Cue.uasset" 3408
"../../../../../UnrealEngine_Project/Perpetual_Dependancy_Github/Perpetual_Dependancy/Perpetual_Dependancy/Content/OurContent/Sounds/VO/Main_VO/Loop0/Boucle_01_A_-_01.uasset" 3409
"../../../../../UnrealEngine_Project/Perpetual_Dependancy_Github/Perpetual_Dependancy/Perpetual_Dependancy/Content/OurContent/Sounds/VO/Main_VO/Loop0/Boucle_01_B_-_03_Cue.uasset" 3410
"../../../../../UnrealEngine_Project/Perpetual_Dependancy_Github/Perpetual_Dependancy/Perpetual_Dependancy/Content/OurContent/Sounds/VO/Main_VO/Loop0/Boucle_01_B_-_03.uasset" 3411
"../../../../../UnrealEngine_Project/Perpetual_Dependancy_Github/Perpetual_Dependancy/Perpetual_Dependancy/Content/OurContent/Sounds/VO/Main_VO/Loop0/Boucle_01_C_-_01_Cue.uasset" 3412
"../../../../../UnrealEngine_Project/Perpetual_Dependancy_Github/Perpetual_Dependancy/Perpetual_Dependancy/Content/OurContent/Sounds/VO/Main_VO/Loop0/Boucle_01_C_-_01.uasset" 3413
"../../../../../UnrealEngine_Project/Perpetual_Dependancy_Github/Perpetual_Dependancy/Perpetual_Dependancy/Content/OurContent/Sounds/VO/Main_VO/Loop0/Intro.uasset" 3414
"../../../../../UnrealEngine_Project/Perpetual_Dependancy_Github/Perpetual_Dependancy/Perpetual_Dependancy/Content/OurContent/Sounds/VO/Main_VO/Loop0/Salle_1_-_01_V2.uasset" 3415
"../../../../../UnrealEngine_Project/Perpetual_Dependancy_Github/Perpetual_Dependancy/Perpetual_Dependancy/Content/OurContent/Sounds/VO/Main_VO/Loop0/Tinnitus_-_01.uasset" 3416
"../../../../../UnrealEngine_Project/Perpetual_Dependancy_Github/Perpetual_Dependancy/Perpetual_Dependancy/Content/OurContent/Sounds/VO/Main_VO/Loop1+/IntroLoop.uasset" 3417
"../../../../../UnrealEngine_Project/Perpetual_Dependancy_Github/Perpetual_Dependancy/Perpetual_Dependancy/Content/OurContent/Sounds/VO/Main_VO/Loop1+/Loop_-_01.uasset" 3418
"../../../../../UnrealEngine_Project/Perpetual_Dependancy_Github/Perpetual_Dependancy/Perpetual_Dependancy/Content/OurContent/Sounds/VO/Main_VO/Loop1+/IntroLoop2+.uasset" 3419
"../../../../../UnrealEngine_Project/Perpetual_Dependancy_Github/Perpetual_Dependancy/Perpetual_Dependancy/Content/OurContent/Sounds/VO/Main_VO/Loop1+/Loop_-_02.uasset" 3420
"../../../../../UnrealEngine_Project/Perpetual_Dependancy_Github/Perpetual_Dependancy/Perpetual_Dependancy/Content/OurContent/Sounds/VO/Main_VO/Loop1+/Loop_-_03.uasset" 3421
"../../../../../UnrealEngine_Project/Perpetual_Dependancy_Github/Perpetual_Dependancy/Perpetual_Dependancy/Content/OurContent/Sounds/VO/Main_VO/Loop1+/Loop_-_04.uasset" 3422
"../../../../../UnrealEngine_Project/Perpetual_Dependancy_Github/Perpetual_Dependancy/Perpetual_Dependancy/Content/OurContent/Widgets/WG_FPS.uasset" 3423
"../../../Engine/Content/Maps/Templates/HLODs/HLODLayer_Instanced.uasset" 3424
"../../../../../UnrealEngine_Project/Perpetual_Dependancy_Github/Perpetual_Dependancy/Perpetual_Dependancy/Content/__ExternalActors__/ThirdPerson/Maps/ThirdPersonMap/0/43/HYQWORMY4JDQ5X3OKZXFLC.uasset" 3425
"C:/Users/Yannick/AppData/Local/UnrealEngine/Common/DerivedDataCache/Buckets/BulkDataList/9b/81/261f26814592f915b8ac1f53f42a74a36917.udd" 3426
"C:/Users/Yannick/AppData/Local/UnrealEngine/Common/DerivedDataCache/Buckets/BulkDataList/67/81/b562c7a4d113983518e14057faa5eefc5d2b.udd" 3427
"C:/Users/Yannick/AppData/Local/UnrealEngine/Common/DerivedDataCache/Buckets/BulkDataList/2c/e6/675426fc1eeb674a4190d5799622d05a3969.udd" 3428
"C:/Users/Yannick/AppData/Local/UnrealEngine/Common/DerivedDataCache/Buckets/BulkDataList/74/78/7afdf4b5434b16effe649b77ea0077445e5f.udd" 3429
"C:/Users/Yannick/AppData/Local/UnrealEngine/Common/DerivedDataCache/Buckets/BulkDataList/eb/85/acc42aa8e71de5bcec3bd0f94b5993553ff2.udd" 3430
"C:/Users/Yannick/AppData/Local/UnrealEngine/Common/DerivedDataCache/Buckets/BulkDataList/b4/f5/42e1449a8f977aa6924aa1566d5dcba549e3.udd" 3431
"C:/Users/Yannick/AppData/Local/UnrealEngine/Common/DerivedDataCache/Buckets/BulkDataList/ea/d6/9bf1e4066158e4405f09f722e55298bc5d9d.udd" 3432
"C:/Users/Yannick/AppData/Local/UnrealEngine/Common/DerivedDataCache/Buckets/BulkDataList/82/d4/a08bd60681a0910c7399200115f9306f8321.udd" 3433
"C:/Users/Yannick/AppData/Local/UnrealEngine/Common/DerivedDataCache/Buckets/BulkDataList/8d/04/ce98dee6026b28afe6c6c30263d4170697b5.udd" 3434
"C:/Users/Yannick/AppData/Local/UnrealEngine/Common/DerivedDataCache/Buckets/BulkDataList/24/20/cc29bad2de07f03c5ba2456bf0b8382f957d.udd" 3435
"C:/Users/Yannick/AppData/Local/UnrealEngine/Common/DerivedDataCache/Buckets/BulkDataList/05/ef/ec321fb7f7d6c08b88033d3ede4e56be1058.udd" 3436
"C:/Users/Yannick/AppData/Local/UnrealEngine/Common/DerivedDataCache/Buckets/BulkDataList/75/a9/c3abcefc599798c85b5b616c65a2dc2e6018.udd" 3437
"C:/Users/Yannick/AppData/Local/UnrealEngine/Common/DerivedDataCache/Buckets/BulkDataList/f0/48/0ac136822aadfefc431f17ea22164f003316.udd" 3438
"C:/Users/Yannick/AppData/Local/UnrealEngine/Common/DerivedDataCache/Buckets/BulkDataList/35/5d/c2c7a6199bae102de2b75caf9c8148066a97.udd" 3439
"C:/Users/Yannick/AppData/Local/UnrealEngine/Common/DerivedDataCache/Buckets/BulkDataList/fd/a2/29685de6f080e3200477ff742564bc106500.udd" 3440
"C:/Users/Yannick/AppData/Local/UnrealEngine/Common/DerivedDataCache/Buckets/BulkDataList/69/59/e1a674b3c4a559464c6a2414ed5dcaaac41b.udd" 3441
"C:/Users/Yannick/AppData/Local/UnrealEngine/Common/DerivedDataCache/Buckets/BulkDataList/1d/be/60d3870553a6915b22e2ccc0e56762834a01.udd" 3442
"C:/Users/Yannick/AppData/Local/UnrealEngine/Common/DerivedDataCache/Buckets/BulkDataList/b5/8c/f88723b1340af35c830d8d58f32204468108.udd" 3443
"C:/Users/Yannick/AppData/Local/UnrealEngine/Common/DerivedDataCache/Buckets/BulkDataList/85/c5/fe8db537b728688b97a348b9b50b00ae0934.udd" 3444
"C:/Users/Yannick/AppData/Local/UnrealEngine/Common/DerivedDataCache/Buckets/BulkDataList/99/06/d6f0f6abbb407db356ec35eae480edac2e9d.udd" 3445
"C:/Users/Yannick/AppData/Local/UnrealEngine/Common/DerivedDataCache/Buckets/BulkDataList/45/f7/953249b60426da5ffcada7b7e68ba19066c4.udd" 3446
"C:/Users/Yannick/AppData/Local/UnrealEngine/Common/DerivedDataCache/Buckets/BulkDataList/36/73/d1bfa38d8d34575382a7d67ca3099ef67088.udd" 3447
"C:/Users/Yannick/AppData/Local/UnrealEngine/Common/DerivedDataCache/Buckets/BulkDataList/b2/af/ad1be77ee9503d3ed7bae181c59da9758e97.udd" 3448
"C:/Users/Yannick/AppData/Local/UnrealEngine/Common/DerivedDataCache/Buckets/BulkDataList/09/71/4fad0a7411750c26706fba6366b358853573.udd" 3449
"C:/Users/Yannick/AppData/Local/UnrealEngine/Common/DerivedDataCache/Buckets/BulkDataList/d1/8b/8c9b0f76a47d7797eeff9ecb31a33917c7b5.udd" 3450
"C:/Users/Yannick/AppData/Local/UnrealEngine/Common/DerivedDataCache/Buckets/BulkDataList/03/44/62efcd54b92a836bb60582f2d0d7965833ef.udd" 3451
"C:/Users/Yannick/AppData/Local/UnrealEngine/Common/DerivedDataCache/Buckets/BulkDataList/03/ac/dc9e9d98b4d8c387a930ec412cde4f08fbe0.udd" 3452
"C:/Users/Yannick/AppData/Local/UnrealEngine/Common/DerivedDataCache/Buckets/BulkDataList/0d/ab/c6829be0b16f97a859c2f744541d53e4f1f8.udd" 3453
"C:/Users/Yannick/AppData/Local/UnrealEngine/Common/DerivedDataCache/Buckets/BulkDataList/0e/91/0092d4b6a719d660b324ca9bcd1f65336e6b.udd" 3454
"C:/Users/Yannick/AppData/Local/UnrealEngine/Common/DerivedDataCache/Buckets/BulkDataList/12/e7/ade9fe759ed1b68f2f4b0aebbd2dab57cc1d.udd" 3455
"C:/Users/Yannick/AppData/Local/UnrealEngine/Common/DerivedDataCache/Buckets/BulkDataList/cd/34/8d0db302f560f12cd8b1b4473cf622a2a470.udd" 3456
"C:/Users/Yannick/AppData/Local/UnrealEngine/Common/DerivedDataCache/Buckets/BulkDataList/b7/57/bff8f08f698389b2c5f5a5ba02c5b7ffc5a2.udd" 3457
"C:/Users/Yannick/AppData/Local/UnrealEngine/Common/DerivedDataCache/Buckets/BulkDataList/63/ef/5789879f4cec7441da265b1fabfcd529ecb2.udd" 3458
"C:/Users/Yannick/AppData/Local/UnrealEngine/Common/DerivedDataCache/Buckets/BulkDataList/28/84/37543340bce0391544be5ca8bf7edc17a9ae.udd" 3459
"C:/Users/Yannick/AppData/Local/UnrealEngine/Common/DerivedDataCache/Buckets/BulkDataList/d6/dd/ee4d3e681a131ab564b52ba00d0c86996fb2.udd" 3460
"C:/Users/Yannick/AppData/Local/UnrealEngine/Common/DerivedDataCache/Buckets/BulkDataList/c3/cb/0a197aa8fcfe135d5e4ab65f90b064385d20.udd" 3461
"C:/Users/Yannick/AppData/Local/UnrealEngine/Common/DerivedDataCache/Buckets/BulkDataList/8e/ba/960d02be5b1f1d4eb14165f5db62bbe29621.udd" 3462
"C:/Users/Yannick/AppData/Local/UnrealEngine/Common/DerivedDataCache/Buckets/BulkDataList/b4/68/abad3b0c56e14a79f94334fb1b802bc0f1f6.udd" 3463
"C:/Users/Yannick/AppData/Local/UnrealEngine/Common/DerivedDataCache/Buckets/BulkDataList/76/2d/2f0206a49f11c6a6d617abd09b1dd4f5cdfc.udd" 3464
"C:/Users/Yannick/AppData/Local/UnrealEngine/Common/DerivedDataCache/Buckets/BulkDataList/32/97/e9ae5af6300974963e5165b1d9dbc3bf9871.udd" 3465
"C:/Users/Yannick/AppData/Local/UnrealEngine/Common/DerivedDataCache/Buckets/BulkDataList/41/df/fcc4bad7932eab3a879bf449a5a9c330f239.udd" 3466
"C:/Users/Yannick/AppData/Local/UnrealEngine/Common/DerivedDataCache/Buckets/BulkDataList/dd/dc/4aa7052b3ae374e0c40f5a49ddd062c7898f.udd" 3467
"C:/Users/Yannick/AppData/Local/UnrealEngine/Common/DerivedDataCache/Buckets/BulkDataList/1d/f5/6c1bcba41ce5f0fc5110e8b5391284dec759.udd" 3468
"C:/Users/Yannick/AppData/Local/UnrealEngine/Common/DerivedDataCache/Buckets/BulkDataList/9c/a0/42db6947a2c0ba6c16a575797d726ad276a5.udd" 3469
"C:/Users/Yannick/AppData/Local/UnrealEngine/Common/DerivedDataCache/Buckets/BulkDataList/b8/70/31b91acd01fb302ba1841b7808dd0dcb5813.udd" 3470
"C:/Users/Yannick/AppData/Local/UnrealEngine/Common/DerivedDataCache/Buckets/BulkDataList/cf/f5/3811fb735f10b48555a378162edbf45a97d9.udd" 3471
"C:/Users/Yannick/AppData/Local/UnrealEngine/Common/DerivedDataCache/Buckets/BulkDataList/c4/69/e019b40ed7a7aa3351b5bb28a7bc0aa05749.udd" 3472
"C:/Users/Yannick/AppData/Local/UnrealEngine/Common/DerivedDataCache/Buckets/BulkDataList/c0/b9/67177e3e75b4f3eeb3e8b2a308dd02d99624.udd" 3473
"C:/Users/Yannick/AppData/Local/UnrealEngine/Common/DerivedDataCache/Buckets/BulkDataList/05/0f/6f250dade0199547d06d0eda1c5fdea48ad9.udd" 3474
"C:/Users/Yannick/AppData/Local/UnrealEngine/Common/DerivedDataCache/Buckets/BulkDataList/63/cb/dfa252486351e92401405df9d18635b56975.udd" 3475
"C:/Users/Yannick/AppData/Local/UnrealEngine/Common/DerivedDataCache/Buckets/BulkDataList/26/91/9752300d3e6e7d4230a3bcd49285206202ac.udd" 3476
"C:/Users/Yannick/AppData/Local/UnrealEngine/Common/DerivedDataCache/Buckets/BulkDataList/06/99/4735d72d236822b9a21bdc2e4c4d16f20004.udd" 3477
"C:/Users/Yannick/AppData/Local/UnrealEngine/Common/DerivedDataCache/Buckets/BulkDataList/71/4d/a952e453c325b3d20b0bf18d5e1ce06b5150.udd" 3478
"C:/Users/Yannick/AppData/Local/UnrealEngine/Common/DerivedDataCache/Buckets/BulkDataList/2f/e7/df3705494c545bd0c0f1e1fe20651c417b0b.udd" 3479
"C:/Users/Yannick/AppData/Local/UnrealEngine/Common/DerivedDataCache/Buckets/BulkDataList/b9/71/fc7208533e2b72f5a11ccc285c1812487845.udd" 3480
"C:/Users/Yannick/AppData/Local/UnrealEngine/Common/DerivedDataCache/Buckets/BulkDataList/04/f0/a7dc38052f3b34166275c11b8da658118799.udd" 3481
"C:/Users/Yannick/AppData/Local/UnrealEngine/Common/DerivedDataCache/Buckets/BulkDataList/57/b2/242f8605ac610d8864aa99274ffef322b024.udd" 3482
"C:/Users/Yannick/AppData/Local/UnrealEngine/Common/DerivedDataCache/Buckets/BulkDataList/ae/e7/b5ca3617f6841427c7fc2b5f587d48996a4d.udd" 3483
"C:/Users/Yannick/AppData/Local/UnrealEngine/Common/DerivedDataCache/Buckets/BulkDataList/86/b7/9fc16819e9224c581d8dc11366bf590be6ef.udd" 3484
"C:/Users/Yannick/AppData/Local/UnrealEngine/Common/DerivedDataCache/Buckets/BulkDataList/82/08/cbea3d3bd1a4a7a84fd29934b744f1ff478c.udd" 3485
"C:/Users/Yannick/AppData/Local/UnrealEngine/Common/DerivedDataCache/Buckets/BulkDataList/38/33/5a83a345d85cb93220a44fef008de6655f2b.udd" 3486
"C:/Users/Yannick/AppData/Local/UnrealEngine/Common/DerivedDataCache/Buckets/BulkDataList/b8/a3/d8951f90a0e1a46dca0ea6ee63bb0ab2f297.udd" 3487
"C:/Users/Yannick/AppData/Local/UnrealEngine/Common/DerivedDataCache/Buckets/BulkDataList/df/15/9a5306d52a595afaf594dd903e701165dec8.udd" 3488
"C:/Users/Yannick/AppData/Local/UnrealEngine/Common/DerivedDataCache/Buckets/BulkDataList/30/35/43d7ebbf12d297cbbc054e82a1859b270663.udd" 3489
"C:/Users/Yannick/AppData/Local/UnrealEngine/Common/DerivedDataCache/Buckets/BulkDataList/24/f9/d4eb9cb0c1ade8d4dd82b63141a7e9535d1e.udd" 3490
"C:/Users/Yannick/AppData/Local/UnrealEngine/Common/DerivedDataCache/Buckets/BulkDataList/8e/8e/7f6b2c3863a882e045dcd6c221239bfcb91c.udd" 3491
"C:/Users/Yannick/AppData/Local/UnrealEngine/Common/DerivedDataCache/Buckets/BulkDataList/65/36/8c21b8b6753d4fb67861cacdde467b170f2e.udd" 3492
"C:/Users/Yannick/AppData/Local/UnrealEngine/Common/DerivedDataCache/Buckets/BulkDataList/10/18/759c7553a64bbdbbd6be437fb222182d716c.udd" 3493
"C:/Users/Yannick/AppData/Local/UnrealEngine/Common/DerivedDataCache/Buckets/BulkDataList/ed/c7/dde2596bfb0094b46d55df17a15cb9b6ea0e.udd" 3494
"C:/Users/Yannick/AppData/Local/UnrealEngine/Common/DerivedDataCache/Buckets/BulkDataList/d8/6c/27842d42b372970b079f96980cce6763ab4a.udd" 3495
"C:/Users/Yannick/AppData/Local/UnrealEngine/Common/DerivedDataCache/Buckets/BulkDataList/56/be/935da09f6fe4f879e502398fbc624739f1be.udd" 3496
"C:/Users/Yannick/AppData/Local/UnrealEngine/Common/DerivedDataCache/Buckets/BulkDataList/63/10/edc14168cc8d52e5613f65aa8c0d60bd2a28.udd" 3497
"C:/Users/Yannick/AppData/Local/UnrealEngine/Common/DerivedDataCache/Buckets/BulkDataList/3c/8d/c8e50ba957c7a55da7f9e7e8ffb588ddbed3.udd" 3498
"C:/Users/Yannick/AppData/Local/UnrealEngine/Common/DerivedDataCache/Buckets/BulkDataList/04/43/39dfb8eb594e6cd1aee5bb156bc6b1c382ce.udd" 3499
"C:/Users/Yannick/AppData/Local/UnrealEngine/Common/DerivedDataCache/Buckets/BulkDataList/e5/a8/25a1e99c4860285b2f2fd1e70bf78a255034.udd" 3500
"C:/Users/Yannick/AppData/Local/UnrealEngine/Common/DerivedDataCache/Buckets/BulkDataList/f3/c6/c5590c6a1476d1ef6f1173ff7053e705f113.udd" 3501
"C:/Users/Yannick/AppData/Local/UnrealEngine/Common/DerivedDataCache/Buckets/BulkDataList/71/5f/cf56bdbb98f0789f074469c8008f6f3af7e6.udd" 3502
"C:/Users/Yannick/AppData/Local/UnrealEngine/Common/DerivedDataCache/Buckets/BulkDataList/20/2e/21b4996e3baeb98c4062db734ab0d7d751be.udd" 3503
"C:/Users/Yannick/AppData/Local/UnrealEngine/Common/DerivedDataCache/Buckets/BulkDataList/28/19/93a1beddd91e1dee80d93921376aced0cf0d.udd" 3504
"C:/Users/Yannick/AppData/Local/UnrealEngine/Common/DerivedDataCache/Buckets/BulkDataList/48/d8/973614899727fbf83c6db0293ca0133e652b.udd" 3505
"C:/Users/Yannick/AppData/Local/UnrealEngine/Common/DerivedDataCache/Buckets/BulkDataList/d8/8a/52ef4204ddd946d8a03088657aa2f5bc31dd.udd" 3506
"C:/Users/Yannick/AppData/Local/UnrealEngine/Common/DerivedDataCache/Buckets/BulkDataList/48/2d/81e46fb2f229db4340c78a04ae1424f80356.udd" 3507
"C:/Users/Yannick/AppData/Local/UnrealEngine/Common/DerivedDataCache/Buckets/BulkDataList/46/4e/c4b536fa505cde01912226a7c0d4d1b36955.udd" 3508
"C:/Users/Yannick/AppData/Local/UnrealEngine/Common/DerivedDataCache/Buckets/BulkDataList/31/75/ab9a0bd0cbf34d653ef79b28817e1308d2a4.udd" 3509
"C:/Users/Yannick/AppData/Local/UnrealEngine/Common/DerivedDataCache/Buckets/BulkDataList/99/6f/213053a41ae30b01391ec66b7e697a30c9a3.udd" 3510
"C:/Users/Yannick/AppData/Local/UnrealEngine/Common/DerivedDataCache/Buckets/BulkDataList/ac/17/2bd6a395b5b3d92c23891400f91f3e5561d3.udd" 3511
"C:/Users/Yannick/AppData/Local/UnrealEngine/Common/DerivedDataCache/Buckets/BulkDataList/01/bf/98ad7fdaf562403f378aba97b3ad850bf142.udd" 3512
"C:/Users/Yannick/AppData/Local/UnrealEngine/Common/DerivedDataCache/Buckets/BulkDataList/a3/c7/19aa161cc1108682852652ce082de18f49bf.udd" 3513
"C:/Users/Yannick/AppData/Local/UnrealEngine/Common/DerivedDataCache/Buckets/BulkDataList/63/a5/2c3c6385b8ac55b4ec56f460fef35b6e32ce.udd" 3514
"C:/Users/Yannick/AppData/Local/UnrealEngine/Common/DerivedDataCache/Buckets/BulkDataList/fe/75/6be1be2db4c647319f41f51e8e06b9f44093.udd" 3515
"C:/Users/Yannick/AppData/Local/UnrealEngine/Common/DerivedDataCache/Buckets/BulkDataList/c3/2c/5c94e78767531cdd4a7772e90ea5356fcc25.udd" 3516
"C:/Users/Yannick/AppData/Local/UnrealEngine/Common/DerivedDataCache/Buckets/BulkDataList/8f/53/54b02dd83b40b742d86eb339feeef3c0792f.udd" 3517
"C:/Users/Yannick/AppData/Local/UnrealEngine/Common/DerivedDataCache/Buckets/BulkDataList/9f/c5/58eda3da7c7da62cb93d85aa328664078fdb.udd" 3518
"C:/Users/Yannick/AppData/Local/UnrealEngine/Common/DerivedDataCache/Buckets/BulkDataList/59/90/5d9a0b83eaca0f0b0b0b75700aa1b5a8d8db.udd" 3519
"C:/Users/Yannick/AppData/Local/UnrealEngine/Common/DerivedDataCache/Buckets/BulkDataList/a2/06/0e127deeb4ffbd6c59e7d54fc94fe08d8a41.udd" 3520
"C:/Users/Yannick/AppData/Local/UnrealEngine/Common/DerivedDataCache/Buckets/BulkDataList/0b/75/064ff1f8d9562bfb2d28e4a5f5fb89d29217.udd" 3521
"C:/Users/Yannick/AppData/Local/UnrealEngine/Common/DerivedDataCache/Buckets/BulkDataList/68/84/d9acb8918c8e3e7dd360227c93d37c19335e.udd" 3522
"C:/Users/Yannick/AppData/Local/UnrealEngine/Common/DerivedDataCache/Buckets/BulkDataList/26/cf/f5d99f0fe14c1521518e2fec102e908b6bc5.udd" 3523
"C:/Users/Yannick/AppData/Local/UnrealEngine/Common/DerivedDataCache/Buckets/BulkDataList/1f/db/4dd315e6f968bed7efa41bcd679a990fb6b6.udd" 3524
"C:/Users/Yannick/AppData/Local/UnrealEngine/Common/DerivedDataCache/Buckets/BulkDataList/a8/26/393e9565a24e5e8c935b617c6fc8627644b3.udd" 3525
"C:/Users/Yannick/AppData/Local/UnrealEngine/Common/DerivedDataCache/Buckets/BulkDataList/51/bc/6a902578a65f9fa1e9d249dee3475268bc22.udd" 3526
"C:/Users/Yannick/AppData/Local/UnrealEngine/Common/DerivedDataCache/Buckets/BulkDataList/7f/d6/bb93feb19e27d8e99032f7d006f6a570c622.udd" 3527
"C:/Users/Yannick/AppData/Local/UnrealEngine/Common/DerivedDataCache/Buckets/BulkDataList/1e/0d/5e487cd49e48c5abb047746af8da5edeb8a7.udd" 3528
"C:/Users/Yannick/AppData/Local/UnrealEngine/Common/DerivedDataCache/Buckets/BulkDataList/98/90/df77e9c56f0ba272cdbb37b52366f0602411.udd" 3529
"C:/Users/Yannick/AppData/Local/UnrealEngine/Common/DerivedDataCache/Buckets/BulkDataList/53/f0/c2d9d9e016dc8dc269d884610fb108e12e72.udd" 3530
"C:/Users/Yannick/AppData/Local/UnrealEngine/Common/DerivedDataCache/Buckets/BulkDataList/c3/09/3304d5d5e2f7bda77e0daab4f18f7e8fca7f.udd" 3531
"C:/Users/Yannick/AppData/Local/UnrealEngine/Common/DerivedDataCache/Buckets/BulkDataList/b4/82/55ed8d884a1f5629fe6aecb1b2f32da06424.udd" 3532
"C:/Users/Yannick/AppData/Local/UnrealEngine/Common/DerivedDataCache/Buckets/BulkDataList/14/2e/d1d92eb1f65551a2726ea65bc8d85d40df32.udd" 3533
"C:/Users/Yannick/AppData/Local/UnrealEngine/Common/DerivedDataCache/Buckets/BulkDataList/7e/38/42a56fcb1a800ca7101b619c85d6c839f9c9.udd" 3534
"C:/Users/Yannick/AppData/Local/UnrealEngine/Common/DerivedDataCache/Buckets/BulkDataList/74/7d/d6f2094cffdf36872f369c9c3e7cf6b83f68.udd" 3535
"C:/Users/Yannick/AppData/Local/UnrealEngine/Common/DerivedDataCache/Buckets/BulkDataList/80/3e/ac5b8347904230b21964e8529f813cfa15a2.udd" 3536
"C:/Users/Yannick/AppData/Local/UnrealEngine/Common/DerivedDataCache/Buckets/BulkDataList/f7/74/b11129b03bdb00dc7ddebfa84a5d54864241.udd" 3537
"C:/Users/Yannick/AppData/Local/UnrealEngine/Common/DerivedDataCache/Buckets/BulkDataList/a0/6f/08298a145af0b781da54d960bb8d8dfe3a5b.udd" 3538
"C:/Users/Yannick/AppData/Local/UnrealEngine/Common/DerivedDataCache/Buckets/BulkDataList/0c/96/087f1b703c733193c4776a637fa0c0393ba9.udd" 3539
"C:/Users/Yannick/AppData/Local/UnrealEngine/Common/DerivedDataCache/Buckets/BulkDataList/a4/de/29f9312dd89db6908c066348873c2505164b.udd" 3540
"C:/Users/Yannick/AppData/Local/UnrealEngine/Common/DerivedDataCache/Buckets/BulkDataList/a6/1a/e3f33dec031ce651d45ce3e8b92c2b07080b.udd" 3541
"C:/Users/Yannick/AppData/Local/UnrealEngine/Common/DerivedDataCache/Buckets/BulkDataList/0f/1a/78c2d331899f84feeadf53a663381e1306fe.udd" 3542
"C:/Users/Yannick/AppData/Local/UnrealEngine/Common/DerivedDataCache/Buckets/BulkDataList/68/95/3f427254a11fae38a5e83c2a150e973205c8.udd" 3543
"C:/Users/Yannick/AppData/Local/UnrealEngine/Common/DerivedDataCache/Buckets/BulkDataList/7b/b8/e2edbc0927694f430aac0fe35f4626a001a7.udd" 3544
"C:/Users/Yannick/AppData/Local/UnrealEngine/Common/DerivedDataCache/Buckets/BulkDataList/f0/8d/25c375f58b7cb965e229f65538a951a85ba3.udd" 3545
"C:/Users/Yannick/AppData/Local/UnrealEngine/Common/DerivedDataCache/Buckets/BulkDataList/40/3a/3fa071a1b144a60608acae483583172854b3.udd" 3546
"C:/Users/Yannick/AppData/Local/UnrealEngine/Common/DerivedDataCache/Buckets/BulkDataList/b3/29/8116b86cb1d9b9d41f852b12c0c993a4e096.udd" 3547
"C:/Users/Yannick/AppData/Local/UnrealEngine/Common/DerivedDataCache/Buckets/BulkDataList/ca/5e/78414860f02e974739794d1ddfe373a1f8e1.udd" 3548
"C:/Users/Yannick/AppData/Local/UnrealEngine/Common/DerivedDataCache/Buckets/BulkDataList/9d/3c/cbe87ec33657d87cde74fd29d2e9e48d5aa9.udd" 3549
"C:/Users/Yannick/AppData/Local/UnrealEngine/Common/DerivedDataCache/Buckets/BulkDataList/cd/c3/3186e56d7602305019f6cdaff86750013d0e.udd" 3550
"C:/Users/Yannick/AppData/Local/UnrealEngine/Common/DerivedDataCache/Buckets/BulkDataList/22/b6/2107f05466694aa243409836e895348a4f84.udd" 3551
"C:/Users/Yannick/AppData/Local/UnrealEngine/Common/DerivedDataCache/Buckets/BulkDataList/88/58/e756c44525dfdb602dd93f50106a456173a1.udd" 3552
"C:/Users/Yannick/AppData/Local/UnrealEngine/Common/DerivedDataCache/Buckets/BulkDataList/90/eb/520368ef82a6cee3bce1a6ef5b19f9dbdb22.udd" 3553
"C:/Users/Yannick/AppData/Local/UnrealEngine/Common/DerivedDataCache/Buckets/BulkDataList/7d/47/e32bd5460572e1262310c49552894ebdc8bc.udd" 3554
"C:/Users/Yannick/AppData/Local/UnrealEngine/Common/DerivedDataCache/Buckets/BulkDataList/70/80/df3327242eed5cd7ea9060f7bd1abb48581d.udd" 3555
"C:/Users/Yannick/AppData/Local/UnrealEngine/Common/DerivedDataCache/Buckets/BulkDataList/3e/1d/99af503d812a6b87f55f65c31a01b00143cf.udd" 3556
"C:/Users/Yannick/AppData/Local/UnrealEngine/Common/DerivedDataCache/Buckets/BulkDataList/38/ec/09bc5968ebc1d9204e82d3541c8f6028ada9.udd" 3557
"C:/Users/Yannick/AppData/Local/UnrealEngine/Common/DerivedDataCache/Buckets/BulkDataList/c2/fb/e05420d84d423a126e53e03977686b3fef2a.udd" 3558
"C:/Users/Yannick/AppData/Local/UnrealEngine/Common/DerivedDataCache/Buckets/BulkDataList/5e/78/969de78eaa74f068309bf12a7b9b449335a9.udd" 3559
"C:/Users/Yannick/AppData/Local/UnrealEngine/Common/DerivedDataCache/Buckets/BulkDataList/d7/61/fd3f820cafe2c907c70a7d396701a850110e.udd" 3560
"C:/Users/Yannick/AppData/Local/UnrealEngine/Common/DerivedDataCache/Buckets/BulkDataList/f2/7b/71855dd951fb6805be57b22df7d7d33ed5cd.udd" 3561
"C:/Users/Yannick/AppData/Local/UnrealEngine/Common/DerivedDataCache/Buckets/BulkDataList/67/5f/073c2e921337446f6a23ee5fa83528e7853c.udd" 3562
"C:/Users/Yannick/AppData/Local/UnrealEngine/Common/DerivedDataCache/Buckets/BulkDataList/eb/78/7bb4f7f0fe5067f09d407294f56d7fea454f.udd" 3563
"C:/Users/Yannick/AppData/Local/UnrealEngine/Common/DerivedDataCache/Buckets/BulkDataList/5c/ec/6f5ce992f3b9d1726eb7b89fd76860ebc7a3.udd" 3564
"C:/Users/Yannick/AppData/Local/UnrealEngine/Common/DerivedDataCache/Buckets/BulkDataList/40/a7/f3b723295a3b218ce77063732f0a093081e4.udd" 3565
"C:/Users/Yannick/AppData/Local/UnrealEngine/Common/DerivedDataCache/Buckets/BulkDataList/d7/52/8b86597f3d7052198ea38d7198f884a0b5d3.udd" 3566
"C:/Users/Yannick/AppData/Local/UnrealEngine/Common/DerivedDataCache/Buckets/BulkDataList/02/75/dac97e219bebe9b1041e421c33e11e6617a1.udd" 3567
"C:/Users/Yannick/AppData/Local/UnrealEngine/Common/DerivedDataCache/Buckets/BulkDataList/34/cd/f0b5c23fb00b1f96edfa956d3030d9d5d94c.udd" 3568
"C:/Users/Yannick/AppData/Local/UnrealEngine/Common/DerivedDataCache/Buckets/BulkDataList/68/02/f86d13817c94e2d804a55d1b4845a6cb4d69.udd" 3569
"C:/Users/Yannick/AppData/Local/UnrealEngine/Common/DerivedDataCache/Buckets/BulkDataList/ca/eb/14e1bc80adef094a4a6068cefd18a44b6936.udd" 3570
"C:/Users/Yannick/AppData/Local/UnrealEngine/Common/DerivedDataCache/Buckets/BulkDataList/3a/28/d12ae5a1cb3f648ea27540939fe55f9b0389.udd" 3571
"C:/Users/Yannick/AppData/Local/UnrealEngine/Common/DerivedDataCache/Buckets/BulkDataList/35/a1/8f45d35c58224a67b659a38c03187d4e1d52.udd" 3572
"C:/Users/Yannick/AppData/Local/UnrealEngine/Common/DerivedDataCache/Buckets/BulkDataList/a3/8e/821c512c3d0606c4be8b6be3398e87f859be.udd" 3573
"C:/Users/Yannick/AppData/Local/UnrealEngine/Common/DerivedDataCache/Buckets/BulkDataList/69/d6/025d542e45a1599d513b3f7faac9b77563c5.udd" 3574
"C:/Users/Yannick/AppData/Local/UnrealEngine/Common/DerivedDataCache/Buckets/BulkDataList/0e/3d/18ea4ae9a45ea207fd5b9d3033002ee3e590.udd" 3575
"C:/Users/Yannick/AppData/Local/UnrealEngine/Common/DerivedDataCache/Buckets/BulkDataList/2c/64/95dd93679611a52859f87b385879217be2e1.udd" 3576
"C:/Users/Yannick/AppData/Local/UnrealEngine/Common/DerivedDataCache/Buckets/BulkDataList/50/24/8ee280f7b878a3bfbadc2a1d67e9bc3ece85.udd" 3577
"C:/Users/Yannick/AppData/Local/UnrealEngine/Common/DerivedDataCache/Buckets/BulkDataList/fe/1b/d15f172b61174d77aefb6651d51ba0ed11c3.udd" 3578
"C:/Users/Yannick/AppData/Local/UnrealEngine/Common/DerivedDataCache/Buckets/BulkDataList/25/3c/1dd6225dae2eb0e70cd2b045a339ceecbfa0.udd" 3579
"C:/Users/Yannick/AppData/Local/UnrealEngine/Common/DerivedDataCache/Buckets/BulkDataList/b0/45/fbf79aed65c614768319cdcda76b53d82182.udd" 3580
"C:/Users/Yannick/AppData/Local/UnrealEngine/Common/DerivedDataCache/Buckets/BulkDataList/87/38/1fdaecacf45a5fee9f2844cd91b09c010f71.udd" 3581
"C:/Users/Yannick/AppData/Local/UnrealEngine/Common/DerivedDataCache/Buckets/BulkDataList/d6/3a/ebf4022419e29e7238610918dd03a235fc6d.udd" 3582
"C:/Users/Yannick/AppData/Local/UnrealEngine/Common/DerivedDataCache/Buckets/BulkDataList/fd/f7/498d78a462be1ce521f926e4569c620648c4.udd" 3583
"C:/Users/Yannick/AppData/Local/UnrealEngine/Common/DerivedDataCache/Buckets/BulkDataList/f8/bf/7ac28eb43858f93de7ff65018c2991fdeeb7.udd" 3584
"C:/Users/Yannick/AppData/Local/UnrealEngine/Common/DerivedDataCache/Buckets/BulkDataList/31/73/1432411a400932905e788a88ed2922d9b7ed.udd" 3585
"C:/Users/Yannick/AppData/Local/UnrealEngine/Common/DerivedDataCache/Buckets/BulkDataList/15/a6/ca76dd8c34c60e5633fc62ef89980ebbb5fd.udd" 3586
"C:/Users/Yannick/AppData/Local/UnrealEngine/Common/DerivedDataCache/Buckets/BulkDataList/06/70/158745c52119453101204d8356509783d3c8.udd" 3587
"C:/Users/Yannick/AppData/Local/UnrealEngine/Common/DerivedDataCache/Buckets/BulkDataList/8e/ff/5557e5974f155ab3709c8e06e6c4838ada2f.udd" 3588
"C:/Users/Yannick/AppData/Local/UnrealEngine/Common/DerivedDataCache/Buckets/BulkDataList/ab/ad/97e74cbd40471d46f54b5d0dcdcbcaa62a2c.udd" 3589
"C:/Users/Yannick/AppData/Local/UnrealEngine/Common/DerivedDataCache/Buckets/BulkDataList/8b/4f/437493147bb24950beba0a55ad8cb542fbeb.udd" 3590
"C:/Users/Yannick/AppData/Local/UnrealEngine/Common/DerivedDataCache/Buckets/BulkDataList/02/56/316d5ac9a21aaedfaa892d0b630629291396.udd" 3591
"C:/Users/Yannick/AppData/Local/UnrealEngine/Common/DerivedDataCache/Buckets/BulkDataList/7f/1a/3f7ef1911c986ebab8be6184ab614c76e833.udd" 3592
"C:/Users/Yannick/AppData/Local/UnrealEngine/Common/DerivedDataCache/Buckets/BulkDataList/c6/2e/e19ba5cab3a54bc737f8ad96e5647550d35d.udd" 3593
"C:/Users/Yannick/AppData/Local/UnrealEngine/Common/DerivedDataCache/Buckets/BulkDataList/f0/97/50f183bbbcf199a16b83b746cdcb6919b594.udd" 3594
"C:/Users/Yannick/AppData/Local/UnrealEngine/Common/DerivedDataCache/Buckets/BulkDataList/9b/d1/d9e36fb0f929d25b493b588f3fac27f6f884.udd" 3595
"C:/Users/Yannick/AppData/Local/UnrealEngine/Common/DerivedDataCache/Buckets/BulkDataList/34/b8/4747ae76d344bab169efd04ac65bf122a242.udd" 3596
"C:/Users/Yannick/AppData/Local/UnrealEngine/Common/DerivedDataCache/Buckets/BulkDataList/88/17/9ba7e0aeb1274876de2a88b8fa025a6a384b.udd" 3597
"C:/Users/Yannick/AppData/Local/UnrealEngine/Common/DerivedDataCache/Buckets/BulkDataList/75/85/f4ad6696ceb98d509d5430777771ea5ea2b8.udd" 3598
"C:/Users/Yannick/AppData/Local/UnrealEngine/Common/DerivedDataCache/Buckets/BulkDataList/11/6d/ba79f2d827cc5f6e25e0743cfb5d94c54445.udd" 3599
"C:/Users/Yannick/AppData/Local/UnrealEngine/Common/DerivedDataCache/Buckets/BulkDataList/c3/b6/a68ecae1027830c1023f45e3470f54f36bb3.udd" 3600
"C:/Users/Yannick/AppData/Local/UnrealEngine/Common/DerivedDataCache/Buckets/BulkDataList/4e/4d/88ad1c5605f3cdccb80c46c5c17096ce9746.udd" 3601
"C:/Users/Yannick/AppData/Local/UnrealEngine/Common/DerivedDataCache/Buckets/BulkDataList/74/98/07239ae3780ef13e5dcc505c2e6ecfe4e588.udd" 3602
"C:/Users/Yannick/AppData/Local/UnrealEngine/Common/DerivedDataCache/Buckets/BulkDataList/6d/d1/d3c59ab97961d75b342c9a9de6785758520f.udd" 3603
"C:/Users/Yannick/AppData/Local/UnrealEngine/Common/DerivedDataCache/Buckets/BulkDataList/3a/8d/1b81e0f127b62bcad2b9cc7523f7b3fccbf0.udd" 3604
"C:/Users/Yannick/AppData/Local/UnrealEngine/Common/DerivedDataCache/Buckets/BulkDataList/de/42/5ed5a4f6280159ac1c5958f86104c906d6b1.udd" 3605
"C:/Users/Yannick/AppData/Local/UnrealEngine/Common/DerivedDataCache/Buckets/BulkDataList/68/08/c05e6b9ddec13c803ee00c48c1af5e325d1c.udd" 3606
"C:/Users/Yannick/AppData/Local/UnrealEngine/Common/DerivedDataCache/Buckets/BulkDataList/38/23/83bce3a6ee4996acf52c1ab84fb7577854d4.udd" 3607
"C:/Users/Yannick/AppData/Local/UnrealEngine/Common/DerivedDataCache/Buckets/BulkDataList/2b/50/26a18e987a35361faf2ef7ef8014c3c8561b.udd" 3608
"C:/Users/Yannick/AppData/Local/UnrealEngine/Common/DerivedDataCache/Buckets/BulkDataList/38/a8/cdb247bd82ba6d1a19968c9dfac60a8c8dc7.udd" 3609
"C:/Users/Yannick/AppData/Local/UnrealEngine/Common/DerivedDataCache/Buckets/BulkDataList/93/d6/47941da84015eb7dc1120f6db08677798ea2.udd" 3610
"C:/Users/Yannick/AppData/Local/UnrealEngine/Common/DerivedDataCache/Buckets/BulkDataList/70/31/e574d7fe3e7bb5252bbc6885dc70fcd10662.udd" 3611
"C:/Users/Yannick/AppData/Local/UnrealEngine/Common/DerivedDataCache/Buckets/BulkDataList/61/e6/37850960c416acba95478c870c506a3c1916.udd" 3612
"C:/Users/Yannick/AppData/Local/UnrealEngine/Common/DerivedDataCache/Buckets/BulkDataList/4d/d8/9f2ad4db23cd6b15e5bfc3d37ba63157556b.udd" 3613
"C:/Users/Yannick/AppData/Local/UnrealEngine/Common/DerivedDataCache/Buckets/BulkDataList/69/af/e58f151efd406b0b7449a0e0c40f2797225a.udd" 3614
"C:/Users/Yannick/AppData/Local/UnrealEngine/Common/DerivedDataCache/Buckets/BulkDataList/eb/57/08470249f74b1a9138daa86bd74674ec9fb6.udd" 3615
"C:/Users/Yannick/AppData/Local/UnrealEngine/Common/DerivedDataCache/Buckets/BulkDataList/ab/55/69635c494767adee8ba9793b24c696df824c.udd" 3616
"C:/Users/Yannick/AppData/Local/UnrealEngine/Common/DerivedDataCache/Buckets/BulkDataList/fe/af/235211c5b798cc06fdd92d8b8dec20d214d3.udd" 3617
"C:/Users/Yannick/AppData/Local/UnrealEngine/Common/DerivedDataCache/Buckets/BulkDataList/25/e1/26be9b82ea0be500008b4093574a9ca1e97e.udd" 3618
"C:/Users/Yannick/AppData/Local/UnrealEngine/Common/DerivedDataCache/Buckets/BulkDataList/9b/17/d71e8ec44451a97465aed0eea8fc275215a2.udd" 3619
"C:/Users/Yannick/AppData/Local/UnrealEngine/Common/DerivedDataCache/Buckets/BulkDataList/10/1c/f714688a6ac899797c423563e5d06928c0f0.udd" 3620
"C:/Users/Yannick/AppData/Local/UnrealEngine/Common/DerivedDataCache/Buckets/BulkDataList/27/4c/0b2134484ebde714406105357305dcd55032.udd" 3621
"C:/Users/Yannick/AppData/Local/UnrealEngine/Common/DerivedDataCache/Buckets/BulkDataList/88/39/a3fcd8584f07654066134a500ac6988c69fc.udd" 3622
"C:/Users/Yannick/AppData/Local/UnrealEngine/Common/DerivedDataCache/Buckets/BulkDataList/70/9f/5f3ec9fa24600116cf6f5c264f1f9b091ade.udd" 3623
"C:/Users/Yannick/AppData/Local/UnrealEngine/Common/DerivedDataCache/Buckets/BulkDataList/63/e6/872d7046cf9a416aee86900527c58d3c6dd3.udd" 3624
"C:/Users/Yannick/AppData/Local/UnrealEngine/Common/DerivedDataCache/Buckets/BulkDataList/2c/8e/3cb00a5b89240673cc141ba7e70598f98c07.udd" 3625
"C:/Users/Yannick/AppData/Local/UnrealEngine/Common/DerivedDataCache/Buckets/BulkDataList/b4/f9/3810c35ff945682037cc2bbf899c52e4f825.udd" 3626
"C:/Users/Yannick/AppData/Local/UnrealEngine/Common/DerivedDataCache/Buckets/BulkDataList/8f/da/c10b5257d4fb45c631f6224e291a7e2d9bbd.udd" 3627
"C:/Users/Yannick/AppData/Local/UnrealEngine/Common/DerivedDataCache/Buckets/BulkDataList/c8/7b/0733d3b76d3396e7870c8c1d5dc8cb6d4d88.udd" 3628
"C:/Users/Yannick/AppData/Local/UnrealEngine/Common/DerivedDataCache/Buckets/BulkDataList/aa/d0/d3978213751ccd0729968c88522f5b95c522.udd" 3629
"C:/Users/Yannick/AppData/Local/UnrealEngine/Common/DerivedDataCache/Buckets/BulkDataList/f2/38/a6ce1a6389e9b42be4183cd4475de89249c7.udd" 3630
"C:/Users/Yannick/AppData/Local/UnrealEngine/Common/DerivedDataCache/Buckets/BulkDataList/4a/cd/73d3a912c7d6d85d4612946d1ece18c625b8.udd" 3631
"C:/Users/Yannick/AppData/Local/UnrealEngine/Common/DerivedDataCache/Buckets/BulkDataList/e3/27/79164dd1743970a90e0906bdd3c8d69bdf7d.udd" 3632
"C:/Users/Yannick/AppData/Local/UnrealEngine/Common/DerivedDataCache/Buckets/BulkDataList/58/b4/4aa0a394fb68c33156a2cad1ff8a014c276d.udd" 3633
"C:/Users/Yannick/AppData/Local/UnrealEngine/Common/DerivedDataCache/Buckets/BulkDataList/ad/6c/6bd00edabb0f849e0cf1b09c307d1ed2a32f.udd" 3634
"C:/Users/Yannick/AppData/Local/UnrealEngine/Common/DerivedDataCache/Buckets/BulkDataList/50/74/173469a4cda1dd9435740e2a61bbf8149385.udd" 3635
"C:/Users/Yannick/AppData/Local/UnrealEngine/Common/DerivedDataCache/Buckets/BulkDataList/a6/2b/0024f082e90accc37364a246c7fb6ae091cd.udd" 3636
"C:/Users/Yannick/AppData/Local/UnrealEngine/Common/DerivedDataCache/Buckets/BulkDataList/af/0a/2b74250dedfefa0286216498d7f9e99fe695.udd" 3637
"C:/Users/Yannick/AppData/Local/UnrealEngine/Common/DerivedDataCache/Buckets/BulkDataList/e1/a3/03641e811af5714bee2bd59e1eb50125016b.udd" 3638
"C:/Users/Yannick/AppData/Local/UnrealEngine/Common/DerivedDataCache/Buckets/BulkDataList/35/fa/93ce9ba473769244c899e7d6de4aa806bf5f.udd" 3639
"C:/Users/Yannick/AppData/Local/UnrealEngine/Common/DerivedDataCache/Buckets/BulkDataList/82/da/85b14727c7a25bbbd03c43d2dd1477d59b16.udd" 3640
"C:/Users/Yannick/AppData/Local/UnrealEngine/Common/DerivedDataCache/Buckets/BulkDataList/65/ce/4459efaafc35b58edf818f960282f3ebba10.udd" 3641
"C:/Users/Yannick/AppData/Local/UnrealEngine/Common/DerivedDataCache/Buckets/BulkDataList/27/20/a27fc149318d174ecb2d09ede0b1e961d29a.udd" 3642
"C:/Users/Yannick/AppData/Local/UnrealEngine/Common/DerivedDataCache/Buckets/BulkDataList/4b/0e/e8393bd22425bcb4f04598abdcabe271a6d5.udd" 3643
"C:/Users/Yannick/AppData/Local/UnrealEngine/Common/DerivedDataCache/Buckets/BulkDataList/53/4c/1bbbc02aeea9d5dba7c75727dc5ea9d4fdc9.udd" 3644
"C:/Users/Yannick/AppData/Local/UnrealEngine/Common/DerivedDataCache/Buckets/BulkDataList/3c/3d/717ca6dc10bc9c3e6c9325280e47019cf3e6.udd" 3645
"C:/Users/Yannick/AppData/Local/UnrealEngine/Common/DerivedDataCache/Buckets/BulkDataList/9a/10/dfd9ce6cbdba552f35073f01a12089c34633.udd" 3646
"C:/Users/Yannick/AppData/Local/UnrealEngine/Common/DerivedDataCache/Buckets/BulkDataList/49/90/ea6cf4a17b561040cdb20aafbb6c90e2f4f8.udd" 3647
"C:/Users/Yannick/AppData/Local/UnrealEngine/Common/DerivedDataCache/Buckets/BulkDataList/30/eb/307f38d26a13183e20244884067081577746.udd" 3648
"C:/Users/Yannick/AppData/Local/UnrealEngine/Common/DerivedDataCache/Buckets/BulkDataList/48/95/76ae2ae717550bb6bd3710ea35fa6326ddb6.udd" 3649
"C:/Users/Yannick/AppData/Local/UnrealEngine/Common/DerivedDataCache/Buckets/BulkDataList/2b/82/55814cccbb55fd3773317c33a5ca45d8a056.udd" 3650
"C:/Users/Yannick/AppData/Local/UnrealEngine/Common/DerivedDataCache/Buckets/BulkDataList/c9/27/c516fe8a27043721a50d0c3c62172cec66c2.udd" 3651
"C:/Users/Yannick/AppData/Local/UnrealEngine/Common/DerivedDataCache/Buckets/BulkDataList/d8/25/f1d9769b2cc37479874489809ee5ada7dda0.udd" 3652
"C:/Users/Yannick/AppData/Local/UnrealEngine/Common/DerivedDataCache/Buckets/BulkDataList/23/9a/ca287ca0a18fc8f4cd9e599718c52e427ca7.udd" 3653
"C:/Users/Yannick/AppData/Local/UnrealEngine/Common/DerivedDataCache/Buckets/BulkDataList/dd/b3/190027f0d9cd9d71c848986da8e11727348f.udd" 3654
"C:/Users/Yannick/AppData/Local/UnrealEngine/Common/DerivedDataCache/Buckets/BulkDataList/e5/b1/6ffafe8f6e6a376d1949ae2c64706517a728.udd" 3655
"C:/Users/Yannick/AppData/Local/UnrealEngine/Common/DerivedDataCache/Buckets/BulkDataList/95/db/b5a3ecaeccbaadd312d73a27007e7392ca6f.udd" 3656
"C:/Users/Yannick/AppData/Local/UnrealEngine/Common/DerivedDataCache/Buckets/StaticMesh/4f/76/d22433a55870274eef3363822f5ac3b4c583.udd" 3657
"C:/Users/Yannick/AppData/Local/UnrealEngine/Common/DerivedDataCache/Buckets/StaticMesh/61/85/8757432c67e4a2aa0d0b90130e7a6a545491.udd" 3658
"C:/Users/Yannick/AppData/Local/UnrealEngine/Common/DerivedDataCache/Buckets/LegacyDIST/96/ff/f521dcfe790b46db01441850139e5f0f63c1.udd" 3659
"C:/Users/Yannick/AppData/Local/UnrealEngine/Common/DerivedDataCache/Buckets/LegacyDIST/0b/51/5cf1c9c1b3002fe9d02fdeb774436859b8ee.udd" 3660
"C:/Users/Yannick/AppData/Local/UnrealEngine/Common/DerivedDataCache/Buckets/LegacyCARD/45/0b/6a935a226fb102686b3721305331405680a3.udd" 3661
"C:/Users/Yannick/AppData/Local/UnrealEngine/Common/DerivedDataCache/Buckets/LegacyCARD/a5/27/07df22208233463ba541c89305b8d866f4e5.udd" 3662
"C:/Users/Yannick/AppData/Local/UnrealEngine/Common/DerivedDataCache/Buckets/LegacyNavCollision/4c/fc/80e071c3bf2514e1402633f98655fc2b4e37.udd" 3663
"C:/Users/Yannick/AppData/Local/UnrealEngine/Common/DerivedDataCache/Buckets/LegacyNavCollision/20/da/acf33dd0a7f9f110fea9240c5916e3a4182f.udd" 3664
"C:/Users/Yannick/AppData/Local/UnrealEngine/Common/DerivedDataCache/Buckets/StaticMesh/28/5b/6dfefe64bd055e4c18d1a33b4f6335b73811.udd" 3665
"C:/Users/Yannick/AppData/Local/UnrealEngine/Common/DerivedDataCache/Buckets/StaticMesh/c3/6e/82f4ad4029212526033587455281935bbba4.udd" 3666
"C:/Users/Yannick/AppData/Local/UnrealEngine/Common/DerivedDataCache/Buckets/LegacyDIST/6b/36/170d9f56f58af00c717b01220eae7de3bd1e.udd" 3667
"C:/Users/Yannick/AppData/Local/UnrealEngine/Common/DerivedDataCache/Buckets/LegacyDIST/d3/df/bcddecf5213a173b3e1a14b8fa7cffcb339d.udd" 3668
"C:/Users/Yannick/AppData/Local/UnrealEngine/Common/DerivedDataCache/Buckets/LegacyCARD/31/58/fb7e62e9a1f8ce2c51e414d601c8a49c41ac.udd" 3669
"C:/Users/Yannick/AppData/Local/UnrealEngine/Common/DerivedDataCache/Buckets/LegacyCARD/79/24/67c7d796d68254b7ca1d814029e060a52d7a.udd" 3670
"C:/Users/Yannick/AppData/Local/UnrealEngine/Common/DerivedDataCache/Buckets/LegacyNavCollision/c3/36/13df5633791f8c245f1d17258b756e28a95f.udd" 3671
"C:/Users/Yannick/AppData/Local/UnrealEngine/Common/DerivedDataCache/Buckets/LegacyNavCollision/b7/b6/90d723a25b4dc71c0decbae4c6b9b9f2763b.udd" 3672
"C:/Users/Yannick/AppData/Local/UnrealEngine/Common/DerivedDataCache/Buckets/StaticMesh/0f/99/b68d5721914d3ed562bf27be467f7d40dd92.udd" 3673
"C:/Users/Yannick/AppData/Local/UnrealEngine/Common/DerivedDataCache/Buckets/StaticMesh/96/c7/1fb3b556884e49a67aff064335cb75f486a9.udd" 3674
"C:/Users/Yannick/AppData/Local/UnrealEngine/Common/DerivedDataCache/Buckets/LegacyDIST/94/e9/6699ec13a341c093db2e1fd7b2ede44c8280.udd" 3675
"C:/Users/Yannick/AppData/Local/UnrealEngine/Common/DerivedDataCache/Buckets/LegacyDIST/91/9c/a9666a770fef3aaa61b4ff7f2411c2912910.udd" 3676
"C:/Users/Yannick/AppData/Local/UnrealEngine/Common/DerivedDataCache/Buckets/LegacyCARD/ff/a1/ddb05cfad01adbdb13fe0599dffa32c4672c.udd" 3677
"C:/Users/Yannick/AppData/Local/UnrealEngine/Common/DerivedDataCache/Buckets/LegacyCARD/11/cd/4dad11b90757cea0e45d26b3f087a9e67fa8.udd" 3678
"C:/Users/Yannick/AppData/Local/UnrealEngine/Common/DerivedDataCache/Buckets/LegacyNavCollision/bc/e4/388d3653ab3f2a70a502e95f4fc86e7125f8.udd" 3679
"C:/Users/Yannick/AppData/Local/UnrealEngine/Common/DerivedDataCache/Buckets/LegacyNavCollision/6f/09/23db86c85d0169b4bfecf742b89f1aa5f0f2.udd" 3680
"C:/Users/Yannick/AppData/Local/UnrealEngine/Common/DerivedDataCache/Buckets/StaticMesh/4d/24/37e362a8f7fb3d798db2e8a32ae346692c6b.udd" 3681
"C:/Users/Yannick/AppData/Local/UnrealEngine/Common/DerivedDataCache/Buckets/StaticMesh/ef/28/9127c356095600dbb55a0268d28c01aad051.udd" 3682
"C:/Users/Yannick/AppData/Local/UnrealEngine/Common/DerivedDataCache/Buckets/LegacyDIST/89/d6/e49b93ab96f7cfac3f915a676a1aef393327.udd" 3683
"C:/Users/Yannick/AppData/Local/UnrealEngine/Common/DerivedDataCache/Buckets/LegacyDIST/93/b9/09b05f9cbaace03996c01a15cd114b652e0e.udd" 3684
"C:/Users/Yannick/AppData/Local/UnrealEngine/Common/DerivedDataCache/Buckets/LegacyCARD/d4/07/8d9ec61d875f6b547e87348b03adf8c151ad.udd" 3685
"C:/Users/Yannick/AppData/Local/UnrealEngine/Common/DerivedDataCache/Buckets/LegacyCARD/cf/ee/31f32cb0ccf2bad55787841e8d5b95b37b20.udd" 3686
"C:/Users/Yannick/AppData/Local/UnrealEngine/Common/DerivedDataCache/Buckets/LegacyNavCollision/f3/be/97333803747c0ede9b1464dce21417ab28bf.udd" 3687
"C:/Users/Yannick/AppData/Local/UnrealEngine/Common/DerivedDataCache/Buckets/LegacyDIST/4e/70/d440d94c836fc2f077f379fe7cc3b7c944ff.udd" 3688
"C:/Users/Yannick/AppData/Local/UnrealEngine/Common/DerivedDataCache/Buckets/LegacyNavCollision/5a/5a/3d160f5fbfea9d2888333a7c9fb3a812dded.udd" 3689
"C:/Users/Yannick/AppData/Local/UnrealEngine/Common/DerivedDataCache/Buckets/LegacyCARD/23/c3/c8436b25dd838d710f01af47c37d722cbe7f.udd" 3690
"C:/Users/Yannick/AppData/Local/UnrealEngine/Common/DerivedDataCache/Buckets/StaticMesh/a6/fd/c5df7df4942fa1a0cc304af879da2bc2ec5d.udd" 3691
"C:/Users/Yannick/AppData/Local/UnrealEngine/Common/DerivedDataCache/Buckets/StaticMesh/82/fe/e6534afa7d3e0b51f67d7b78c66a0881dd78.udd" 3692
"C:/Users/Yannick/AppData/Local/UnrealEngine/Common/DerivedDataCache/Buckets/LegacyDIST/2e/1b/db87861e410ff5ca00c5b93862b211dc819a.udd" 3693
"C:/Users/Yannick/AppData/Local/UnrealEngine/Common/DerivedDataCache/Buckets/LegacyDIST/2a/30/d044db437c320d20e57ee9b06af9f83689a2.udd" 3694
"C:/Users/Yannick/AppData/Local/UnrealEngine/Common/DerivedDataCache/Buckets/LegacyCARD/3b/9a/d1fc44947602b2f3cc5961d7d9b41fa3e258.udd" 3695
"C:/Users/Yannick/AppData/Local/UnrealEngine/Common/DerivedDataCache/Buckets/LegacyCARD/c3/e4/f53a7a06c29daa51797944435570a2e3de42.udd" 3696
"C:/Users/Yannick/AppData/Local/UnrealEngine/Common/DerivedDataCache/Buckets/LegacyNavCollision/1e/fe/1203c7a31b851f3197aa8fb8a34681daef56.udd" 3697
"C:/Users/Yannick/AppData/Local/UnrealEngine/Common/DerivedDataCache/Buckets/LegacyNavCollision/eb/bf/0903c54bed14fafecd751eb5965394746fb5.udd" 3698
"C:/Users/Yannick/AppData/Local/UnrealEngine/Common/DerivedDataCache/Buckets/StaticMesh/1a/eb/6f08cc3706e57d2e2ef447cebeffd7b18da6.udd" 3699
"C:/Users/Yannick/AppData/Local/UnrealEngine/Common/DerivedDataCache/Buckets/StaticMesh/4e/5d/1313968c36d3f65613b60b03ec0ad9653b2b.udd" 3700
"C:/Users/Yannick/AppData/Local/UnrealEngine/Common/DerivedDataCache/Buckets/LegacyDIST/3e/80/72ec268d3237d10497f4af98ca7d70486e6f.udd" 3701
"C:/Users/Yannick/AppData/Local/UnrealEngine/Common/DerivedDataCache/Buckets/LegacyDIST/4e/08/682cd88f561ad030eb9c55f09faab82042a2.udd" 3702
"C:/Users/Yannick/AppData/Local/UnrealEngine/Common/DerivedDataCache/Buckets/LegacyCARD/75/d7/711487383592781b175c594d5ca900b34f96.udd" 3703
"C:/Users/Yannick/AppData/Local/UnrealEngine/Common/DerivedDataCache/Buckets/LegacyCARD/72/f7/bd64d0908f24059df247d2465d470c3e062f.udd" 3704
"C:/Users/Yannick/AppData/Local/UnrealEngine/Common/DerivedDataCache/Buckets/LegacyNavCollision/ac/5c/c434330954891120157bd47ec9f98cb87bf8.udd" 3705
"C:/Users/Yannick/AppData/Local/UnrealEngine/Common/DerivedDataCache/Buckets/StaticMesh/5a/82/d298baa9186f968084cb3f1d6066d0b9d79c.udd" 3706
"C:/Users/Yannick/AppData/Local/UnrealEngine/Common/DerivedDataCache/Buckets/LegacyNavCollision/03/8d/03e82689c4e64c44b831cfc2688318bf69a6.udd" 3707
"C:/Users/Yannick/AppData/Local/UnrealEngine/Common/DerivedDataCache/Buckets/LegacyDIST/27/d0/526121d98726484f128e57fedcf556c432cb.udd" 3708
"C:/Users/Yannick/AppData/Local/UnrealEngine/Common/DerivedDataCache/Buckets/StaticMesh/f6/4d/db6418dc5e261da5297157e423c06f24941c.udd" 3709
"C:/Users/Yannick/AppData/Local/UnrealEngine/Common/DerivedDataCache/Buckets/LegacyCARD/89/72/ae1ac9f89ff243654b1709fe53cd8ca8b1ef.udd" 3710
"C:/Users/Yannick/AppData/Local/UnrealEngine/Common/DerivedDataCache/Buckets/LegacyDIST/7c/de/a24037fd7d9df587521d4396f7ebc454f899.udd" 3711
"C:/Users/Yannick/AppData/Local/UnrealEngine/Common/DerivedDataCache/Buckets/LegacyNavCollision/e3/b3/b8e64c3ab4089f0c43b68f60b98de08da407.udd" 3712
"C:/Users/Yannick/AppData/Local/UnrealEngine/Common/DerivedDataCache/Buckets/StaticMesh/68/ba/07016013ccfbb552111fe49d5bcdf4858f68.udd" 3713
"C:/Users/Yannick/AppData/Local/UnrealEngine/Common/DerivedDataCache/Buckets/LegacyCARD/c5/55/41f60cee10fd116e05c29eb249cfccc47e0c.udd" 3714
"C:/Users/Yannick/AppData/Local/UnrealEngine/Common/DerivedDataCache/Buckets/LegacyDIST/7e/bf/17b5be68200539c7ddcc8c7c8999298304ba.udd" 3715
"C:/Users/Yannick/AppData/Local/UnrealEngine/Common/DerivedDataCache/Buckets/LegacyCARD/4d/27/f438a1720e1b1769bcc0bfa79d7598d93e46.udd" 3716
"C:/Users/Yannick/AppData/Local/UnrealEngine/Common/DerivedDataCache/Buckets/LegacyNavCollision/1b/8e/a8e7c7e1b2bc8fd5925dd211f7f7e96577e7.udd" 3717
"C:/Users/Yannick/AppData/Local/UnrealEngine/Common/DerivedDataCache/Buckets/LegacyNavCollision/f2/60/fbce1b1bf2e642c8abd4358785ab7779abed.udd" 3718
"C:/Users/Yannick/AppData/Local/UnrealEngine/Common/DerivedDataCache/Buckets/StaticMesh/72/ca/8cc69d70203f40e590ac445e04d35ff4b5d3.udd" 3719
"C:/Users/Yannick/AppData/Local/UnrealEngine/Common/DerivedDataCache/Buckets/StaticMesh/91/85/5058db39bc2534d4208375b76b803a4cbe4d.udd" 3720
"C:/Users/Yannick/AppData/Local/UnrealEngine/Common/DerivedDataCache/Buckets/LegacyDIST/1f/a5/4427a56fff797a3a3f7be4be670eab04c3a4.udd" 3721
"C:/Users/Yannick/AppData/Local/UnrealEngine/Common/DerivedDataCache/Buckets/LegacyDIST/83/76/631a7b28489a3706269acc529aaef7f90bed.udd" 3722
"C:/Users/Yannick/AppData/Local/UnrealEngine/Common/DerivedDataCache/Buckets/LegacyCARD/93/ec/632d2aada3c5a15dfbca804e43a997f33ac7.udd" 3723
"C:/Users/Yannick/AppData/Local/UnrealEngine/Common/DerivedDataCache/Buckets/LegacyCARD/3f/f2/d48615a1e31e8583f8ae93606038ca436067.udd" 3724
"C:/Users/Yannick/AppData/Local/UnrealEngine/Common/DerivedDataCache/Buckets/LegacyNavCollision/0c/50/2d663f4223b2c4f2a2b4eda473adf6a5f46f.udd" 3725
"C:/Users/Yannick/AppData/Local/UnrealEngine/Common/DerivedDataCache/Buckets/LegacyNavCollision/51/54/fa9e2f735ca493f9d1675680fa12f6b74b0f.udd" 3726
"C:/Users/Yannick/AppData/Local/UnrealEngine/Common/DerivedDataCache/Buckets/StaticMesh/49/e3/4f475604fb86d5ad35e082589e42fa07acf6.udd" 3727
"C:/Users/Yannick/AppData/Local/UnrealEngine/Common/DerivedDataCache/Buckets/StaticMesh/6b/55/802d46fdd0cc86b111e9cbb747d00d5903f8.udd" 3728
"C:/Users/Yannick/AppData/Local/UnrealEngine/Common/DerivedDataCache/Buckets/LegacyDIST/9c/93/c76a96c00f57b5dd34fbcaf4e2dc0f299ac9.udd" 3729
"C:/Users/Yannick/AppData/Local/UnrealEngine/Common/DerivedDataCache/Buckets/LegacyDIST/97/b0/50a7a86c59db4de733f001e3da08597afb29.udd" 3730
"C:/Users/Yannick/AppData/Local/UnrealEngine/Common/DerivedDataCache/Buckets/LegacyCARD/ad/38/2339f1e99f1f3b19a7b97d89167ff4b6ed92.udd" 3731
"C:/Users/Yannick/AppData/Local/UnrealEngine/Common/DerivedDataCache/Buckets/LegacyNavCollision/fe/cb/bb563143db421be4d45f24c43846293a8058.udd" 3732
"C:/Users/Yannick/AppData/Local/UnrealEngine/Common/DerivedDataCache/Buckets/LegacyCARD/18/8c/0fc037cc5bae472a0981b53bfe6e2caeb4f2.udd" 3733
"C:/Users/Yannick/AppData/Local/UnrealEngine/Common/DerivedDataCache/Buckets/StaticMesh/c9/8c/3bde5f0400560ee0e9f7483924981ce7c152.udd" 3734
"C:/Users/Yannick/AppData/Local/UnrealEngine/Common/DerivedDataCache/Buckets/LegacyNavCollision/2f/ae/405e8f6ec26910d1961e2ec3d7ed4d09df9e.udd" 3735
"C:/Users/Yannick/AppData/Local/UnrealEngine/Common/DerivedDataCache/Buckets/StaticMesh/cf/de/1c7c303b58b2f9337338a9571f4f4a3750f4.udd" 3736
"C:/Users/Yannick/AppData/Local/UnrealEngine/Common/DerivedDataCache/Buckets/LegacyDIST/24/9d/c46d49230bbc6ea89c75de1cb2b9622e2c49.udd" 3737
"C:/Users/Yannick/AppData/Local/UnrealEngine/Common/DerivedDataCache/Buckets/LegacyDIST/8d/06/52ee9c728f52b1ed4db988c7a54816014334.udd" 3738
"C:/Users/Yannick/AppData/Local/UnrealEngine/Common/DerivedDataCache/Buckets/LegacyCARD/17/41/7c509cbf7755840fecf34668e3217bc22000.udd" 3739
"C:/Users/Yannick/AppData/Local/UnrealEngine/Common/DerivedDataCache/Buckets/LegacyCARD/b9/8e/4e296a8920f539fdf000bb19f1c7e4060dee.udd" 3740
"C:/Users/Yannick/AppData/Local/UnrealEngine/Common/DerivedDataCache/Buckets/LegacyNavCollision/6e/39/64bb07cb548a6817aff5714e527d00673028.udd" 3741
"C:/Users/Yannick/AppData/Local/UnrealEngine/Common/DerivedDataCache/Buckets/LegacyNavCollision/19/5d/b2a8ed4175fc22028413cf48fdf3046ab4a3.udd" 3742
"C:/Users/Yannick/AppData/Local/UnrealEngine/Common/DerivedDataCache/Buckets/StaticMesh/7f/df/d3e15b0dd5992e52130de365a23cfb49f76c.udd" 3743
"C:/Users/Yannick/AppData/Local/UnrealEngine/Common/DerivedDataCache/Buckets/StaticMesh/1a/cc/618d709639fae2a728e16681208545b3d867.udd" 3744
"C:/Users/Yannick/AppData/Local/UnrealEngine/Common/DerivedDataCache/Buckets/LegacyDIST/16/fe/142865e0beff33194a0fdee8131b493656f0.udd" 3745
"C:/Users/Yannick/AppData/Local/UnrealEngine/Common/DerivedDataCache/Buckets/LegacyDIST/ee/ff/eda5347f17bf378af04827fa491e00bfbba4.udd" 3746
"C:/Users/Yannick/AppData/Local/UnrealEngine/Common/DerivedDataCache/Buckets/LegacyCARD/d4/4a/dc578dcff84b643479fdb56dbf6c395c7bc7.udd" 3747
"C:/Users/Yannick/AppData/Local/UnrealEngine/Common/DerivedDataCache/Buckets/LegacyCARD/d6/59/2d7a24cd9c7d1ca9471b9b6eb7303ec4f001.udd" 3748
"C:/Users/Yannick/AppData/Local/UnrealEngine/Common/DerivedDataCache/Buckets/LegacyNavCollision/3e/fe/a4b7654348a4bd6dae1a304a4dc70a6ae47f.udd" 3749
"C:/Users/Yannick/AppData/Local/UnrealEngine/Common/DerivedDataCache/Buckets/LegacyNavCollision/21/73/e25651ae77e5bb39139a6f8f7875f12208c2.udd" 3750
"C:/Users/Yannick/AppData/Local/UnrealEngine/Common/DerivedDataCache/Buckets/StaticMesh/9e/d8/7baba31e44e7f3535e5ec07bbd03d83b05ed.udd" 3751
"C:/Users/Yannick/AppData/Local/UnrealEngine/Common/DerivedDataCache/Buckets/LegacyDIST/af/3e/7dcaf7b32b959321cd30ab53cb02efa43d16.udd" 3752
"C:/Users/Yannick/AppData/Local/UnrealEngine/Common/DerivedDataCache/Buckets/StaticMesh/02/ba/4de005c4c8a11cce9c9fa3398565c031715f.udd" 3753
"C:/Users/Yannick/AppData/Local/UnrealEngine/Common/DerivedDataCache/Buckets/LegacyDIST/41/60/14a880470a7e73ab83d2da4853524dd4a1bc.udd" 3754
"C:/Users/Yannick/AppData/Local/UnrealEngine/Common/DerivedDataCache/Buckets/LegacyCARD/b9/25/c3e845f3fd42944d9908171b0c2d2fa097bf.udd" 3755
"C:/Users/Yannick/AppData/Local/UnrealEngine/Common/DerivedDataCache/Buckets/LegacyCARD/43/0e/e35ed9a61ee5115cf07244e204a456a7d709.udd" 3756
"C:/Users/Yannick/AppData/Local/UnrealEngine/Common/DerivedDataCache/Buckets/LegacyNavCollision/9b/26/ded062601e0220ddbd51d97dcbd9cf06a4c8.udd" 3757
"C:/Users/Yannick/AppData/Local/UnrealEngine/Common/DerivedDataCache/Buckets/LegacyNavCollision/a7/a9/d56fd02cb4a46ad684908001c6bcf93f05b3.udd" 3758
"C:/Users/Yannick/AppData/Local/UnrealEngine/Common/DerivedDataCache/Buckets/StaticMesh/bb/4f/621e3a216249b1eb3fd9d1a914b87d7d16ec.udd" 3759
"C:/Users/Yannick/AppData/Local/UnrealEngine/Common/DerivedDataCache/Buckets/StaticMesh/4b/c6/ffb4344b0445cf6857c1e9a2fc84b9080b6b.udd" 3760
"C:/Users/Yannick/AppData/Local/UnrealEngine/Common/DerivedDataCache/Buckets/LegacyDIST/0b/6b/7ebc24225ac2b1677585ef3b15695ca62a77.udd" 3761
"C:/Users/Yannick/AppData/Local/UnrealEngine/Common/DerivedDataCache/Buckets/LegacyDIST/42/7f/f2ae65c5459c32905e1879b959be44d9b3c3.udd" 3762
"C:/Users/Yannick/AppData/Local/UnrealEngine/Common/DerivedDataCache/Buckets/LegacyCARD/b9/01/e341668369a6673aaeabd17b3c7eb23b7b81.udd" 3763
"C:/Users/Yannick/AppData/Local/UnrealEngine/Common/DerivedDataCache/Buckets/LegacyNavCollision/1a/7c/3b3809323f6c13677eb50d5539fa92f84cd7.udd" 3764
"C:/Users/Yannick/AppData/Local/UnrealEngine/Common/DerivedDataCache/Buckets/StaticMesh/c7/e9/db1adb0469b4709952260c4d8edd0431a13b.udd" 3765
"C:/Users/Yannick/AppData/Local/UnrealEngine/Common/DerivedDataCache/Buckets/LegacyCARD/e8/63/620dc6d4a94c531f2487cca37d29831150a6.udd" 3766
"C:/Users/Yannick/AppData/Local/UnrealEngine/Common/DerivedDataCache/Buckets/LegacyDIST/25/d5/98cf0044689e911361ff056d2df46768e501.udd" 3767
"C:/Users/Yannick/AppData/Local/UnrealEngine/Common/DerivedDataCache/Buckets/LegacyNavCollision/23/7b/f5cf69e53f03bf059c8fdb3b3a6b95129ffa.udd" 3768
"C:/Users/Yannick/AppData/Local/UnrealEngine/Common/DerivedDataCache/Buckets/LegacyCARD/ef/91/132b28d4319b15f93ca5c8287402089c6594.udd" 3769
"C:/Users/Yannick/AppData/Local/UnrealEngine/Common/DerivedDataCache/Buckets/StaticMesh/92/10/b6a4ea5716e47d40dccd70781dd19f1311cf.udd" 3770
"C:/Users/Yannick/AppData/Local/UnrealEngine/Common/DerivedDataCache/Buckets/LegacyNavCollision/2a/5e/a78cdb936f23fa17d075b0c8c4bac8f77eb4.udd" 3771
"C:/Users/Yannick/AppData/Local/UnrealEngine/Common/DerivedDataCache/Buckets/LegacyDIST/a4/b1/ac1bf5fd782a5e61adca0662857a4bcaa469.udd" 3772
"C:/Users/Yannick/AppData/Local/UnrealEngine/Common/DerivedDataCache/Buckets/StaticMesh/8e/cf/e699c3bf6cee14a9a54c6bfa25098602efbc.udd" 3773
"C:/Users/Yannick/AppData/Local/UnrealEngine/Common/DerivedDataCache/Buckets/LegacyDIST/cb/ca/ea14b571bda9ad714ece3558f380d904f2a6.udd" 3774
"C:/Users/Yannick/AppData/Local/UnrealEngine/Common/DerivedDataCache/Buckets/LegacyCARD/85/af/8ba12a7084b3d6c9f7e29824baaea5e0cfc2.udd" 3775
"C:/Users/Yannick/AppData/Local/UnrealEngine/Common/DerivedDataCache/Buckets/LegacyCARD/14/9c/f53da2c12152a7462efd6bbbe47753598c38.udd" 3776
"C:/Users/Yannick/AppData/Local/UnrealEngine/Common/DerivedDataCache/Buckets/LegacyNavCollision/f9/61/2035d320e71db40ff857d7edc975dcb698cf.udd" 3777
"C:/Users/Yannick/AppData/Local/UnrealEngine/Common/DerivedDataCache/Buckets/StaticMesh/e3/23/f5f5e9142d735b45dd5dea474571a183b3e1.udd" 3778
"C:/Users/Yannick/AppData/Local/UnrealEngine/Common/DerivedDataCache/Buckets/LegacyNavCollision/6e/37/125cc1a37ebc21de6bf0b2a0c5a3304aa1d1.udd" 3779
"C:/Users/Yannick/AppData/Local/UnrealEngine/Common/DerivedDataCache/Buckets/StaticMesh/be/36/3ee901b6bce63788dc0cae06ac436c4b2074.udd" 3780
"C:/Users/Yannick/AppData/Local/UnrealEngine/Common/DerivedDataCache/Buckets/LegacyDIST/f4/9f/8cb3c678d5fc1f68dde83c6b2bded71f1f76.udd" 3781
"C:/Users/Yannick/AppData/Local/UnrealEngine/Common/DerivedDataCache/Buckets/LegacyDIST/35/ec/3baf0dd3bbb29ea7b17de9b08546cc6219ac.udd" 3782
"C:/Users/Yannick/AppData/Local/UnrealEngine/Common/DerivedDataCache/Buckets/LegacyCARD/1c/7f/0eb33bcaa2487837e7fa884a2e57008249d9.udd" 3783
"C:/Users/Yannick/AppData/Local/UnrealEngine/Common/DerivedDataCache/Buckets/LegacyNavCollision/0d/cc/7b44ffeb64a4690b09bfea3793b75017382d.udd" 3784
"C:/Users/Yannick/AppData/Local/UnrealEngine/Common/DerivedDataCache/Buckets/LegacyCARD/d0/e9/1b3ca39aa3c4de680502a73999c40467c89e.udd" 3785
"C:/Users/Yannick/AppData/Local/UnrealEngine/Common/DerivedDataCache/Buckets/LegacyNavCollision/03/c1/77d8fb1c413444fec346eda579b06654cdcc.udd" 3786
"C:/Users/Yannick/AppData/Local/UnrealEngine/Common/DerivedDataCache/Buckets/LegacyNavCollision/2f/5f/1c9a423bbf3efac5c09e6eb573b2c8d89d32.udd" 3787
"C:/Users/Yannick/AppData/Local/UnrealEngine/Common/DerivedDataCache/Buckets/StaticMesh/4f/d8/9b6aa5cfcd016d4858ac2a4b34d1dfd631e0.udd" 3788
"C:/Users/Yannick/AppData/Local/UnrealEngine/Common/DerivedDataCache/Buckets/LegacyDIST/e6/78/d9d3ed06ea0467a8a5e40fce8682c2917f15.udd" 3789
"C:/Users/Yannick/AppData/Local/UnrealEngine/Common/DerivedDataCache/Buckets/LegacyCARD/d6/53/1e2a21ef3a56f91f18a3c307d9f83fae2594.udd" 3790
"C:/Users/Yannick/AppData/Local/UnrealEngine/Common/DerivedDataCache/Buckets/LegacyNavCollision/64/7b/7183efbeeac478a3e04dbb06a5a183a48af7.udd" 3791
"C:/Users/Yannick/AppData/Local/UnrealEngine/Common/DerivedDataCache/Buckets/StaticMesh/d7/c5/6b37d7e8f34b3eded8484bf7e98a64bde1d1.udd" 3792
"C:/Users/Yannick/AppData/Local/UnrealEngine/Common/DerivedDataCache/Buckets/LegacyDIST/e8/8c/df28d57e8d40cac1109c22e815260ccdcc2b.udd" 3793
"C:/Users/Yannick/AppData/Local/UnrealEngine/Common/DerivedDataCache/Buckets/LegacyCARD/4c/26/5903c896972cc7db9091cfdacd0a9acaa78b.udd" 3794
"C:/Users/Yannick/AppData/Local/UnrealEngine/Common/DerivedDataCache/Buckets/LegacyNavCollision/84/b0/d72c377ba00acc5fe30126aec6650860459f.udd" 3795
"C:/Users/Yannick/AppData/Local/UnrealEngine/Common/DerivedDataCache/Buckets/StaticMesh/cd/3b/c5db8341663b3e5287d3a4ab7081b2aa4fd5.udd" 3796
"C:/Users/Yannick/AppData/Local/UnrealEngine/Common/DerivedDataCache/Buckets/LegacyDIST/1f/20/faef1ef601db8b3331fd5d60812d1384e12b.udd" 3797
"C:/Users/Yannick/AppData/Local/UnrealEngine/Common/DerivedDataCache/Buckets/LegacyCARD/38/d9/6e2c7672f411ae8415547121ae435e786976.udd" 3798
"C:/Users/Yannick/AppData/Local/UnrealEngine/Common/DerivedDataCache/Buckets/LegacyNavCollision/76/c6/8d178bbb8b018e4f455ca52d970c33b07c88.udd" 3799
"C:/Users/Yannick/AppData/Local/UnrealEngine/Common/DerivedDataCache/Buckets/StaticMesh/22/65/1d198762d4ac33ba367a0e3d49375c436414.udd" 3800
"C:/Users/Yannick/AppData/Local/UnrealEngine/Common/DerivedDataCache/Buckets/LegacyDIST/dc/9b/82e5b64329882b7b263b1dafaf98903c7424.udd" 3801
"C:/Users/Yannick/AppData/Local/UnrealEngine/Common/DerivedDataCache/Buckets/LegacyCARD/ef/84/6a723c580a90600a615749eace73cf926241.udd" 3802
"C:/Users/Yannick/AppData/Local/UnrealEngine/Common/DerivedDataCache/Buckets/LegacyNavCollision/6d/ea/eeddd7218248c95022bf2429dc5eafd3cbad.udd" 3803
"C:/Users/Yannick/AppData/Local/UnrealEngine/Common/DerivedDataCache/Buckets/StaticMesh/66/6e/38e886db5e6ed9f563ea7a56ece8f298e5ff.udd" 3804
"C:/Users/Yannick/AppData/Local/UnrealEngine/Common/DerivedDataCache/Buckets/LegacyDIST/ff/40/280df1ec9c50226073c528b8a763988967a9.udd" 3805
"C:/Users/Yannick/AppData/Local/UnrealEngine/Common/DerivedDataCache/Buckets/LegacyCARD/ae/cf/4d6ba6d6912f913b9fbe4dc196e8e1fbbad3.udd" 3806
"C:/Users/Yannick/AppData/Local/UnrealEngine/Common/DerivedDataCache/Buckets/LegacyNavCollision/09/bc/5de0284787b9e9cbfffd1c910ffffe111fe2.udd" 3807
"C:/Users/Yannick/AppData/Local/UnrealEngine/Common/DerivedDataCache/Buckets/StaticMesh/09/9a/d8563c3188094bb7703062d9e0aa91bd3748.udd" 3808
"C:/Users/Yannick/AppData/Local/UnrealEngine/Common/DerivedDataCache/Buckets/LegacyDIST/d1/0a/625e48f4ac4ad68de8a1e716cf9a3e24b9a3.udd" 3809
"C:/Users/Yannick/AppData/Local/UnrealEngine/Common/DerivedDataCache/Buckets/LegacyCARD/d9/60/e1a0ece6b901e5b1a0c102a1fec57523f1f6.udd" 3810
"C:/Users/Yannick/AppData/Local/UnrealEngine/Common/DerivedDataCache/Buckets/LegacyNavCollision/4c/b6/0d304d1ddca18222ec2efebd5897479f12af.udd" 3811
"C:/Users/Yannick/AppData/Local/UnrealEngine/Common/DerivedDataCache/Buckets/StaticMesh/60/94/ba8b7b45f8a29b29875d30678e9a633a4f79.udd" 3812
"C:/Users/Yannick/AppData/Local/UnrealEngine/Common/DerivedDataCache/Buckets/LegacyDIST/f7/cd/c1d548b9492c0290fe67b2ff25a3ba562de9.udd" 3813
"C:/Users/Yannick/AppData/Local/UnrealEngine/Common/DerivedDataCache/Buckets/LegacyCARD/46/4e/afa8899243c4ae9e5c88c603adfc1a99e350.udd" 3814
"E:/UnrealEngine_Project/Perpetual_Dependancy_Github/Perpetual_Dependancy/Perpetual_Dependancy/Content/StarterContent/Textures/T_Rock_Smooth_Granite_D.uasset" 3815
"E:/UnrealEngine_Project/Perpetual_Dependancy_Github/Perpetual_Dependancy/Perpetual_Dependancy/Content/StarterContent/Textures/T_Shelf_M.uasset" 3816
"E:/UnrealEngine_Project/Perpetual_Dependancy_Github/Perpetual_Dependancy/Perpetual_Dependancy/Content/StarterContent/Textures/T_Rock_Slate_N.uasset" 3817
"C:/Users/Yannick/AppData/Local/UnrealEngine/Common/DerivedDataCache/Buckets/LegacyNavCollision/cf/59/feebe94405142ddb15fddaf08452913cc81f.udd" 3818
"E:/UnrealEngine_Project/Perpetual_Dependancy_Github/Perpetual_Dependancy/Perpetual_Dependancy/Content/StarterContent/Textures/T_Rock_Slate_D.uasset" 3819
"C:/Users/Yannick/AppData/Local/UnrealEngine/Common/DerivedDataCache/Buckets/StaticMesh/70/9c/9675176c3c17b00c84bdeebae41e47aa283d.udd" 3820
"C:/Users/Yannick/AppData/Local/UnrealEngine/Common/DerivedDataCache/Buckets/LegacyDIST/b1/73/320b887b20639a6ff02d518ff6e0f7909e01.udd" 3821
"C:/Users/Yannick/AppData/Local/UnrealEngine/Common/DerivedDataCache/Buckets/LegacyCARD/4a/56/e24994f67704a83a7964a078b8c74546fb84.udd" 3822
"C:/Users/Yannick/AppData/Local/UnrealEngine/Common/DerivedDataCache/Buckets/LegacyNavCollision/0a/42/fa8569b55f69fc71a88c651226890d51e33a.udd" 3823
"E:/UnrealEngine_Project/Perpetual_Dependancy_Github/Perpetual_Dependancy/Perpetual_Dependancy/Content/StarterContent/Textures/T_Rock_Sandstone_N.uasset" 3824
"E:/UnrealEngine_Project/Perpetual_Dependancy_Github/Perpetual_Dependancy/Perpetual_Dependancy/Content/StarterContent/Textures/T_Rock_Sandstone_D.uasset" 3825
"E:/UnrealEngine_Project/Perpetual_Dependancy_Github/Perpetual_Dependancy/Perpetual_Dependancy/Content/StarterContent/Textures/T_Rock_Marble_Polished_D.uasset" 3826
"E:/UnrealEngine_Project/Perpetual_Dependancy_Github/Perpetual_Dependancy/Perpetual_Dependancy/Content/StarterContent/Textures/T_Rock_Basalt_N.uasset" 3827
"E:/UnrealEngine_Project/Perpetual_Dependancy_Github/Perpetual_Dependancy/Perpetual_Dependancy/Content/StarterContent/Textures/T_Rock_Basalt_D.uasset" 3828
"E:/UnrealEngine_Project/Perpetual_Dependancy_Github/Perpetual_Dependancy/Perpetual_Dependancy/Content/StarterContent/Textures/T_RockMesh_N.uasset" 3829
"E:/UnrealEngine_Project/Perpetual_Dependancy_Github/Perpetual_Dependancy/Perpetual_Dependancy/Content/StarterContent/Textures/T_RockMesh_M.uasset" 3830
"E:/UnrealEngine_Project/Perpetual_Dependancy_Github/Perpetual_Dependancy/Perpetual_Dependancy/Content/StarterContent/Textures/T_Perlin_Noise_M.uasset" 3831
"E:/UnrealEngine_Project/Perpetual_Dependancy_Github/Perpetual_Dependancy/Perpetual_Dependancy/Content/StarterContent/Textures/T_Metal_Steel_D.uasset" 3832
"E:/UnrealEngine_Project/Perpetual_Dependancy_Github/Perpetual_Dependancy/Perpetual_Dependancy/Content/StarterContent/Textures/T_Metal_Steel_N.uasset" 3833
"E:/UnrealEngine_Project/Perpetual_Dependancy_Github/Perpetual_Dependancy/Perpetual_Dependancy/Content/StarterContent/Textures/T_Metal_Rust_N.uasset" 3834
"E:/UnrealEngine_Project/Perpetual_Dependancy_Github/Perpetual_Dependancy/Perpetual_Dependancy/Content/StarterContent/Textures/T_Metal_Rust_D.uasset" 3835
"E:/UnrealEngine_Project/Perpetual_Dependancy_Github/Perpetual_Dependancy/Perpetual_Dependancy/Content/StarterContent/Textures/T_Metal_Copper_D.uasset" 3836
"E:/UnrealEngine_Project/Perpetual_Dependancy_Github/Perpetual_Dependancy/Perpetual_Dependancy/Content/StarterContent/Textures/T_Metal_Gold_D.uasset" 3837
"E:/UnrealEngine_Project/Perpetual_Dependancy_Github/Perpetual_Dependancy/Perpetual_Dependancy/Content/StarterContent/Textures/T_Metal_Gold_N.uasset" 3838
"E:/UnrealEngine_Project/Perpetual_Dependancy_Github/Perpetual_Dependancy/Perpetual_Dependancy/Content/StarterContent/Textures/T_MacroVariation.uasset" 3839
"E:/UnrealEngine_Project/Perpetual_Dependancy_Github/Perpetual_Dependancy/Perpetual_Dependancy/Content/StarterContent/Textures/T_Ground_Moss_N.uasset" 3840
"E:/UnrealEngine_Project/Perpetual_Dependancy_Github/Perpetual_Dependancy/Perpetual_Dependancy/Content/StarterContent/Textures/T_Metal_Aluminum_D.uasset" 3841
"E:/UnrealEngine_Project/Perpetual_Dependancy_Github/Perpetual_Dependancy/Perpetual_Dependancy/Content/StarterContent/Textures/T_Lamp_N.uasset" 3842
"E:/UnrealEngine_Project/Perpetual_Dependancy_Github/Perpetual_Dependancy/Perpetual_Dependancy/Content/StarterContent/Textures/T_ground_Moss_D.uasset" 3843
"E:/UnrealEngine_Project/Perpetual_Dependancy_Github/Perpetual_Dependancy/Perpetual_Dependancy/Content/StarterContent/Textures/T_Lamp_M.uasset" 3844
"E:/UnrealEngine_Project/Perpetual_Dependancy_Github/Perpetual_Dependancy/Perpetual_Dependancy/Content/StarterContent/Textures/T_Ground_Gravel_D.uasset" 3845
"E:/UnrealEngine_Project/Perpetual_Dependancy_Github/Perpetual_Dependancy/Perpetual_Dependancy/Content/StarterContent/Textures/T_Gradinet_01.uasset" 3846
"E:/UnrealEngine_Project/Perpetual_Dependancy_Github/Perpetual_Dependancy/Perpetual_Dependancy/Content/StarterContent/Textures/T_Ground_Grass_D.uasset" 3847
"E:/UnrealEngine_Project/Perpetual_Dependancy_Github/Perpetual_Dependancy/Perpetual_Dependancy/Content/StarterContent/Textures/T_Frame_N.uasset" 3848
"E:/UnrealEngine_Project/Perpetual_Dependancy_Github/Perpetual_Dependancy/Perpetual_Dependancy/Content/StarterContent/Textures/T_Frame_M.uasset" 3849
"E:/UnrealEngine_Project/Perpetual_Dependancy_Github/Perpetual_Dependancy/Perpetual_Dependancy/Content/StarterContent/Textures/T_Fire_Tiled_D.uasset" 3850
"E:/UnrealEngine_Project/Perpetual_Dependancy_Github/Perpetual_Dependancy/Perpetual_Dependancy/Content/StarterContent/Textures/T_Explosion_SubUV.uasset" 3851
"E:/UnrealEngine_Project/Perpetual_Dependancy_Github/Perpetual_Dependancy/Perpetual_Dependancy/Content/StarterContent/Textures/T_Ground_Grass_N.uasset" 3852
"E:/UnrealEngine_Project/Perpetual_Dependancy_Github/Perpetual_Dependancy/Perpetual_Dependancy/Content/StarterContent/Textures/T_Fire_SubUV.uasset" 3853
"E:/UnrealEngine_Project/Perpetual_Dependancy_Github/Perpetual_Dependancy/Perpetual_Dependancy/Content/StarterContent/Textures/T_Dust_Particle_D.uasset" 3854
"E:/UnrealEngine_Project/Perpetual_Dependancy_Github/Perpetual_Dependancy/Perpetual_Dependancy/Content/StarterContent/Textures/T_Detail_Rocky_N.uasset" 3855
"E:/UnrealEngine_Project/Perpetual_Dependancy_Github/Perpetual_Dependancy/Perpetual_Dependancy/Content/StarterContent/Textures/T_Door_M.uasset" 3856
"E:/UnrealEngine_Project/Perpetual_Dependancy_Github/Perpetual_Dependancy/Perpetual_Dependancy/Content/StarterContent/Textures/T_Concrete_Tiles_Variation_M.uasset" 3857
"E:/UnrealEngine_Project/Perpetual_Dependancy_Github/Perpetual_Dependancy/Perpetual_Dependancy/Content/StarterContent/Textures/T_Door_N.uasset" 3858
"E:/UnrealEngine_Project/Perpetual_Dependancy_Github/Perpetual_Dependancy/Perpetual_Dependancy/Content/StarterContent/Textures/T_Concrete_Poured_N.uasset" 3859
"E:/UnrealEngine_Project/Perpetual_Dependancy_Github/Perpetual_Dependancy/Perpetual_Dependancy/Content/StarterContent/Textures/T_Concrete_Tiles_D.uasset" 3860
"E:/UnrealEngine_Project/Perpetual_Dependancy_Github/Perpetual_Dependancy/Perpetual_Dependancy/Content/StarterContent/Textures/T_Concrete_Tiles_N.uasset" 3861
"E:/UnrealEngine_Project/Perpetual_Dependancy_Github/Perpetual_Dependancy/Perpetual_Dependancy/Content/StarterContent/Textures/T_Concrete_Tiles_M.uasset" 3862
"E:/UnrealEngine_Project/Perpetual_Dependancy_Github/Perpetual_Dependancy/Perpetual_Dependancy/Content/StarterContent/Textures/T_Concrete_Panels_N.uasset" 3863
"E:/UnrealEngine_Project/Perpetual_Dependancy_Github/Perpetual_Dependancy/Perpetual_Dependancy/Content/StarterContent/Textures/T_Concrete_Poured_D.uasset" 3864
"C:/Users/Yannick/AppData/Local/UnrealEngine/Common/DerivedDataCache/Buckets/BulkDataList/95/d5/94d7e8fcaa5cef98fe1a5dc46393d15d39fb.udd" 3865
"E:/UnrealEngine_Project/Perpetual_Dependancy_Github/Perpetual_Dependancy/Perpetual_Dependancy/Content/StarterContent/Textures/T_Concrete_Panels_D.uasset" 3866
"E:/UnrealEngine_Project/Perpetual_Dependancy_Github/Perpetual_Dependancy/Perpetual_Dependancy/Content/StarterContent/Textures/T_Concrete_Grime_D.uasset" 3867
"E:/UnrealEngine_Project/Perpetual_Dependancy_Github/Perpetual_Dependancy/Perpetual_Dependancy/Content/StarterContent/Textures/T_CobbleStone_Smooth_N.uasset" 3868
"E:/UnrealEngine_Project/Perpetual_Dependancy_Github/Perpetual_Dependancy/Perpetual_Dependancy/Content/StarterContent/Textures/T_CobbleStone_Smooth_M.uasset" 3869
"E:/UnrealEngine_Project/Perpetual_Dependancy_Github/Perpetual_Dependancy/Perpetual_Dependancy/Content/StarterContent/Textures/T_CobbleStone_Smooth_D.uasset" 3870
"E:/UnrealEngine_Project/Perpetual_Dependancy_Github/Perpetual_Dependancy/Perpetual_Dependancy/Content/StarterContent/Textures/T_CobbleStone_Rough_N.uasset" 3871
"E:/UnrealEngine_Project/Perpetual_Dependancy_Github/Perpetual_Dependancy/Perpetual_Dependancy/Content/StarterContent/Textures/T_Ground_Gravel_N.uasset" 3872
"E:/UnrealEngine_Project/Perpetual_Dependancy_Github/Perpetual_Dependancy/Perpetual_Dependancy/Content/StarterContent/Textures/T_CobbleStone_Rough_D.uasset" 3873
"E:/UnrealEngine_Project/Perpetual_Dependancy_Github/Perpetual_Dependancy/Perpetual_Dependancy/Content/StarterContent/Textures/T_CobbleStone_Pebble_N.uasset" 3874
"E:/UnrealEngine_Project/Perpetual_Dependancy_Github/Perpetual_Dependancy/Perpetual_Dependancy/Content/StarterContent/Textures/T_CobbleStone_Pebble_M.uasset" 3875
"E:/UnrealEngine_Project/Perpetual_Dependancy_Github/Perpetual_Dependancy/Perpetual_Dependancy/Content/StarterContent/Textures/T_CobbleStone_Pebble_D.uasset" 3876
"E:/UnrealEngine_Project/Perpetual_Dependancy_Github/Perpetual_Dependancy/Perpetual_Dependancy/Content/StarterContent/Textures/T_Checker_Noise_M.uasset" 3877
"E:/UnrealEngine_Project/Perpetual_Dependancy_Github/Perpetual_Dependancy/Perpetual_Dependancy/Content/StarterContent/Textures/T_Chair_N.uasset" 3878
"E:/UnrealEngine_Project/Perpetual_Dependancy_Github/Perpetual_Dependancy/Perpetual_Dependancy/Content/StarterContent/Textures/T_Chair_M.uasset" 3879
"E:/UnrealEngine_Project/Perpetual_Dependancy_Github/Perpetual_Dependancy/Perpetual_Dependancy/Content/StarterContent/Textures/T_Ceramic_Tile_N.uasset" 3880
"E:/UnrealEngine_Project/Perpetual_Dependancy_Github/Perpetual_Dependancy/Perpetual_Dependancy/Content/StarterContent/Textures/T_Bush_N.uasset" 3881
"E:/UnrealEngine_Project/Perpetual_Dependancy_Github/Perpetual_Dependancy/Perpetual_Dependancy/Content/StarterContent/Textures/T_Brick_Hewn_Stone_N.uasset" 3882
"E:/UnrealEngine_Project/Perpetual_Dependancy_Github/Perpetual_Dependancy/Perpetual_Dependancy/Content/StarterContent/Textures/T_Burst_M.uasset" 3883
"E:/UnrealEngine_Project/Perpetual_Dependancy_Github/Perpetual_Dependancy/Perpetual_Dependancy/Content/StarterContent/Textures/T_Bush_D.uasset" 3884
"E:/UnrealEngine_Project/Perpetual_Dependancy_Github/Perpetual_Dependancy/Perpetual_Dependancy/Content/StarterContent/Textures/T_Brick_Hewn_Stone_M.uasset" 3885
"E:/UnrealEngine_Project/Perpetual_Dependancy_Github/Perpetual_Dependancy/Perpetual_Dependancy/Content/StarterContent/Textures/T_Brick_Cut_Stone_D.uasset" 3886
"E:/UnrealEngine_Project/Perpetual_Dependancy_Github/Perpetual_Dependancy/Perpetual_Dependancy/Content/StarterContent/Textures/T_Brick_Hewn_Stone_D.uasset" 3887
"E:/UnrealEngine_Project/Perpetual_Dependancy_Github/Perpetual_Dependancy/Perpetual_Dependancy/Content/StarterContent/Textures/T_Brick_Clay_Old_D.uasset" 3888
"E:/UnrealEngine_Project/Perpetual_Dependancy_Github/Perpetual_Dependancy/Perpetual_Dependancy/Content/StarterContent/Textures/T_Brick_Clay_Old_N.uasset" 3889
"E:/UnrealEngine_Project/Perpetual_Dependancy_Github/Perpetual_Dependancy/Perpetual_Dependancy/Content/StarterContent/Textures/T_Brick_Clay_New_N.uasset" 3890
"E:/UnrealEngine_Project/Perpetual_Dependancy_Github/Perpetual_Dependancy/Perpetual_Dependancy/Content/StarterContent/Textures/T_Brick_Clay_New_M.uasset" 3891
"E:/UnrealEngine_Project/Perpetual_Dependancy_Github/Perpetual_Dependancy/Perpetual_Dependancy/Content/StarterContent/Textures/T_Brick_Cut_Stone_N.uasset" 3892
"E:/UnrealEngine_Project/Perpetual_Dependancy_Github/Perpetual_Dependancy/Perpetual_Dependancy/Content/StarterContent/Textures/T_Brick_Clay_Beveled_N.uasset" 3893
"E:/UnrealEngine_Project/Perpetual_Dependancy_Github/Perpetual_Dependancy/Perpetual_Dependancy/Content/StarterContent/Textures/T_Brick_Clay_New_D.uasset" 3894
"E:/UnrealEngine_Project/Perpetual_Dependancy_Github/Perpetual_Dependancy/Perpetual_Dependancy/Content/StarterContent/Materials/M_Glass.uasset" 3895
"E:/UnrealEngine_Project/Perpetual_Dependancy_Github/Perpetual_Dependancy/Perpetual_Dependancy/Content/StarterContent/Materials/M_Basic_Floor.uasset" 3896
"E:/UnrealEngine_Project/Perpetual_Dependancy_Github/Perpetual_Dependancy/Perpetual_Dependancy/Content/StarterContent/Materials/M_AssetPlatform.uasset" 3897
"E:/UnrealEngine_Project/Perpetual_Dependancy_Github/Perpetual_Dependancy/Perpetual_Dependancy/Content/StarterContent/Textures/T_Brick_Clay_Beveled_D.uasset" 3898
"E:/UnrealEngine_Project/Perpetual_Dependancy_Github/Perpetual_Dependancy/Perpetual_Dependancy/Content/StarterContent/Textures/T_Brick_Clay_Beveled_M.uasset" 3899
"E:/UnrealEngine_Project/Perpetual_Dependancy_Github/Perpetual_Dependancy/Perpetual_Dependancy/Content/StarterContent/Particles/Materials/m_flare_01.uasset" 3900
"E:/UnrealEngine_Project/Perpetual_Dependancy_Github/Perpetual_Dependancy/Perpetual_Dependancy/Content/StarterContent/Maps/StarterMap_BuiltData.uasset" 3901
"E:/UnrealEngine_Project/Perpetual_Dependancy_Github/Perpetual_Dependancy/Perpetual_Dependancy/Content/StarterContent/Maps/Minimal_Default_BuiltData.uasset" 3902
"E:/UnrealEngine_Project/Perpetual_Dependancy_Github/Perpetual_Dependancy/Perpetual_Dependancy/Content/StarterContent/Maps/Advanced_Lighting_BuiltData.uasset" 3903
"E:/UnrealEngine_Project/Perpetual_Dependancy_Github/Perpetual_Dependancy/Perpetual_Dependancy/Content/StarterContent/HDRI/HDRI_Epic_Courtyard_Daylight.uasset" 3904
"E:/UnrealEngine_Project/Perpetual_Dependancy_Github/Perpetual_Dependancy/Perpetual_Dependancy/Content/StarterContent/Textures/T_Ceramic_Tile_M.uasset" 3905
"E:/UnrealEngine_Project/Perpetual_Dependancy_Github/Perpetual_Dependancy/Perpetual_Dependancy/Content/StarterContent/Audio/Steam01_Cue.uasset" 3906
"E:/UnrealEngine_Project/Perpetual_Dependancy_Github/Perpetual_Dependancy/Perpetual_Dependancy/Content/StarterContent/Audio/Steam01.uasset" 3907
"E:/UnrealEngine_Project/Perpetual_Dependancy_Github/Perpetual_Dependancy/Perpetual_Dependancy/Content/StarterContent/Audio/Starter_Wind06.uasset" 3908
"E:/UnrealEngine_Project/Perpetual_Dependancy_Github/Perpetual_Dependancy/Perpetual_Dependancy/Content/StarterContent/Audio/Starter_Wind05.uasset" 3909
"E:/UnrealEngine_Project/Perpetual_Dependancy_Github/Perpetual_Dependancy/Perpetual_Dependancy/Content/StarterContent/Blueprints/Assets/SunlightColorLUT.uasset" 3910
"E:/UnrealEngine_Project/Perpetual_Dependancy_Github/Perpetual_Dependancy/Perpetual_Dependancy/Content/StarterContent/Blueprints/Assets/M_LightStage_Arrows.uasset" 3911
"E:/UnrealEngine_Project/Perpetual_Dependancy_Github/Perpetual_Dependancy/Perpetual_Dependancy/Content/StarterContent/Blueprints/Assets/FogBrightnessLUT.uasset" 3912
"E:/UnrealEngine_Project/Perpetual_Dependancy_Github/Perpetual_Dependancy/Perpetual_Dependancy/Content/StarterContent/Audio/Starter_Music_Cue.uasset" 3913
"E:/UnrealEngine_Project/Perpetual_Dependancy_Github/Perpetual_Dependancy/Perpetual_Dependancy/Content/StarterContent/Audio/Starter_Music01.uasset" 3914
"E:/UnrealEngine_Project/Perpetual_Dependancy_Github/Perpetual_Dependancy/Perpetual_Dependancy/Content/StarterContent/Audio/Starter_Birds01.uasset" 3915
"E:/UnrealEngine_Project/Perpetual_Dependancy_Github/Perpetual_Dependancy/Perpetual_Dependancy/Content/StarterContent/Audio/Starter_Background_Cue.uasset" 3916
"E:/UnrealEngine_Project/Perpetual_Dependancy_Github/Perpetual_Dependancy/Perpetual_Dependancy/Content/StarterContent/Audio/Smoke01_Cue.uasset" 3917
"E:/UnrealEngine_Project/Perpetual_Dependancy_Github/Perpetual_Dependancy/Perpetual_Dependancy/Content/StarterContent/Audio/Smoke01.uasset" 3918
"E:/UnrealEngine_Project/Perpetual_Dependancy_Github/Perpetual_Dependancy/Perpetual_Dependancy/Content/StarterContent/Audio/Light02_Cue.uasset" 3919
"E:/UnrealEngine_Project/Perpetual_Dependancy_Github/Perpetual_Dependancy/Perpetual_Dependancy/Content/StarterContent/Audio/Light02.uasset" 3920
"E:/UnrealEngine_Project/Perpetual_Dependancy_Github/Perpetual_Dependancy/Perpetual_Dependancy/Content/StarterContent/Audio/Light01_Cue.uasset" 3921
"E:/UnrealEngine_Project/Perpetual_Dependancy_Github/Perpetual_Dependancy/Perpetual_Dependancy/Content/StarterContent/Audio/Light01.uasset" 3922
"E:/UnrealEngine_Project/Perpetual_Dependancy_Github/Perpetual_Dependancy/Perpetual_Dependancy/Content/StarterContent/Audio/Fire_Sparks01_Cue.uasset" 3923
"E:/UnrealEngine_Project/Perpetual_Dependancy_Github/Perpetual_Dependancy/Perpetual_Dependancy/Content/StarterContent/Audio/Fire_Sparks01.uasset" 3924
"E:/UnrealEngine_Project/Perpetual_Dependancy_Github/Perpetual_Dependancy/Perpetual_Dependancy/Content/StarterContent/Audio/Fire01_Cue.uasset" 3925
"E:/UnrealEngine_Project/Perpetual_Dependancy_Github/Perpetual_Dependancy/Perpetual_Dependancy/Content/StarterContent/Audio/Fire01.uasset" 3926
"E:/UnrealEngine_Project/Perpetual_Dependancy_Github/Perpetual_Dependancy/Perpetual_Dependancy/Content/StarterContent/Audio/Explosion_Cue.uasset" 3927
"E:/UnrealEngine_Project/Perpetual_Dependancy_Github/Perpetual_Dependancy/Perpetual_Dependancy/Content/StarterContent/Audio/Explosion02.uasset" 3928
"E:/UnrealEngine_Project/Perpetual_Dependancy_Github/Perpetual_Dependancy/Perpetual_Dependancy/Content/StarterContent/Audio/Explosion01.uasset" 3929
"E:/UnrealEngine_Project/Perpetual_Dependancy_Github/Perpetual_Dependancy/Perpetual_Dependancy/Content/StarterContent/Audio/Collapse_Cue.uasset" 3930
"E:/UnrealEngine_Project/Perpetual_Dependancy_Github/Perpetual_Dependancy/Perpetual_Dependancy/Content/StarterContent/Audio/Collapse02.uasset" 3931
"E:/UnrealEngine_Project/Perpetual_Dependancy_Github/Perpetual_Dependancy/Perpetual_Dependancy/Content/StarterContent/Audio/Collapse01.uasset" 3932
"C:/Users/Yannick/AppData/Local/UnrealEngine/Common/DerivedDataCache/Buckets/StaticMesh/0c/dd/451b8d2ae51000339f1b4f3fdba8ae4bc01d.udd" 3933
"E:/UnrealEngine_Project/Perpetual_Dependancy_Github/Perpetual_Dependancy/Perpetual_Dependancy/Content/OurContent/Widgets/Ressources/XtypewriterMat.uasset" 3934
"C:/Users/Yannick/AppData/Local/UnrealEngine/Common/DerivedDataCache/Buckets/LegacyDIST/35/33/15471c5d21d384d7dfa58e42934bea838ac3.udd" 3935
"C:/Users/Yannick/AppData/Local/UnrealEngine/Common/DerivedDataCache/Buckets/LegacyCARD/2a/14/f3ec8430803a2dc514631d6bc05ec7fbbf14.udd" 3936
"C:/Users/Yannick/AppData/Local/UnrealEngine/Common/DerivedDataCache/Buckets/LegacyNavCollision/78/e7/b5a258743d1724e256e4bb6272934be4a8a0.udd" 3937
"C:/Users/Yannick/AppData/Local/UnrealEngine/Common/DerivedDataCache/Buckets/StaticMesh/cd/cd/5512afd47ef2fefde24191f5b20f453af83e.udd" 3938
"C:/Users/Yannick/AppData/Local/UnrealEngine/Common/DerivedDataCache/Buckets/StaticMesh/22/3e/bd8a422c8d3261af6353108a47eba22d2b0f.udd" 3939
"C:/Users/Yannick/AppData/Local/UnrealEngine/Common/DerivedDataCache/Buckets/LegacyDIST/98/64/c5fa6efb47da3d635621cb2470cb2b7bc7b6.udd" 3940
"C:/Users/Yannick/AppData/Local/UnrealEngine/Common/DerivedDataCache/Buckets/LegacyDIST/dc/64/82f4d51f36b3960f5ce452bf6cbd2b1154c0.udd" 3941
"C:/Users/Yannick/AppData/Local/UnrealEngine/Common/DerivedDataCache/Buckets/LegacyCARD/48/97/f0372c7f9fb24684d3b95944d3ced0348005.udd" 3942
"C:/Users/Yannick/AppData/Local/UnrealEngine/Common/DerivedDataCache/Buckets/LegacyCARD/be/46/4fbedeb9a7e026f0151af7636a0f2465e6b2.udd" 3943
"C:/Users/Yannick/AppData/Local/UnrealEngine/Common/DerivedDataCache/Buckets/LegacyNavCollision/12/ea/d2fb95ccbe9225619e959e3f88db4b49f6d1.udd" 3944
"C:/Users/Yannick/AppData/Local/UnrealEngine/Common/DerivedDataCache/Buckets/StaticMesh/2f/c6/95748c3a6c0c25a4f594aac4528703199195.udd" 3945
"C:/Users/Yannick/AppData/Local/UnrealEngine/Common/DerivedDataCache/Buckets/LegacyNavCollision/d2/4c/c9376bc4689b2648c38157b52af4d1a22d53.udd" 3946
"C:/Users/Yannick/AppData/Local/UnrealEngine/Common/DerivedDataCache/Buckets/LegacyDIST/12/a4/4c5dddfc98474a352795263906549c3561de.udd" 3947
"C:/Users/Yannick/AppData/Local/UnrealEngine/Common/DerivedDataCache/Buckets/StaticMesh/05/93/846382028a5f6ae9abf3a3bd808def481530.udd" 3948
"C:/Users/Yannick/AppData/Local/UnrealEngine/Common/DerivedDataCache/Buckets/LegacyCARD/ea/9f/eb59bf19200ea673773a7158dae3430d8d94.udd" 3949
"C:/Users/Yannick/AppData/Local/UnrealEngine/Common/DerivedDataCache/Buckets/LegacyNavCollision/8a/1d/28dc862f43217a319590acd4734e44047b4a.udd" 3950
"C:/Users/Yannick/AppData/Local/UnrealEngine/Common/DerivedDataCache/Buckets/StaticMesh/25/07/72a1c30c22438f1f811c85684ba8120a8176.udd" 3951
"C:/Users/Yannick/AppData/Local/UnrealEngine/Common/DerivedDataCache/Buckets/LegacyDIST/7f/70/3a4ef417b2bb902c6986d4c903675c0683ef.udd" 3952
"C:/Users/Yannick/AppData/Local/UnrealEngine/Common/DerivedDataCache/Buckets/LegacyDIST/48/b1/e191793fbd8b27d0cbfc29567ae238cd5a6f.udd" 3953
"C:/Users/Yannick/AppData/Local/UnrealEngine/Common/DerivedDataCache/Buckets/LegacyCARD/21/b3/7297ede8430de51f8432aa9161da95e1f8a3.udd" 3954
"C:/Users/Yannick/AppData/Local/UnrealEngine/Common/DerivedDataCache/Buckets/LegacyNavCollision/99/8b/da6fc65993beb00cf40d860ee9b000779103.udd" 3955
"C:/Users/Yannick/AppData/Local/UnrealEngine/Common/DerivedDataCache/Buckets/LegacyCARD/f7/cd/191770510f116b7ad14b3cbcb04b8d6914f8.udd" 3956
"C:/Users/Yannick/AppData/Local/UnrealEngine/Common/DerivedDataCache/Buckets/LegacyNavCollision/f9/f5/280e0b4cb328723bf1c8de774885674ffdcc.udd" 3957
"C:/Users/Yannick/AppData/Local/UnrealEngine/Common/DerivedDataCache/Buckets/StaticMesh/e5/d7/7daa2fd7edc1d8f426f5e1b6c5afc4ef5689.udd" 3958
"C:/Users/Yannick/AppData/Local/UnrealEngine/Common/DerivedDataCache/Buckets/StaticMesh/3e/e7/6ef32f14971deb49a80b97e37551e2a4872e.udd" 3959
"C:/Users/Yannick/AppData/Local/UnrealEngine/Common/DerivedDataCache/Buckets/LegacyDIST/fb/38/b7ad8c80b5641934a269692c8c054656f818.udd" 3960
"E:/UnrealEngine_Project/Perpetual_Dependancy_Github/Perpetual_Dependancy/Perpetual_Dependancy/Content/OurContent/Widgets/Ressources/XTypewriter-Regular_Font2.uasset" 3961
"C:/Users/Yannick/AppData/Local/UnrealEngine/Common/DerivedDataCache/Buckets/LegacyDIST/56/cb/9e3b9a489586aa7c97bec2258b680953546c.udd" 3962
"C:/Users/Yannick/AppData/Local/UnrealEngine/Common/DerivedDataCache/Buckets/LegacyCARD/0b/ac/02cec3fbd1214ced45a1f8c20053c517a56a.udd" 3963
"C:/Users/Yannick/AppData/Local/UnrealEngine/Common/DerivedDataCache/Buckets/LegacyNavCollision/d7/ed/fdbd3574ec525ce393ff532c9c371a0b7625.udd" 3964
"C:/Users/Yannick/AppData/Local/UnrealEngine/Common/DerivedDataCache/Buckets/StaticMesh/7e/4b/9bdb222b89fe594487b22776210d34f28454.udd" 3965
"C:/Users/Yannick/AppData/Local/UnrealEngine/Common/DerivedDataCache/Buckets/LegacyCARD/31/9e/53e7eff53a5bd7d016091704a8a6c7c2aa6f.udd" 3966
"C:/Users/Yannick/AppData/Local/UnrealEngine/Common/DerivedDataCache/Buckets/LegacyDIST/db/4a/06bdfbcb6851b749a4948c57d5920fedd61d.udd" 3967
"C:/Users/Yannick/AppData/Local/UnrealEngine/Common/DerivedDataCache/Buckets/LegacyNavCollision/99/a1/bf222f382ce0d59891f501476143a1c42d12.udd" 3968
"C:/Users/Yannick/AppData/Local/UnrealEngine/Common/DerivedDataCache/Buckets/StaticMesh/00/8c/2726f4bc0cf02fbe2295fbf2240de37aa269.udd" 3969
"C:/Users/Yannick/AppData/Local/UnrealEngine/Common/DerivedDataCache/Buckets/LegacyCARD/8a/e8/58d0a2516bf6cad7e7041d84ad0bd803c31c.udd" 3970
"C:/Users/Yannick/AppData/Local/UnrealEngine/Common/DerivedDataCache/Buckets/LegacyNavCollision/04/73/2f0ba2b95d515d8bc2e8e85908c1d096d4e8.udd" 3971
"C:/Users/Yannick/AppData/Local/UnrealEngine/Common/DerivedDataCache/Buckets/StaticMesh/77/62/6ba3a0d782285040dea33be726be778eafab.udd" 3972
"C:/Users/Yannick/AppData/Local/UnrealEngine/Common/DerivedDataCache/Buckets/LegacyDIST/61/91/0a5c4e55787b1c4964d623f84dc95e60e50f.udd" 3973
"C:/Users/Yannick/AppData/Local/UnrealEngine/Common/DerivedDataCache/Buckets/LegacyDIST/40/a3/dbc43a3daadaf6fcaeb812735780f9bd5e79.udd" 3974
"C:/Users/Yannick/AppData/Local/UnrealEngine/Common/DerivedDataCache/Buckets/LegacyCARD/49/e9/b497f4b8e4157f258f0f7c70d1322f6174e6.udd" 3975
"C:/Users/Yannick/AppData/Local/UnrealEngine/Common/DerivedDataCache/Buckets/LegacyCARD/bf/4c/405a44ec403bae80d39648dc2fafe0ce4f77.udd" 3976
"C:/Users/Yannick/AppData/Local/UnrealEngine/Common/DerivedDataCache/Buckets/LegacyNavCollision/b9/6f/9e430b3bad2724b95bc2e1d747975dfd9725.udd" 3977
"C:/Users/Yannick/AppData/Local/UnrealEngine/Common/DerivedDataCache/Buckets/LegacyNavCollision/2d/c0/c1d88113c007194cd28fc8c1acd39eacbda2.udd" 3978
"E:/UnrealEngine_Project/Perpetual_Dependancy_Github/Perpetual_Dependancy/Perpetual_Dependancy/Content/OurContent/Widgets/Ressources/TestFont.uasset" 3979
"E:/UnrealEngine_Project/Perpetual_Dependancy_Github/Perpetual_Dependancy/Perpetual_Dependancy/Content/OurContent/Widgets/Ressources/StimuliBartest5.uasset" 3980
"E:/UnrealEngine_Project/Perpetual_Dependancy_Github/Perpetual_Dependancy/Perpetual_Dependancy/Content/OurContent/Widgets/Ressources/StimuliBartest3.uasset" 3981
"E:/UnrealEngine_Project/Perpetual_Dependancy_Github/Perpetual_Dependancy/Perpetual_Dependancy/Content/OurContent/Widgets/Ressources/StimuliBartest2.uasset" 3982
"C:/Users/Yannick/AppData/Local/UnrealEngine/Common/DerivedDataCache/Buckets/StaticMesh/34/08/0f66efea7e4ce1d1b6f5d1ee5dfb8552d649.udd" 3983
"E:/UnrealEngine_Project/Perpetual_Dependancy_Github/Perpetual_Dependancy/Perpetual_Dependancy/Content/OurContent/Widgets/Ressources/Test_FrameWork.uasset" 3984
"E:/UnrealEngine_Project/Perpetual_Dependancy_Github/Perpetual_Dependancy/Perpetual_Dependancy/Content/OurContent/Widgets/Ressources/StimuliBartest1.uasset" 3985
"E:/UnrealEngine_Project/Perpetual_Dependancy_Github/Perpetual_Dependancy/Perpetual_Dependancy/Content/OurContent/Widgets/Ressources/Roboto-Black.uasset" 3986
"C:/Users/Yannick/AppData/Local/UnrealEngine/Common/DerivedDataCache/Buckets/LegacyDIST/d6/86/fd368ab5e3801f45d24470833398c15230da.udd" 3987
"C:/Users/Yannick/AppData/Local/UnrealEngine/Common/DerivedDataCache/Buckets/LegacyCARD/93/ca/22edbf4b6427bddafaed1c834ece873a2141.udd" 3988
"C:/Users/Yannick/AppData/Local/UnrealEngine/Common/DerivedDataCache/Buckets/StaticMesh/23/8f/d251a64b3014471bcaa4d34294ee225fe05b.udd" 3989
"E:/UnrealEngine_Project/Perpetual_Dependancy_Github/Perpetual_Dependancy/Perpetual_Dependancy/Content/OurContent/Widgets/Ressources/SoundButton.uasset" 3990
"C:/Users/Yannick/AppData/Local/UnrealEngine/Common/DerivedDataCache/Buckets/LegacyDIST/90/03/b53dcb67d7ed42ca4b7ff8de79e92179edba.udd" 3991
"C:/Users/Yannick/AppData/Local/UnrealEngine/Common/DerivedDataCache/Buckets/LegacyNavCollision/82/03/feea67dfbb938af5624758b741fbbcd5c254.udd" 3992
"C:/Users/Yannick/AppData/Local/UnrealEngine/Common/DerivedDataCache/Buckets/StaticMesh/76/83/050187b69a21695ca861399391ab5dbce470.udd" 3993
"C:/Users/Yannick/AppData/Local/UnrealEngine/Common/DerivedDataCache/Buckets/LegacyCARD/16/7b/28efa810a7495e68c52f9b484fd91e8d2ca1.udd" 3994
"C:/Users/Yannick/AppData/Local/UnrealEngine/Common/DerivedDataCache/Buckets/LegacyNavCollision/44/23/b0a41394b3c464c0652da8cdd9770fd3bca0.udd" 3995
"C:/Users/Yannick/AppData/Local/UnrealEngine/Common/DerivedDataCache/Buckets/StaticMesh/11/5c/3b12109d74cec787cb616b3e60cb4a7e07cb.udd" 3996
"C:/Users/Yannick/AppData/Local/UnrealEngine/Common/DerivedDataCache/Buckets/LegacyDIST/59/67/cc5e0ecd7142a804dc69fe7bf3c1328ae812.udd" 3997
"C:/Users/Yannick/AppData/Local/UnrealEngine/Common/DerivedDataCache/Buckets/LegacyDIST/a8/16/950ffcda3216c10a90ef9d2d57aa8b0ddfda.udd" 3998
"C:/Users/Yannick/AppData/Local/UnrealEngine/Common/DerivedDataCache/Buckets/LegacyCARD/ff/3c/ed7211728cc5b83c9d58e6db1aaa0a389723.udd" 3999
"C:/Users/Yannick/AppData/Local/UnrealEngine/Common/DerivedDataCache/Buckets/LegacyNavCollision/2a/94/2aade3d7599dd8d1377478197dc8713ff15e.udd" 4000
"C:/Users/Yannick/AppData/Local/UnrealEngine/Common/DerivedDataCache/Buckets/LegacyCARD/09/27/dab3ed59382e271ed94c7929116a551eec9d.udd" 4001
"C:/Users/Yannick/AppData/Local/UnrealEngine/Common/DerivedDataCache/Buckets/LegacyNavCollision/6a/a2/6e16ff369e1c553622fc981d16dcc6852972.udd" 4002
"E:/UnrealEngine_Project/Perpetual_Dependancy_Github/Perpetual_Dependancy/Perpetual_Dependancy/Content/OurContent/Widgets/Ressources/Flag_of_France_svg.uasset" 4003
"E:/UnrealEngine_Project/Perpetual_Dependancy_Github/Perpetual_Dependancy/Perpetual_Dependancy/Content/OurContent/Widgets/Ressources/Flag_of_English.uasset" 4004
"E:/UnrealEngine_Project/Perpetual_Dependancy_Github/Perpetual_Dependancy/Perpetual_Dependancy/Content/OurContent/Widgets/Ressources/list_button_icon_flat_black_white_symmetric_squares_lines_sketch_6921469.uasset" 4005
"E:/UnrealEngine_Project/Perpetual_Dependancy_Github/Perpetual_Dependancy/Perpetual_Dependancy/Content/OurContent/Widgets/WG_AddictionBarLimits.uasset" 4006
"E:/UnrealEngine_Project/Perpetual_Dependancy_Github/Perpetual_Dependancy/Perpetual_Dependancy/Content/OurContent/Sounds/VO/Obj_VO/11_-_boucle_1_MC_V1.uasset" 4007
"E:/UnrealEngine_Project/Perpetual_Dependancy_Github/Perpetual_Dependancy/Perpetual_Dependancy/Content/OurContent/Sounds/VO/Obj_VO/10_-_Boucle_2_-_MC_to_friend_V1.uasset" 4008
"E:/UnrealEngine_Project/Perpetual_Dependancy_Github/Perpetual_Dependancy/Perpetual_Dependancy/Content/OurContent/Sounds/VO/Obj_VO/Boucle_4_+_MC_1_V1.uasset" 4009
"E:/UnrealEngine_Project/Perpetual_Dependancy_Github/Perpetual_Dependancy/Perpetual_Dependancy/Content/OurContent/Sounds/VO/Obj_VO/5_-_boucle_2_MC_V1.uasset" 4010
"E:/UnrealEngine_Project/Perpetual_Dependancy_Github/Perpetual_Dependancy/Perpetual_Dependancy/Content/OurContent/Sounds/VO/Obj_VO/Boucle_4_+_MC_2_V1.uasset" 4011
"E:/UnrealEngine_Project/Perpetual_Dependancy_Github/Perpetual_Dependancy/Perpetual_Dependancy/Content/OurContent/Sounds/VO/Main_VO/Loop1+/Boucle_02_C_-_01.uasset" 4012
"E:/UnrealEngine_Project/Perpetual_Dependancy_Github/Perpetual_Dependancy/Perpetual_Dependancy/Content/OurContent/Sounds/VO/Main_VO/Loop1+/Boucle_02_C_V2_-_01.uasset" 4013
"C:/Users/Yannick/AppData/Local/UnrealEngine/Common/DerivedDataCache/Buckets/BulkDataList/0d/cf/aad3ad95ca9815fff27181611679e6ce8e67.udd" 4014
"E:/UnrealEngine_Project/Perpetual_Dependancy_Github/Perpetual_Dependancy/Perpetual_Dependancy/Content/OurContent/Sounds/VO/Main_VO/Loop1+/Boucle_02_B_-_01.uasset" 4015
"E:/UnrealEngine_Project/Perpetual_Dependancy_Github/Perpetual_Dependancy/Perpetual_Dependancy/Content/OurContent/Sounds/VO/Main_VO/Loop1+/Boucle_02_A_-_01.uasset" 4016
"E:/UnrealEngine_Project/Perpetual_Dependancy_Github/Perpetual_Dependancy/Perpetual_Dependancy/Content/OurContent/Sounds/VO/20_-_boucle_1_MC_V1.uasset" 4017
"E:/UnrealEngine_Project/Perpetual_Dependancy_Github/Perpetual_Dependancy/Perpetual_Dependancy/Content/OurContent/Sounds/VO/15_-_Boucle_2_MC_V1.uasset" 4018
"E:/UnrealEngine_Project/Perpetual_Dependancy_Github/Perpetual_Dependancy/Perpetual_Dependancy/Content/OurContent/Sounds/VO/12_-_Boucle_2_-_MC-23_LUFS.uasset" 4019
"E:/UnrealEngine_Project/Perpetual_Dependancy_Github/Perpetual_Dependancy/Perpetual_Dependancy/Content/OurContent/Sounds/VO/10_-_Boucle_2_-_MC_to_girlfriend_V1.uasset" 4020
"E:/UnrealEngine_Project/Perpetual_Dependancy_Github/Perpetual_Dependancy/Perpetual_Dependancy/Content/OurContent/Sounds/VO/10_-_Boucle_2_-_Girlfriend_V1.uasset" 4021
"E:/UnrealEngine_Project/Perpetual_Dependancy_Github/Perpetual_Dependancy/Perpetual_Dependancy/Content/OurContent/Sounds/VO/10_-_Boucle_2_-_friend_V1.uasset" 4022
"E:/UnrealEngine_Project/Perpetual_Dependancy_Github/Perpetual_Dependancy/Perpetual_Dependancy/Content/OurContent/Sounds/VO/10_-_Boucle_2_-_father_V1.uasset" 4023
"E:/UnrealEngine_Project/Perpetual_Dependancy_Github/Perpetual_Dependancy/Perpetual_Dependancy/Content/OurContent/Sounds/VO/0_-_Boucle_4_MC_V1.uasset" 4024
"E:/UnrealEngine_Project/Perpetual_Dependancy_Github/Perpetual_Dependancy/Perpetual_Dependancy/Content/OurContent/Sounds/VO/Main_VO/End_Hospital_-_01.uasset" 4025
"E:/UnrealEngine_Project/Perpetual_Dependancy_Github/Perpetual_Dependancy/Perpetual_Dependancy/Content/OurContent/Sounds/Player/NewResonanceAudioReverbPluginPreset.uasset" 4026
"E:/UnrealEngine_Project/Perpetual_Dependancy_Github/Perpetual_Dependancy/Perpetual_Dependancy/Content/OurContent/Sounds/VO/Main_VO/Loop0/Boucle_01_C_-_03.uasset" 4027
"../../../../../UnrealEngine_Project/Perpetual_Dependancy_Github/Perpetual_Dependancy/Perpetual_Dependancy/Content/StarterContent/Audio/Steam01.uasset" 4028
"E:/UnrealEngine_Project/Perpetual_Dependancy_Github/Perpetual_Dependancy/Perpetual_Dependancy/Content/OurContent/Sounds/VO/22_-_boucle_1_MC_V1.uasset" 4029
"E:/UnrealEngine_Project/Perpetual_Dependancy_Github/Perpetual_Dependancy/Perpetual_Dependancy/Content/OurContent/Sounds/Player/FS_Reverb/Player_FS_Reverb_-_01_Cue.uasset" 4030
"E:/UnrealEngine_Project/Perpetual_Dependancy_Github/Perpetual_Dependancy/Perpetual_Dependancy/Content/OurContent/Sounds/VO/Main_VO/Loop1+/Boucle_02_B_V2_-_01.uasset" 4031
"../../../../../UnrealEngine_Project/Perpetual_Dependancy_Github/Perpetual_Dependancy/Perpetual_Dependancy/Content/StarterContent/Audio/Starter_Wind05.uasset" 4032
"../../../../../UnrealEngine_Project/Perpetual_Dependancy_Github/Perpetual_Dependancy/Perpetual_Dependancy/Content/StarterContent/Audio/Starter_Wind06.uasset" 4033
"C:/Users/Yannick/AppData/Local/UnrealEngine/Common/DerivedDataCache/Buckets/BulkDataList/4a/e7/cd34a3ee446a3d595a907d717a3f26a33f9d.udd" 4034
"C:/Users/Yannick/AppData/Local/UnrealEngine/Common/DerivedDataCache/Buckets/BulkDataList/59/cb/2c9e16817234bf6b28c11a5592a696dd4fbe.udd" 4035
"E:/UnrealEngine_Project/Perpetual_Dependancy_Github/Perpetual_Dependancy/Perpetual_Dependancy/Content/OurContent/Sounds/Old/Wagon_Hallu.uasset" 4036
"E:/UnrealEngine_Project/Perpetual_Dependancy_Github/Perpetual_Dependancy/Perpetual_Dependancy/Content/OurContent/Sounds/Old/WeirdLaugh.uasset" 4037
"E:/UnrealEngine_Project/Perpetual_Dependancy_Github/Perpetual_Dependancy/Perpetual_Dependancy/Content/OurContent/Sounds/Old/Step.uasset" 4038
"E:/UnrealEngine_Project/Perpetual_Dependancy_Github/Perpetual_Dependancy/Perpetual_Dependancy/Content/OurContent/Sounds/Old/Saw_Hallu.uasset" 4039
"E:/UnrealEngine_Project/Perpetual_Dependancy_Github/Perpetual_Dependancy/Perpetual_Dependancy/Content/OurContent/Sounds/Old/LaughCrowd_Hallu.uasset" 4040
"E:/UnrealEngine_Project/Perpetual_Dependancy_Github/Perpetual_Dependancy/Perpetual_Dependancy/Content/OurContent/Sounds/Old/OpenDoor.uasset" 4041
"E:/UnrealEngine_Project/Perpetual_Dependancy_Github/Perpetual_Dependancy/Perpetual_Dependancy/Content/OurContent/Sounds/Old/Hospital.uasset" 4042
"E:/UnrealEngine_Project/Perpetual_Dependancy_Github/Perpetual_Dependancy/Perpetual_Dependancy/Content/OurContent/Sounds/Old/GameOver.uasset" 4043
"E:/UnrealEngine_Project/Perpetual_Dependancy_Github/Perpetual_Dependancy/Perpetual_Dependancy/Content/OurContent/Sounds/Old/FastCar_Hallu.uasset" 4044
"E:/UnrealEngine_Project/Perpetual_Dependancy_Github/Perpetual_Dependancy/Perpetual_Dependancy/Content/OurContent/Sounds/Old/Drink.uasset" 4045
"E:/UnrealEngine_Project/Perpetual_Dependancy_Github/Perpetual_Dependancy/Perpetual_Dependancy/Content/OurContent/Sounds/Old/Checkpoint.uasset" 4046
"E:/UnrealEngine_Project/Perpetual_Dependancy_Github/Perpetual_Dependancy/Perpetual_Dependancy/Content/OurContent/Sounds/NormalizedSound/11_-_boucle_1_MC_V1-23LUFS.uasset" 4047
"E:/UnrealEngine_Project/Perpetual_Dependancy_Github/Perpetual_Dependancy/Perpetual_Dependancy/Content/OurContent/Sounds/NormalizedSound/10_-_Boucle_2_-_MC_to_girlfriend_V1-23LUFS.uasset" 4048
"E:/UnrealEngine_Project/Perpetual_Dependancy_Github/Perpetual_Dependancy/Perpetual_Dependancy/Content/OurContent/Sounds/Old/Ambient.uasset" 4049
"E:/UnrealEngine_Project/Perpetual_Dependancy_Github/Perpetual_Dependancy/Perpetual_Dependancy/Content/OurContent/Sounds/Music/Amb_Opressive/Low_Drone_Loop_-_01.uasset" 4050
"E:/UnrealEngine_Project/Perpetual_Dependancy_Github/Perpetual_Dependancy/Perpetual_Dependancy/Content/OurContent/Sounds/MenuSound/UI_Select_01.uasset" 4051
"E:/UnrealEngine_Project/Perpetual_Dependancy_Github/Perpetual_Dependancy/Perpetual_Dependancy/Content/OurContent/Sounds/MenuSound/UI_Click_V2_-_06.uasset" 4052
"E:/UnrealEngine_Project/Perpetual_Dependancy_Github/Perpetual_Dependancy/Perpetual_Dependancy/Content/OurContent/Sounds/MenuSound/UI_Click_01.uasset" 4053
"E:/UnrealEngine_Project/Perpetual_Dependancy_Github/Perpetual_Dependancy/Perpetual_Dependancy/Content/OurContent/Sounds/MenuSound/Menu_FX_05_01.uasset" 4054
"E:/UnrealEngine_Project/Perpetual_Dependancy_Github/Perpetual_Dependancy/Perpetual_Dependancy/Content/OurContent/Sounds/MenuSound/Menu_FX_04_01.uasset" 4055
"E:/UnrealEngine_Project/Perpetual_Dependancy_Github/Perpetual_Dependancy/Perpetual_Dependancy/Content/OurContent/Sounds/MenuSound/Menu_FX_02_01.uasset" 4056
"E:/UnrealEngine_Project/Perpetual_Dependancy_Github/Perpetual_Dependancy/Perpetual_Dependancy/Content/OurContent/Sounds/MenuSound/Menu_FX_01_01.uasset" 4057
"E:/UnrealEngine_Project/Perpetual_Dependancy_Github/Perpetual_Dependancy/Perpetual_Dependancy/Content/OurContent/Sounds/MenuSound/Menu_Door_01.uasset" 4058
"E:/UnrealEngine_Project/Perpetual_Dependancy_Github/Perpetual_Dependancy/Perpetual_Dependancy/Content/OurContent/Material/Ressource/5256.uasset" 4059
"E:/UnrealEngine_Project/Perpetual_Dependancy_Github/Perpetual_Dependancy/Perpetual_Dependancy/Content/OurContent/Material/Ressource/5252.uasset" 4060
"E:/UnrealEngine_Project/Perpetual_Dependancy_Github/Perpetual_Dependancy/Perpetual_Dependancy/Content/OurContent/Material/Ressource/4242.uasset" 4061
"E:/UnrealEngine_Project/Perpetual_Dependancy_Github/Perpetual_Dependancy/Perpetual_Dependancy/Content/OurContent/Sounds/Items/Poison_Drink_V3-B.uasset" 4062
"E:/UnrealEngine_Project/Perpetual_Dependancy_Github/Perpetual_Dependancy/Perpetual_Dependancy/Content/OurContent/Material/M_RedColor.uasset" 4063
"E:/UnrealEngine_Project/Perpetual_Dependancy_Github/Perpetual_Dependancy/Perpetual_Dependancy/Content/OurContent/Material/M_GreyColor.uasset" 4064
"E:/UnrealEngine_Project/Perpetual_Dependancy_Github/Perpetual_Dependancy/Perpetual_Dependancy/Content/OurContent/Material/M_Antidote_Temporaire.uasset" 4065
"E:/UnrealEngine_Project/Perpetual_Dependancy_Github/Perpetual_Dependancy/Perpetual_Dependancy/Content/OurContent/Sounds/Music/Pad_A_-_01.uasset" 4066
"E:/UnrealEngine_Project/Perpetual_Dependancy_Github/Perpetual_Dependancy/Perpetual_Dependancy/Content/OurContent/Blueprints/Other/S_SelectRoom.uasset" 4067
"E:/UnrealEngine_Project/Perpetual_Dependancy_Github/Perpetual_Dependancy/Perpetual_Dependancy/Content/OurContent/Blueprints/SpotlightsMainMenu.uasset" 4068
"E:/UnrealEngine_Project/Perpetual_Dependancy_Github/Perpetual_Dependancy/Perpetual_Dependancy/Content/OurContent/Blueprints/SettingsSave_Audio.uasset" 4069
"E:/UnrealEngine_Project/Perpetual_Dependancy_Github/Perpetual_Dependancy/Perpetual_Dependancy/Content/OurContent/Blueprints/RotativeObj.uasset" 4070
"E:/UnrealEngine_Project/Perpetual_Dependancy_Github/Perpetual_Dependancy/Perpetual_Dependancy/Content/LevelPrototyping/Materials/M_Solid.uasset" 4071
"E:/UnrealEngine_Project/Perpetual_Dependancy_Github/Perpetual_Dependancy/Perpetual_Dependancy/Content/LevelPrototyping/Textures/T_GridChecker_A.uasset" 4072
"E:/UnrealEngine_Project/Perpetual_Dependancy_Github/Perpetual_Dependancy/Perpetual_Dependancy/Content/Game_art/Textures/salles/salle_couloir/2_3/txtest_23_salle_couloir_2_3_Normal.uasset" 4073
"E:/UnrealEngine_Project/Perpetual_Dependancy_Github/Perpetual_Dependancy/Perpetual_Dependancy/Content/Game_art/Textures/salles/salle_couloir/2_3/txtest_23_salle_couloir_2_3_Roughness.uasset" 4074
"E:/UnrealEngine_Project/Perpetual_Dependancy_Github/Perpetual_Dependancy/Perpetual_Dependancy/Content/OurContent/Material/M_WhiteColor.uasset" 4075
"E:/UnrealEngine_Project/Perpetual_Dependancy_Github/Perpetual_Dependancy/Perpetual_Dependancy/Content/Game_art/Textures/salles/salle_couloir/2_3/txtest_23_salle_couloir_2_3_Metallic.uasset" 4076
"E:/UnrealEngine_Project/Perpetual_Dependancy_Github/Perpetual_Dependancy/Perpetual_Dependancy/Content/Game_art/Textures/salles/salle_couloir/2_3/txtest_23_salle_couloir_2_3_BaseColor.uasset" 4077
"E:/UnrealEngine_Project/Perpetual_Dependancy_Github/Perpetual_Dependancy/Perpetual_Dependancy/Content/OurContent/Sounds/NormalizedSound/22_-_Boucle_1_MC_v2-23LUFS.uasset" 4078
"../../../../../UnrealEngine_Project/Perpetual_Dependancy_Github/Perpetual_Dependancy/Perpetual_Dependancy/Content/StarterContent/Audio/Starter_Birds01.uasset" 4079
"E:/UnrealEngine_Project/Perpetual_Dependancy_Github/Perpetual_Dependancy/Perpetual_Dependancy/Content/OurContent/Material/M_GreenColor.uasset" 4080
"../../../../../UnrealEngine_Project/Perpetual_Dependancy_Github/Perpetual_Dependancy/Perpetual_Dependancy/Content/StarterContent/Audio/Starter_Music01.uasset" 4081
"C:/Users/Yannick/AppData/Local/UnrealEngine/Common/DerivedDataCache/Buckets/BulkDataList/3b/70/cc4190e32d955ef697480d6edd6350f4289d.udd" 4082
"C:/Users/Yannick/AppData/Local/UnrealEngine/Common/DerivedDataCache/Buckets/BulkDataList/b7/d3/d1f26da9a4279ca742ea5611c72adea2b701.udd" 4083
"E:/UnrealEngine_Project/Perpetual_Dependancy_Github/Perpetual_Dependancy/Perpetual_Dependancy/Content/Game_art/Post_process/OverDose/eye_veins_effect.uasset" 4084
"E:/UnrealEngine_Project/Perpetual_Dependancy_Github/Perpetual_Dependancy/Perpetual_Dependancy/Content/Characters/Mannequin_UE4/Textures/T_UELogo_N_TGA.uasset" 4085
"C:/Users/Yannick/AppData/Local/UnrealEngine/Common/DerivedDataCache/Buckets/BulkDataList/04/cf/4c8b6c5216a1f965b5347738ea24dbe20aad.udd" 4086
"C:/Users/Yannick/AppData/Local/UnrealEngine/Common/DerivedDataCache/Buckets/BulkDataList/42/09/5e9168ef756f6da6a3a7561e16ece324f904.udd" 4087
"C:/Users/Yannick/AppData/Local/UnrealEngine/Common/DerivedDataCache/Buckets/BulkDataList/1e/97/63f9daee069ab2ebeade24f0ce2ad605e0ac.udd" 4088
"C:/Users/Yannick/AppData/Local/UnrealEngine/Common/DerivedDataCache/Buckets/BulkDataList/66/3b/b1f70e5d5a79fc52a507552331d82d5e6f38.udd" 4089
"C:/Users/Yannick/AppData/Local/UnrealEngine/Common/DerivedDataCache/Buckets/BulkDataList/7e/a9/f58b2a6b81e369b8f5c2a43a7fb174089fa9.udd" 4090
"C:/Users/Yannick/AppData/Local/UnrealEngine/Common/DerivedDataCache/Buckets/BulkDataList/d9/2e/c5af99a132e8f72fe17e40e77f6633c8d283.udd" 4091
"C:/Users/Yannick/AppData/Local/UnrealEngine/Common/DerivedDataCache/Buckets/BulkDataList/69/89/af934ccf599a0660cc9d2fd95e9dc0d694b8.udd" 4092
"E:/UnrealEngine_Project/Perpetual_Dependancy_Github/Perpetual_Dependancy/Perpetual_Dependancy/Content/Characters/Mannequin_UE4/Textures/T_UE4_Mannequin_MAT_MASKA.uasset" 4093
"E:/UnrealEngine_Project/Perpetual_Dependancy_Github/Perpetual_Dependancy/Perpetual_Dependancy/Content/Characters/Mannequin_UE4/Textures/T_UE4_Mannequin__normals.uasset" 4094
"E:/UnrealEngine_Project/Perpetual_Dependancy_Github/Perpetual_Dependancy/Perpetual_Dependancy/Content/Characters/Mannequin_UE4/Textures/T_ML_Rubber_Blue_01_D.uasset" 4095
"E:/UnrealEngine_Project/Perpetual_Dependancy_Github/Perpetual_Dependancy/Perpetual_Dependancy/Content/Characters/Mannequin_UE4/Textures/T_ML_Rubber_Blue_01_N.uasset" 4096
"E:/UnrealEngine_Project/Perpetual_Dependancy_Github/Perpetual_Dependancy/Perpetual_Dependancy/Content/Characters/Mannequin_UE4/Textures/T_ML_Aluminum01_N.uasset" 4097
"E:/UnrealEngine_Project/Perpetual_Dependancy_Github/Perpetual_Dependancy/Perpetual_Dependancy/Content/Characters/Mannequin_UE4/Textures/T_ML_Aluminum01.uasset" 4098
"E:/UnrealEngine_Project/Perpetual_Dependancy_Github/Perpetual_Dependancy/Perpetual_Dependancy/Content/Characters/Mannequin_UE4/Meshes/SK_Mannequin_PhysicsAsset.uasset" 4099
"E:/UnrealEngine_Project/Perpetual_Dependancy_Github/Perpetual_Dependancy/Perpetual_Dependancy/Content/Characters/Mannequin_UE4/Meshes/SK_Mannequin_Skeleton.uasset" 4100
"E:/UnrealEngine_Project/Perpetual_Dependancy_Github/Perpetual_Dependancy/Perpetual_Dependancy/Content/Characters/Mannequin_UE4/Materials/Layers/ML_ShinyPlastic_Beige.uasset" 4101
"E:/UnrealEngine_Project/Perpetual_Dependancy_Github/Perpetual_Dependancy/Perpetual_Dependancy/Content/Characters/Mannequins/Textures/Shared/T_UE_Logo_M.uasset" 4102
"E:/UnrealEngine_Project/Perpetual_Dependancy_Github/Perpetual_Dependancy/Perpetual_Dependancy/Content/Characters/Mannequin_UE4/Textures/T_UELogo_Mask.uasset" 4103
"E:/UnrealEngine_Project/Perpetual_Dependancy_Github/Perpetual_Dependancy/Perpetual_Dependancy/Content/Characters/Mannequins/Textures/Quinn/T_Quinn_02_CCRCCPlastic_MSK.uasset" 4104
"E:/UnrealEngine_Project/Perpetual_Dependancy_Github/Perpetual_Dependancy/Perpetual_Dependancy/Content/Characters/Mannequins/Textures/Quinn/T_Quinn_02_ASAOMASK_MSK.uasset" 4105
"E:/UnrealEngine_Project/Perpetual_Dependancy_Github/Perpetual_Dependancy/Perpetual_Dependancy/Content/Characters/Mannequins/Textures/Quinn/T_Quinn_02ID_Tan.uasset" 4106
"E:/UnrealEngine_Project/Perpetual_Dependancy_Github/Perpetual_Dependancy/Perpetual_Dependancy/Content/Characters/Mannequins/Textures/Quinn/T_Quinn_02ID_D.uasset" 4107
"E:/UnrealEngine_Project/Perpetual_Dependancy_Github/Perpetual_Dependancy/Perpetual_Dependancy/Content/Characters/Mannequins/Textures/Quinn/T_Quinn_02ID_N.uasset" 4108
"E:/UnrealEngine_Project/Perpetual_Dependancy_Github/Perpetual_Dependancy/Perpetual_Dependancy/Content/Characters/Mannequins/Textures/Quinn/T_Quinn_02ID_MSR_MSK.uasset" 4109
"../../../../../UnrealEngine_Project/Perpetual_Dependancy_Github/Perpetual_Dependancy/Perpetual_Dependancy/Content/StarterContent/Audio/Smoke01.uasset" 4110
"E:/UnrealEngine_Project/Perpetual_Dependancy_Github/Perpetual_Dependancy/Perpetual_Dependancy/Content/Characters/Mannequins/Textures/Quinn/T_Quinn_02ID_BN.uasset" 4111
"../../../../../UnrealEngine_Project/Perpetual_Dependancy_Github/Perpetual_Dependancy/Perpetual_Dependancy/Content/StarterContent/Audio/Light02.uasset" 4112
"E:/UnrealEngine_Project/Perpetual_Dependancy_Github/Perpetual_Dependancy/Perpetual_Dependancy/Content/Characters/Mannequins/Textures/Quinn/T_Quinn_01_CCRCCPlastic_MSK.uasset" 4113
"E:/UnrealEngine_Project/Perpetual_Dependancy_Github/Perpetual_Dependancy/Perpetual_Dependancy/Content/Characters/Mannequins/Textures/Quinn/T_Quinn_01_ASAOMASK_MSK.uasset" 4114
"E:/UnrealEngine_Project/Perpetual_Dependancy_Github/Perpetual_Dependancy/Perpetual_Dependancy/Content/Characters/Mannequins/Textures/Quinn/T_Quinn_01ID_Tan.uasset" 4115
"E:/UnrealEngine_Project/Perpetual_Dependancy_Github/Perpetual_Dependancy/Perpetual_Dependancy/Content/Characters/Mannequins/Textures/Quinn/T_Quinn_01ID_N.uasset" 4116
"C:/Users/Yannick/AppData/Local/UnrealEngine/Common/DerivedDataCache/Buckets/BulkDataList/7d/e8/77d53466cd7fa23c2a3657a629e68897dc3f.udd" 4117
"C:/Users/Yannick/AppData/Local/UnrealEngine/Common/DerivedDataCache/Buckets/BulkDataList/6c/8f/0ef25da5d2b2bd2d424c7b25b69075450681.udd" 4118
"C:/Users/Yannick/AppData/Local/UnrealEngine/Common/DerivedDataCache/Buckets/BulkDataList/6a/cc/95ada63ee91f0b07a0e1f18b555815175056.udd" 4119
"E:/UnrealEngine_Project/Perpetual_Dependancy_Github/Perpetual_Dependancy/Perpetual_Dependancy/Content/Characters/Mannequins/Textures/Quinn/T_Quinn_01ID_MSR_MSK.uasset" 4120
"C:/Users/Yannick/AppData/Local/UnrealEngine/Common/DerivedDataCache/Buckets/BulkDataList/ad/3f/a3930be46b74847f290feb601a23280919de.udd" 4121
"E:/UnrealEngine_Project/Perpetual_Dependancy_Github/Perpetual_Dependancy/Perpetual_Dependancy/Content/Characters/Mannequins/Textures/Quinn/T_Quinn_01ID_D.uasset" 4122
"E:/UnrealEngine_Project/Perpetual_Dependancy_Github/Perpetual_Dependancy/Perpetual_Dependancy/Content/Characters/Mannequins/Textures/Quinn/T_Quinn_01ID_BN.uasset" 4123
"E:/UnrealEngine_Project/Perpetual_Dependancy_Github/Perpetual_Dependancy/Perpetual_Dependancy/Content/Characters/Mannequins/Textures/Manny/T_Manny_02_Tan.uasset" 4124
"E:/UnrealEngine_Project/Perpetual_Dependancy_Github/Perpetual_Dependancy/Perpetual_Dependancy/Content/Characters/Mannequins/Textures/Manny/T_Manny_02_D.uasset" 4125
"E:/UnrealEngine_Project/Perpetual_Dependancy_Github/Perpetual_Dependancy/Perpetual_Dependancy/Content/Characters/Mannequins/Textures/Manny/T_Manny_02_MSR_MSK.uasset" 4126
"E:/UnrealEngine_Project/Perpetual_Dependancy_Github/Perpetual_Dependancy/Perpetual_Dependancy/Content/Characters/Mannequins/Textures/Manny/T_Manny_02_CCRCCPlastic_MSK.uasset" 4127
"E:/UnrealEngine_Project/Perpetual_Dependancy_Github/Perpetual_Dependancy/Perpetual_Dependancy/Content/Characters/Mannequins/Textures/Manny/T_Manny_02_N.uasset" 4128
"../../../../../UnrealEngine_Project/Perpetual_Dependancy_Github/Perpetual_Dependancy/Perpetual_Dependancy/Content/StarterContent/Audio/Light01.uasset" 4129
"../../../../../UnrealEngine_Project/Perpetual_Dependancy_Github/Perpetual_Dependancy/Perpetual_Dependancy/Content/Characters/Mannequin_UE4/Meshes/SK_Mannequin.uasset" 4130
"E:/UnrealEngine_Project/Perpetual_Dependancy_Github/Perpetual_Dependancy/Perpetual_Dependancy/Content/Characters/Mannequins/Textures/Manny/T_Manny_02_ASAOPMASK_MSK.uasset" 4131
"E:/UnrealEngine_Project/Perpetual_Dependancy_Github/Perpetual_Dependancy/Perpetual_Dependancy/Content/Characters/Mannequins/Textures/Manny/T_Manny_02_BN.uasset" 4132
"E:/UnrealEngine_Project/Perpetual_Dependancy_Github/Perpetual_Dependancy/Perpetual_Dependancy/Content/Characters/Mannequins/Textures/Manny/T_Manny_01_Tan.uasset" 4133
"../../../../../UnrealEngine_Project/Perpetual_Dependancy_Github/Perpetual_Dependancy/Perpetual_Dependancy/Content/Characters/Mannequin_UE4/Materials/M_MannequinUE4_Body.uasset" 4134
"E:/UnrealEngine_Project/Perpetual_Dependancy_Github/Perpetual_Dependancy/Perpetual_Dependancy/Content/Characters/Mannequins/Textures/Manny/T_Manny_01_N.uasset" 4135
"E:/UnrealEngine_Project/Perpetual_Dependancy_Github/Perpetual_Dependancy/Perpetual_Dependancy/Content/Characters/Mannequins/Textures/Manny/T_Manny_01_MSR_MSK.uasset" 4136
"E:/UnrealEngine_Project/Perpetual_Dependancy_Github/Perpetual_Dependancy/Perpetual_Dependancy/Content/Characters/Mannequins/Textures/Manny/T_Manny_01_D.uasset" 4137
"../../../Engine/Content/Functions/MaterialLayerFunctions/MatLayerBlend_NormalBlend.uasset" 4138
"../../../../../UnrealEngine_Project/Perpetual_Dependancy_Github/Perpetual_Dependancy/Perpetual_Dependancy/Content/StarterContent/Audio/Fire_Sparks01.uasset" 4139
"../../../Engine/Content/Functions/Engine_MaterialFunctions02/Utility/BlendAngleCorrectedNormals.uasset" 4140
"../../../Engine/Content/Functions/MaterialLayerFunctions/MatLayerBlend_Simple.uasset" 4141
"../../../../../UnrealEngine_Project/Perpetual_Dependancy_Github/Perpetual_Dependancy/Perpetual_Dependancy/Content/Characters/Mannequin_UE4/Materials/Layers/ML_Latex_Black.uasset" 4142
"../../../../../UnrealEngine_Project/Perpetual_Dependancy_Github/Perpetual_Dependancy/Perpetual_Dependancy/Content/Characters/Mannequin_UE4/Materials/Layers/ML_ShinyPlastic_Beige_Logo.uasset" 4143
"../../../../../UnrealEngine_Project/Perpetual_Dependancy_Github/Perpetual_Dependancy/Perpetual_Dependancy/Content/Characters/Mannequin_UE4/Materials/Layers/ML_SoftMetal.uasset" 4144
"../../../../../UnrealEngine_Project/Perpetual_Dependancy_Github/Perpetual_Dependancy/Perpetual_Dependancy/Content/Characters/Mannequin_UE4/Materials/M_MannequinUE4_ChestLogo.uasset" 4145
"../../../../../UnrealEngine_Project/Perpetual_Dependancy_Github/Perpetual_Dependancy/Perpetual_Dependancy/Content/Characters/Mannequins/Meshes/SKM_Manny.uasset" 4146
"../../../../../UnrealEngine_Project/Perpetual_Dependancy_Github/Perpetual_Dependancy/Perpetual_Dependancy/Content/StarterContent/Audio/Fire01.uasset" 4147
"../../../../../UnrealEngine_Project/Perpetual_Dependancy_Github/Perpetual_Dependancy/Perpetual_Dependancy/Content/Characters/Mannequins/Rigs/ABP_Manny_PostProcess.uasset" 4148
"../../../../../UnrealEngine_Project/Perpetual_Dependancy_Github/Perpetual_Dependancy/Perpetual_Dependancy/Content/Characters/Mannequins/Rigs/CR_Mannequin_Procedural.uasset" 4149
"../../../../../UnrealEngine_Project/Perpetual_Dependancy_Github/Perpetual_Dependancy/Perpetual_Dependancy/Content/StarterContent/Audio/Explosion02.uasset" 4150
"../../../../../UnrealEngine_Project/Perpetual_Dependancy_Github/Perpetual_Dependancy/Perpetual_Dependancy/Content/StarterContent/Audio/Explosion01.uasset" 4151
"../../../../../UnrealEngine_Project/Perpetual_Dependancy_Github/Perpetual_Dependancy/Perpetual_Dependancy/Content/StarterContent/Audio/Collapse02.uasset" 4152
"../../../../../UnrealEngine_Project/Perpetual_Dependancy_Github/Perpetual_Dependancy/Perpetual_Dependancy/Content/StarterContent/Audio/Collapse01.uasset" 4153
"../../../../../UnrealEngine_Project/Perpetual_Dependancy_Github/Perpetual_Dependancy/Perpetual_Dependancy/Content/OurContent/Sounds/VO/Obj_VO/Boucle_4_+_MC_2_V1.uasset" 4154
"../../../../../UnrealEngine_Project/Perpetual_Dependancy_Github/Perpetual_Dependancy/Perpetual_Dependancy/Content/OurContent/Sounds/VO/Obj_VO/Boucle_4_+_MC_1_V1.uasset" 4155
"../../../../../UnrealEngine_Project/Perpetual_Dependancy_Github/Perpetual_Dependancy/Perpetual_Dependancy/Content/OurContent/Sounds/VO/Obj_VO/5_-_boucle_2_MC_V1.uasset" 4156
"../../../../../UnrealEngine_Project/Perpetual_Dependancy_Github/Perpetual_Dependancy/Perpetual_Dependancy/Content/OurContent/Sounds/VO/Obj_VO/11_-_boucle_1_MC_V1.uasset" 4157
"../../../../../UnrealEngine_Project/Perpetual_Dependancy_Github/Perpetual_Dependancy/Perpetual_Dependancy/Content/OurContent/Sounds/VO/Obj_VO/10_-_Boucle_2_-_MC_to_friend_V1.uasset" 4158
"C:/Users/Yannick/AppData/Local/UnrealEngine/Common/DerivedDataCache/Buckets/LegacyAudio/40/a5/ec60858d0536b3256bc80775c9637ec689e9.udd" 4159
"C:/Users/Yannick/AppData/Local/UnrealEngine/Common/DerivedDataCache/Buckets/LegacyAudio/c3/5e/bd7ca2aa50cfa32593de63f44b35bd963168.udd" 4160
"C:/Users/Yannick/AppData/Local/UnrealEngine/Common/DerivedDataCache/Buckets/LegacyAudio/8e/c6/827bef16e6ce6e33429557eb73531591a5a9.udd" 4161
"C:/Users/Yannick/AppData/Local/UnrealEngine/Common/DerivedDataCache/Buckets/LegacyAudio/0e/49/ec8ea2c93c4ae80fb74a569e1be0d257d6ba.udd" 4162
"../../../../../UnrealEngine_Project/Perpetual_Dependancy_Github/Perpetual_Dependancy/Perpetual_Dependancy/Content/OurContent/Sounds/VO/Main_VO/Loop1+/Boucle_02_C_V2_-_01.uasset" 4163
"../../../../../UnrealEngine_Project/Perpetual_Dependancy_Github/Perpetual_Dependancy/Perpetual_Dependancy/Content/Characters/Mannequins/Rigs/Poses/Manny/Manny_calf_l_pose.uasset" 4164
"../../../../../UnrealEngine_Project/Perpetual_Dependancy_Github/Perpetual_Dependancy/Perpetual_Dependancy/Content/OurContent/Sounds/VO/Main_VO/Loop1+/Boucle_02_C_-_01.uasset" 4165
"../../../../../UnrealEngine_Project/Perpetual_Dependancy_Github/Perpetual_Dependancy/Perpetual_Dependancy/Content/Characters/Mannequins/Rigs/Poses/Manny/Manny_calf_l_anim.uasset" 4166
"../../../../../UnrealEngine_Project/Perpetual_Dependancy_Github/Perpetual_Dependancy/Perpetual_Dependancy/Content/Characters/Mannequins/Rigs/Poses/Manny/Manny_calf_r_pose.uasset" 4167
"../../../../../UnrealEngine_Project/Perpetual_Dependancy_Github/Perpetual_Dependancy/Perpetual_Dependancy/Content/Characters/Mannequins/Rigs/Poses/Manny/Manny_calf_r_anim.uasset" 4168
"../../../../../UnrealEngine_Project/Perpetual_Dependancy_Github/Perpetual_Dependancy/Perpetual_Dependancy/Content/Characters/Mannequins/Rigs/Poses/Manny/Manny_clavicle_l_pose.uasset" 4169
"../../../../../UnrealEngine_Project/Perpetual_Dependancy_Github/Perpetual_Dependancy/Perpetual_Dependancy/Content/OurContent/Sounds/VO/Main_VO/Loop1+/Boucle_02_B_V2_-_01.uasset" 4170
"../../../../../UnrealEngine_Project/Perpetual_Dependancy_Github/Perpetual_Dependancy/Perpetual_Dependancy/Content/Characters/Mannequins/Rigs/Poses/Manny/Manny_clavicle_l_anim.uasset" 4171
"../../../../../UnrealEngine_Project/Perpetual_Dependancy_Github/Perpetual_Dependancy/Perpetual_Dependancy/Content/Characters/Mannequins/Rigs/Poses/Manny/Manny_clavicle_r_pose.uasset" 4172
"../../../../../UnrealEngine_Project/Perpetual_Dependancy_Github/Perpetual_Dependancy/Perpetual_Dependancy/Content/Characters/Mannequins/Rigs/Poses/Manny/Manny_clavicle_r_anim.uasset" 4173
"../../../../../UnrealEngine_Project/Perpetual_Dependancy_Github/Perpetual_Dependancy/Perpetual_Dependancy/Content/OurContent/Sounds/VO/Main_VO/Loop1+/Boucle_02_B_-_01.uasset" 4174
"../../../../../UnrealEngine_Project/Perpetual_Dependancy_Github/Perpetual_Dependancy/Perpetual_Dependancy/Content/Characters/Mannequins/Rigs/Poses/Manny/Manny_foot_l_pose.uasset" 4175
"../../../../../UnrealEngine_Project/Perpetual_Dependancy_Github/Perpetual_Dependancy/Perpetual_Dependancy/Content/OurContent/Sounds/VO/Main_VO/Loop1+/Boucle_02_A_-_01.uasset" 4176
"../../../../../UnrealEngine_Project/Perpetual_Dependancy_Github/Perpetual_Dependancy/Perpetual_Dependancy/Content/Characters/Mannequins/Rigs/Poses/Manny/Manny_foot_l_anim.uasset" 4177
"../../../../../UnrealEngine_Project/Perpetual_Dependancy_Github/Perpetual_Dependancy/Perpetual_Dependancy/Content/Characters/Mannequins/Rigs/Poses/Manny/Manny_foot_r_pose.uasset" 4178
"../../../../../UnrealEngine_Project/Perpetual_Dependancy_Github/Perpetual_Dependancy/Perpetual_Dependancy/Content/Characters/Mannequins/Rigs/Poses/Manny/Manny_foot_r_anim.uasset" 4179
"../../../../../UnrealEngine_Project/Perpetual_Dependancy_Github/Perpetual_Dependancy/Perpetual_Dependancy/Content/Characters/Mannequins/Rigs/Poses/Manny/Manny_hand_l_pose.uasset" 4180
"../../../../../UnrealEngine_Project/Perpetual_Dependancy_Github/Perpetual_Dependancy/Perpetual_Dependancy/Content/Characters/Mannequins/Rigs/Poses/Manny/Manny_hand_l_anim.uasset" 4181
"C:/Users/Yannick/AppData/Local/UnrealEngine/Common/DerivedDataCache/Buckets/LegacyAudio/bd/33/1b0242e2b4cee86888b071d1767434784aca.udd" 4182
"C:/Users/Yannick/AppData/Local/UnrealEngine/Common/DerivedDataCache/Buckets/LegacyAudio/5f/5f/43705a69dd0dd61ee56ba1c2834ddefd8a07.udd" 4183
"../../../../../UnrealEngine_Project/Perpetual_Dependancy_Github/Perpetual_Dependancy/Perpetual_Dependancy/Content/OurContent/Sounds/VO/Main_VO/Loop0/Boucle_01_C_-_03.uasset" 4184
"../../../../../UnrealEngine_Project/Perpetual_Dependancy_Github/Perpetual_Dependancy/Perpetual_Dependancy/Content/Characters/Mannequins/Rigs/Poses/Manny/Manny_hand_r_pose.uasset" 4185
"../../../../../UnrealEngine_Project/Perpetual_Dependancy_Github/Perpetual_Dependancy/Perpetual_Dependancy/Content/Characters/Mannequins/Rigs/Poses/Manny/Manny_hand_r_anim.uasset" 4186
"C:/Users/Yannick/AppData/Local/UnrealEngine/Common/DerivedDataCache/Buckets/LegacyAudio/ac/1c/70a6e35ee1113aa5813a96c5e8ab097eb297.udd" 4187
"C:/Users/Yannick/AppData/Local/UnrealEngine/Common/DerivedDataCache/Buckets/LegacyAudio/4f/75/b9fff2e1f2914448e493e88fa4f7c850f01d.udd" 4188
"C:/Users/Yannick/AppData/Local/UnrealEngine/Common/DerivedDataCache/Buckets/LegacyAudio/2d/9b/14b3a85ae2158ba424fa3869c8d194c56545.udd" 4189
"../../../../../UnrealEngine_Project/Perpetual_Dependancy_Github/Perpetual_Dependancy/Perpetual_Dependancy/Content/OurContent/Sounds/VO/Main_VO/End_Hospital_-_01.uasset" 4190
"../../../../../UnrealEngine_Project/Perpetual_Dependancy_Github/Perpetual_Dependancy/Perpetual_Dependancy/Content/Characters/Mannequins/Rigs/Poses/Manny/Manny_lowerarm_l_pose.uasset" 4191
"C:/Users/Yannick/AppData/Local/UnrealEngine/Common/DerivedDataCache/Buckets/LegacyAudio/28/41/5155d2997aa546051672325d0b3ca52b14e0.udd" 4192
"C:/Users/Yannick/AppData/Local/UnrealEngine/Common/DerivedDataCache/Buckets/LegacyAudio/5d/aa/c2bd89d20c79bb270cd8ab510cd359846a3e.udd" 4193
"../../../../../UnrealEngine_Project/Perpetual_Dependancy_Github/Perpetual_Dependancy/Perpetual_Dependancy/Content/OurContent/Sounds/VO/22_-_boucle_1_MC_V1.uasset" 4194
"../../../../../UnrealEngine_Project/Perpetual_Dependancy_Github/Perpetual_Dependancy/Perpetual_Dependancy/Content/Characters/Mannequins/Rigs/Poses/Manny/Manny_lowerarm_l_anim.uasset" 4195
"../../../../../UnrealEngine_Project/Perpetual_Dependancy_Github/Perpetual_Dependancy/Perpetual_Dependancy/Content/OurContent/Sounds/VO/20_-_boucle_1_MC_V1.uasset" 4196
"../../../../../UnrealEngine_Project/Perpetual_Dependancy_Github/Perpetual_Dependancy/Perpetual_Dependancy/Content/Characters/Mannequins/Rigs/Poses/Manny/Manny_lowerarm_r_pose.uasset" 4197
"../../../../../UnrealEngine_Project/Perpetual_Dependancy_Github/Perpetual_Dependancy/Perpetual_Dependancy/Content/OurContent/Sounds/VO/15_-_Boucle_2_MC_V1.uasset" 4198
"../../../../../UnrealEngine_Project/Perpetual_Dependancy_Github/Perpetual_Dependancy/Perpetual_Dependancy/Content/Characters/Mannequins/Rigs/Poses/Manny/Manny_lowerarm_r_anim.uasset" 4199
"C:/Users/Yannick/AppData/Local/UnrealEngine/Common/DerivedDataCache/Buckets/LegacyAudio/49/ef/3a4da19aeee01e003e82a973321b44ae122b.udd" 4200
"../../../../../UnrealEngine_Project/Perpetual_Dependancy_Github/Perpetual_Dependancy/Perpetual_Dependancy/Content/OurContent/Sounds/VO/12_-_Boucle_2_-_MC-23_LUFS.uasset" 4201
"C:/Users/Yannick/AppData/Local/UnrealEngine/Common/DerivedDataCache/Buckets/LegacyAudio/77/20/ec39daaf7d734b037578ef3e87e1b621dab7.udd" 4202
"C:/Users/Yannick/AppData/Local/UnrealEngine/Common/DerivedDataCache/Buckets/LegacyAudio/cf/62/4ad0c0dad9334449cb457798b69445d592a7.udd" 4203
"../../../../../UnrealEngine_Project/Perpetual_Dependancy_Github/Perpetual_Dependancy/Perpetual_Dependancy/Content/Characters/Mannequins/Rigs/Poses/Manny/Manny_thigh_l_pose.uasset" 4204
"../../../../../UnrealEngine_Project/Perpetual_Dependancy_Github/Perpetual_Dependancy/Perpetual_Dependancy/Content/OurContent/Sounds/VO/10_-_Boucle_2_-_MC_to_girlfriend_V1.uasset" 4205
"../../../../../UnrealEngine_Project/Perpetual_Dependancy_Github/Perpetual_Dependancy/Perpetual_Dependancy/Content/OurContent/Sounds/VO/10_-_Boucle_2_-_Girlfriend_V1.uasset" 4206
"../../../../../UnrealEngine_Project/Perpetual_Dependancy_Github/Perpetual_Dependancy/Perpetual_Dependancy/Content/Characters/Mannequins/Rigs/Poses/Manny/Manny_thigh_l_anim.uasset" 4207
"../../../../../UnrealEngine_Project/Perpetual_Dependancy_Github/Perpetual_Dependancy/Perpetual_Dependancy/Content/OurContent/Sounds/VO/10_-_Boucle_2_-_friend_V1.uasset" 4208
"../../../../../UnrealEngine_Project/Perpetual_Dependancy_Github/Perpetual_Dependancy/Perpetual_Dependancy/Content/Characters/Mannequins/Rigs/Poses/Manny/Manny_thigh_r_pose.uasset" 4209
"../../../../../UnrealEngine_Project/Perpetual_Dependancy_Github/Perpetual_Dependancy/Perpetual_Dependancy/Content/OurContent/Sounds/VO/10_-_Boucle_2_-_father_V1.uasset" 4210
"../../../../../UnrealEngine_Project/Perpetual_Dependancy_Github/Perpetual_Dependancy/Perpetual_Dependancy/Content/Characters/Mannequins/Rigs/Poses/Manny/Manny_thigh_r_anim.uasset" 4211
"../../../../../UnrealEngine_Project/Perpetual_Dependancy_Github/Perpetual_Dependancy/Perpetual_Dependancy/Content/OurContent/Sounds/VO/0_-_Boucle_4_MC_V1.uasset" 4212
"C:/Users/Yannick/AppData/Local/UnrealEngine/Common/DerivedDataCache/Buckets/LegacyAudio/d4/a7/ed985d808f579288992fc5ee9583f18e44e6.udd" 4213
"C:/Users/Yannick/AppData/Local/UnrealEngine/Common/DerivedDataCache/Buckets/LegacyAudio/a1/a3/424f40215929eacbcaf4cc4880e94f604474.udd" 4214
"C:/Users/Yannick/AppData/Local/UnrealEngine/Common/DerivedDataCache/Buckets/LegacyAudio/19/c6/af78c13a44330ee48540d4e905de77658867.udd" 4215
"../../../../../UnrealEngine_Project/Perpetual_Dependancy_Github/Perpetual_Dependancy/Perpetual_Dependancy/Content/Characters/Mannequins/Rigs/Poses/Manny/Manny_upperarm_l_pose.uasset" 4216
"C:/Users/Yannick/AppData/Local/UnrealEngine/Common/DerivedDataCache/Buckets/LegacyAudio/76/a0/6f7143f86af9e01536ef0ca4d02273996398.udd" 4217
"C:/Users/Yannick/AppData/Local/UnrealEngine/Common/DerivedDataCache/Buckets/LegacyAudio/a1/00/ddb385d42f7185a33dbb152c4edbfedfc31d.udd" 4218
"C:/Users/Yannick/AppData/Local/UnrealEngine/Common/DerivedDataCache/Buckets/LegacyAudio/87/e8/3db5ecb66eb404ddfe2094c1ead10f712bab.udd" 4219
"C:/Users/Yannick/AppData/Local/UnrealEngine/Common/DerivedDataCache/Buckets/LegacyAudio/ca/7d/481f20a038a56fcff000ecef3741b6888f2e.udd" 4220
"C:/Users/Yannick/AppData/Local/UnrealEngine/Common/DerivedDataCache/Buckets/LegacyAudio/26/8f/be9886807dab9ca14205deeddbdb6e78d40b.udd" 4221
"C:/Users/Yannick/AppData/Local/UnrealEngine/Common/DerivedDataCache/Buckets/LegacyAudio/f0/98/2b91e3a8caba4465788a90b73ec5fb54569f.udd" 4222
"../../../../../UnrealEngine_Project/Perpetual_Dependancy_Github/Perpetual_Dependancy/Perpetual_Dependancy/Content/Characters/Mannequins/Rigs/Poses/Manny/Manny_upperarm_l_anim.uasset" 4223
"C:/Users/Yannick/AppData/Local/UnrealEngine/Common/DerivedDataCache/Buckets/LegacyAudio/b6/d4/7cd8d61481a636d66cee3f89ff46fe71861d.udd" 4224
"C:/Users/Yannick/AppData/Local/UnrealEngine/Common/DerivedDataCache/Buckets/LegacyAudio/09/1c/30268691671aad99c7b22970dfdb3bbd318b.udd" 4225
"C:/Users/Yannick/AppData/Local/UnrealEngine/Common/DerivedDataCache/Buckets/LegacyAudio/86/c9/e9f6dae188b30e86bb9ae9dedf56b943ca6f.udd" 4226
"C:/Users/Yannick/AppData/Local/UnrealEngine/Common/DerivedDataCache/Buckets/LegacyAudio/82/ed/e7a6eaad4eec245449cc67730ad87657772e.udd" 4227
"C:/Users/Yannick/AppData/Local/UnrealEngine/Common/DerivedDataCache/Buckets/LegacyAudio/25/de/b4ea2bbcfaf6ca44b9c019dc80798b1fbf78.udd" 4228
"C:/Users/Yannick/AppData/Local/UnrealEngine/Common/DerivedDataCache/Buckets/LegacyAudio/a6/cb/c15f5fda05984963cbee51e060126eec82a1.udd" 4229
"C:/Users/Yannick/AppData/Local/UnrealEngine/Common/DerivedDataCache/Buckets/LegacyAudio/9d/53/9b9d50dbfb897941d51803a0f96db32d4bae.udd" 4230
"C:/Users/Yannick/AppData/Local/UnrealEngine/Common/DerivedDataCache/Buckets/LegacyAudio/33/64/8b39d55930046aa9774d063523fe4bd8083c.udd" 4231
"C:/Users/Yannick/AppData/Local/UnrealEngine/Common/DerivedDataCache/Buckets/LegacyAudio/cf/15/f330fdd7a730071746f0015521b065a8bcb7.udd" 4232
"C:/Users/Yannick/AppData/Local/UnrealEngine/Common/DerivedDataCache/Buckets/LegacyAudio/d6/9b/7afb3a37d07c2d8900864358a171792cc6e3.udd" 4233
"C:/Users/Yannick/AppData/Local/UnrealEngine/Common/DerivedDataCache/Buckets/LegacyAudio/8a/19/a7090eff9339ae8ef570a17f0bc6986aca66.udd" 4234
"C:/Users/Yannick/AppData/Local/UnrealEngine/Common/DerivedDataCache/Buckets/LegacyAudio/ad/a9/14142f346031164d236850d827fdcf05cf9f.udd" 4235
"C:/Users/Yannick/AppData/Local/UnrealEngine/Common/DerivedDataCache/Buckets/LegacyAudio/1c/13/c41249d02346714d2877e2d86861885420e0.udd" 4236
"C:/Users/Yannick/AppData/Local/UnrealEngine/Common/DerivedDataCache/Buckets/LegacyAudio/3d/f6/ad1633ef6905b6a231e67066ffcd9fc832a5.udd" 4237
"C:/Users/Yannick/AppData/Local/UnrealEngine/Common/DerivedDataCache/Buckets/LegacyAudio/1a/95/701149e386d9500db6642ff24e3d3ef51105.udd" 4238
"C:/Users/Yannick/AppData/Local/UnrealEngine/Common/DerivedDataCache/Buckets/LegacyAudio/fe/b2/2ce8030e482713fb6db0b313bf9bb0acd7c1.udd" 4239
"C:/Users/Yannick/AppData/Local/UnrealEngine/Common/DerivedDataCache/Buckets/LegacyAudio/b7/c5/765e44d633d0b23bc4ba3b66254191930d08.udd" 4240
"C:/Users/Yannick/AppData/Local/UnrealEngine/Common/DerivedDataCache/Buckets/LegacyAudio/fe/c2/b4f3a75bce2effdf6a9759a74854900ca9d8.udd" 4241
"C:/Users/Yannick/AppData/Local/UnrealEngine/Common/DerivedDataCache/Buckets/LegacyAudio/35/f8/9e65fe5958ddcf642c776387d4146aeed4a7.udd" 4242
"C:/Users/Yannick/AppData/Local/UnrealEngine/Common/DerivedDataCache/Buckets/LegacyAudio/44/73/1c4bf6c37311e9f75a441c6f86df1b967b04.udd" 4243
"C:/Users/Yannick/AppData/Local/UnrealEngine/Common/DerivedDataCache/Buckets/LegacyAudio/43/b7/d8c85f6633b5c44bc06fbcb800f25671e396.udd" 4244
"C:/Users/Yannick/AppData/Local/UnrealEngine/Common/DerivedDataCache/Buckets/LegacyAudio/e5/f1/6f47189394068a77fa2b89a8d9c76b86f3bb.udd" 4245
"C:/Users/Yannick/AppData/Local/UnrealEngine/Common/DerivedDataCache/Buckets/LegacyAudio/7d/0e/d18faa395454b874f707ca128255146406fe.udd" 4246
"C:/Users/Yannick/AppData/Local/UnrealEngine/Common/DerivedDataCache/Buckets/LegacyAudio/8f/8a/b6faa787438ee73a81d1282052d54df6b299.udd" 4247
"C:/Users/Yannick/AppData/Local/UnrealEngine/Common/DerivedDataCache/Buckets/LegacyAudio/49/cf/55bc900a542a6f2b597bfaafde3570b13c9c.udd" 4248
"../../../../../UnrealEngine_Project/Perpetual_Dependancy_Github/Perpetual_Dependancy/Perpetual_Dependancy/Content/Characters/Mannequins/Rigs/Poses/Manny/Manny_upperarm_r_pose.uasset" 4249
"C:/Users/Yannick/AppData/Local/UnrealEngine/Common/DerivedDataCache/Buckets/LegacyAudio/39/10/5536410169dc80f09e096b1bbcc0af20574e.udd" 4250
"C:/Users/Yannick/AppData/Local/UnrealEngine/Common/DerivedDataCache/Buckets/LegacyAudio/c7/95/eed87930996bc199827e7fd6d6b8a107bf73.udd" 4251
"C:/Users/Yannick/AppData/Local/UnrealEngine/Common/DerivedDataCache/Buckets/LegacyAudio/8f/7a/c256ee4c1dc0a1ba05202c9f44daa991724b.udd" 4252
"C:/Users/Yannick/AppData/Local/UnrealEngine/Common/DerivedDataCache/Buckets/LegacyAudio/c6/f9/2be727188cbb4d94837c1f62973909ceca78.udd" 4253
"C:/Users/Yannick/AppData/Local/UnrealEngine/Common/DerivedDataCache/Buckets/LegacyAudio/85/e6/11626ec41376cb977c471a84c792d536c06d.udd" 4254
"C:/Users/Yannick/AppData/Local/UnrealEngine/Common/DerivedDataCache/Buckets/LegacyAudio/ef/6a/081cc38dd1fb85f389478b9c20e96db8fe58.udd" 4255
"C:/Users/Yannick/AppData/Local/UnrealEngine/Common/DerivedDataCache/Buckets/LegacyAudio/a6/e7/5f3043b087a690260d9126bd47752b3ec218.udd" 4256
"C:/Users/Yannick/AppData/Local/UnrealEngine/Common/DerivedDataCache/Buckets/LegacyAudio/8e/8d/e070e090b67c1bee66e71391c6db7b99a8dd.udd" 4257
"C:/Users/Yannick/AppData/Local/UnrealEngine/Common/DerivedDataCache/Buckets/LegacyAudio/6a/80/5c5e81029faf80b2c195d3b2b3ffec7776ae.udd" 4258
"C:/Users/Yannick/AppData/Local/UnrealEngine/Common/DerivedDataCache/Buckets/LegacyAudio/67/29/01b04034a5d7444df584239de0c15611b93b.udd" 4259
"C:/Users/Yannick/AppData/Local/UnrealEngine/Common/DerivedDataCache/Buckets/LegacyAudio/75/3b/caaa1d36c9ff0db8fa125c38d638b775f147.udd" 4260
"C:/Users/Yannick/AppData/Local/UnrealEngine/Common/DerivedDataCache/Buckets/LegacyAudio/86/80/84026f06f9ebb0f0120431c46114dc3b2cac.udd" 4261
"C:/Users/Yannick/AppData/Local/UnrealEngine/Common/DerivedDataCache/Buckets/LegacyAudio/95/95/377e518785ae03e2aae9566c76911ab8e5ad.udd" 4262
"C:/Users/Yannick/AppData/Local/UnrealEngine/Common/DerivedDataCache/Buckets/LegacyAudio/00/27/242e9f693cd53831a7edca7a41d2bf818224.udd" 4263
"C:/Users/Yannick/AppData/Local/UnrealEngine/Common/DerivedDataCache/Buckets/LegacyAudio/bf/8a/3b3a6bc09984f6be95fe54c6f715ca43b385.udd" 4264
"C:/Users/Yannick/AppData/Local/UnrealEngine/Common/DerivedDataCache/Buckets/LegacyAudio/0b/9b/3c0df57f49775f35900dec81867a87dec204.udd" 4265
"../../../../../UnrealEngine_Project/Perpetual_Dependancy_Github/Perpetual_Dependancy/Perpetual_Dependancy/Content/OurContent/Sounds/Old/WeirdLaugh.uasset" 4266
"../../../../../UnrealEngine_Project/Perpetual_Dependancy_Github/Perpetual_Dependancy/Perpetual_Dependancy/Content/OurContent/Sounds/Old/Wagon_Hallu.uasset" 4267
"../../../../../UnrealEngine_Project/Perpetual_Dependancy_Github/Perpetual_Dependancy/Perpetual_Dependancy/Content/Characters/Mannequins/Rigs/Poses/Manny/Manny_upperarm_r_anim.uasset" 4268
"../../../../../UnrealEngine_Project/Perpetual_Dependancy_Github/Perpetual_Dependancy/Perpetual_Dependancy/Content/OurContent/Sounds/Old/Step.uasset" 4269
"../../../../../UnrealEngine_Project/Perpetual_Dependancy_Github/Perpetual_Dependancy/Perpetual_Dependancy/Content/OurContent/Sounds/Old/Saw_Hallu.uasset" 4270
"../../../../../UnrealEngine_Project/Perpetual_Dependancy_Github/Perpetual_Dependancy/Perpetual_Dependancy/Content/OurContent/Sounds/Old/OpenDoor.uasset" 4271
"../../../../../UnrealEngine_Project/Perpetual_Dependancy_Github/Perpetual_Dependancy/Perpetual_Dependancy/Content/OurContent/Sounds/Old/LaughCrowd_Hallu.uasset" 4272
"../../../../../UnrealEngine_Project/Perpetual_Dependancy_Github/Perpetual_Dependancy/Perpetual_Dependancy/Content/OurContent/Sounds/Old/Hospital.uasset" 4273
"../../../../../UnrealEngine_Project/Perpetual_Dependancy_Github/Perpetual_Dependancy/Perpetual_Dependancy/Content/OurContent/Sounds/Old/GameOver.uasset" 4274
"../../../../../UnrealEngine_Project/Perpetual_Dependancy_Github/Perpetual_Dependancy/Perpetual_Dependancy/Content/OurContent/Sounds/Old/FastCar_Hallu.uasset" 4275
"../../../../../UnrealEngine_Project/Perpetual_Dependancy_Github/Perpetual_Dependancy/Perpetual_Dependancy/Content/OurContent/Sounds/Old/Drink.uasset" 4276
"../../../../../UnrealEngine_Project/Perpetual_Dependancy_Github/Perpetual_Dependancy/Perpetual_Dependancy/Content/OurContent/Sounds/Old/Checkpoint.uasset" 4277
"../../../../../UnrealEngine_Project/Perpetual_Dependancy_Github/Perpetual_Dependancy/Perpetual_Dependancy/Content/Characters/Mannequins/Materials/Instances/Manny/MI_Manny_01.uasset" 4278
"../../../../../UnrealEngine_Project/Perpetual_Dependancy_Github/Perpetual_Dependancy/Perpetual_Dependancy/Content/OurContent/Sounds/Old/Ambient.uasset" 4279
"../../../../../UnrealEngine_Project/Perpetual_Dependancy_Github/Perpetual_Dependancy/Perpetual_Dependancy/Content/Characters/Mannequins/Materials/M_Mannequin.uasset" 4280
"../../../../../UnrealEngine_Project/Perpetual_Dependancy_Github/Perpetual_Dependancy/Perpetual_Dependancy/Content/Characters/Mannequins/Materials/Functions/MF_Diffraction.uasset" 4281
"C:/Users/Yannick/AppData/Local/UnrealEngine/Common/DerivedDataCache/Buckets/LegacyAudio/6a/78/0fc934bb23e46fc14c91bb9b4f15cc16d190.udd" 4282
"C:/Users/Yannick/AppData/Local/UnrealEngine/Common/DerivedDataCache/Buckets/LegacyAudio/00/c3/42c1029345e0af34fb333e2b46fc428798da.udd" 4283
"C:/Users/Yannick/AppData/Local/UnrealEngine/Common/DerivedDataCache/Buckets/LegacyAudio/02/8d/96f25c71da56ac03b6375c052bfdcb1b0cb8.udd" 4284
"C:/Users/Yannick/AppData/Local/UnrealEngine/Common/DerivedDataCache/Buckets/LegacyAudio/1c/f5/ba961970a9a27d477befaa3e6dd853bdb7cd.udd" 4285
"../../../../../UnrealEngine_Project/Perpetual_Dependancy_Github/Perpetual_Dependancy/Perpetual_Dependancy/Content/Characters/Mannequins/Materials/Functions/ChromaticCurve.uasset" 4286
"C:/Users/Yannick/AppData/Local/UnrealEngine/Common/DerivedDataCache/Buckets/LegacyAudio/2f/f6/ea92ebc5541dab7fd32459dcb79ace927471.udd" 4287
"C:/Users/Yannick/AppData/Local/UnrealEngine/Common/DerivedDataCache/Buckets/LegacyAudio/e1/41/d857a848f1e3e004888c58c06c0c2ddfeed6.udd" 4288
"C:/Users/Yannick/AppData/Local/UnrealEngine/Common/DerivedDataCache/Buckets/LegacyAudio/ca/a4/5370871d0c3215098548591b14fa819c3b68.udd" 4289
"../../../../../UnrealEngine_Project/Perpetual_Dependancy_Github/Perpetual_Dependancy/Perpetual_Dependancy/Content/OurContent/Sounds/NormalizedSound/22_-_Boucle_1_MC_v2-23LUFS.uasset" 4290
"../../../../../UnrealEngine_Project/Perpetual_Dependancy_Github/Perpetual_Dependancy/Perpetual_Dependancy/Content/Characters/Mannequins/Materials/Functions/CA_Mannequin.uasset" 4291
"../../../../../UnrealEngine_Project/Perpetual_Dependancy_Github/Perpetual_Dependancy/Perpetual_Dependancy/Content/Characters/Mannequins/Materials/Functions/MF_logo3layers.uasset" 4292
"C:/Users/Yannick/AppData/Local/UnrealEngine/Common/DerivedDataCache/Buckets/LegacyAudio/fd/8c/804a7e3daafab9612c8bd314d7af40926012.udd" 4293
"C:/Users/Yannick/AppData/Local/UnrealEngine/Common/DerivedDataCache/Buckets/LegacyAudio/50/07/ad7fa94bb2c24e99d9bee1c340ef3040554a.udd" 4294
"../../../../../UnrealEngine_Project/Perpetual_Dependancy_Github/Perpetual_Dependancy/Perpetual_Dependancy/Content/Characters/Mannequins/Materials/Functions/ML_BaseColorFallOff.uasset" 4295
"C:/Users/Yannick/AppData/Local/UnrealEngine/Common/DerivedDataCache/Buckets/LegacyAudio/2e/d7/532480d46b6d6977e305e7e2e1c40638a8dc.udd" 4296
"C:/Users/Yannick/AppData/Local/UnrealEngine/Common/DerivedDataCache/Buckets/LegacyAudio/d5/f8/bf6f1cdddd02870adb6a2bcf79f34a9ce795.udd" 4297
"../../../../../UnrealEngine_Project/Perpetual_Dependancy_Github/Perpetual_Dependancy/Perpetual_Dependancy/Content/OurContent/Sounds/NormalizedSound/11_-_boucle_1_MC_V1-23LUFS.uasset" 4298
"../../../../../UnrealEngine_Project/Perpetual_Dependancy_Github/Perpetual_Dependancy/Perpetual_Dependancy/Content/OurContent/Sounds/NormalizedSound/10_-_Boucle_2_-_MC_to_girlfriend_V1-23LUFS.uasset" 4299
"../../../../../UnrealEngine_Project/Perpetual_Dependancy_Github/Perpetual_Dependancy/Perpetual_Dependancy/Content/Characters/Mannequins/Textures/Manny/T_Manny_01_ASAOPMASK_MSK.uasset" 4300
"C:/Users/Yannick/AppData/Local/UnrealEngine/Common/DerivedDataCache/Buckets/LegacyAudio/ed/dc/7fa3a57dcffb00ae5c9a7ec0af96801a5f73.udd" 4301
"C:/Users/Yannick/AppData/Local/UnrealEngine/Common/DerivedDataCache/Buckets/LegacyAudio/17/8a/b6b19d4f8296ed1e762b140f9688dfd72d75.udd" 4302
"../../../../../UnrealEngine_Project/Perpetual_Dependancy_Github/Perpetual_Dependancy/Perpetual_Dependancy/Content/Characters/Mannequins/Textures/Manny/T_Manny_01_BN.uasset" 4303
"C:/Users/Yannick/AppData/Local/UnrealEngine/Common/DerivedDataCache/Buckets/LegacyAudio/b0/b0/283b2a01cceaf98545239e9bba0430465027.udd" 4304
"C:/Users/Yannick/AppData/Local/UnrealEngine/Common/DerivedDataCache/Buckets/LegacyAudio/da/c2/60fdfa0ac2f09aec0b007f7313ad442028ac.udd" 4305
"C:/Users/Yannick/AppData/Local/UnrealEngine/Common/DerivedDataCache/Buckets/LegacyAudio/0b/f3/4f041d81c16bd4d45a9494ddaafa26aa22af.udd" 4306
"C:/Users/Yannick/AppData/Local/UnrealEngine/Common/DerivedDataCache/Buckets/LegacyAudio/17/97/0ac46de99f432b6cb2c2f6ca6ed71ab0f800.udd" 4307
"C:/Users/Yannick/AppData/Local/UnrealEngine/Common/DerivedDataCache/Buckets/LegacyAudio/db/68/a8641dff1b650602a1a8771a84fe6eafdcab.udd" 4308
"C:/Users/Yannick/AppData/Local/UnrealEngine/Common/DerivedDataCache/Buckets/LegacyAudio/f0/a7/e928e9e02033168bd9891978d701eb0c402a.udd" 4309
"C:/Users/Yannick/AppData/Local/UnrealEngine/Common/DerivedDataCache/Buckets/LegacyAudio/28/0a/de9ac971fb92c2e7b74e6b013ff5e038c86c.udd" 4310
"C:/Users/Yannick/AppData/Local/UnrealEngine/Common/DerivedDataCache/Buckets/LegacyAudio/30/27/4bdd2de1c33ff128a048381ad41cb62bd6f1.udd" 4311
"C:/Users/Yannick/AppData/Local/UnrealEngine/Common/DerivedDataCache/Buckets/LegacyAudio/13/96/deec994cd51310204a402721196a173943ef.udd" 4312
"../../../../../UnrealEngine_Project/Perpetual_Dependancy_Github/Perpetual_Dependancy/Perpetual_Dependancy/Content/Characters/Mannequins/Textures/Manny/T_Manny_01_CCRCCPlastic_MSK.uasset" 4313
"C:/Users/Yannick/AppData/Local/UnrealEngine/Common/DerivedDataCache/Buckets/LegacyAudio/51/7b/b2d9f4375646751a00fcc4bf71d8ef1f801f.udd" 4314
"C:/Users/Yannick/AppData/Local/UnrealEngine/Common/DerivedDataCache/Buckets/LegacyAudio/69/2f/ac510becc3ee57e27baa57c1285a64f0ee7f.udd" 4315
"C:/Users/Yannick/AppData/Local/UnrealEngine/Common/DerivedDataCache/Buckets/LegacyAudio/37/6b/c91ddeb8f7a53ad798b0474d1bf16d9d1489.udd" 4316
"../../../../../UnrealEngine_Project/Perpetual_Dependancy_Github/Perpetual_Dependancy/Perpetual_Dependancy/Content/Characters/Mannequins/Textures/Manny/T_Manny_01_D.uasset" 4317
"../../../../../UnrealEngine_Project/Perpetual_Dependancy_Github/Perpetual_Dependancy/Perpetual_Dependancy/Content/Characters/Mannequins/Textures/Manny/T_Manny_01_MSR_MSK.uasset" 4318
"../../../../../UnrealEngine_Project/Perpetual_Dependancy_Github/Perpetual_Dependancy/Perpetual_Dependancy/Content/Characters/Mannequins/Textures/Manny/T_Manny_01_N.uasset" 4319
"../../../../../UnrealEngine_Project/Perpetual_Dependancy_Github/Perpetual_Dependancy/Perpetual_Dependancy/Content/Characters/Mannequins/Textures/Manny/T_Manny_01_Tan.uasset" 4320
"C:/Users/Yannick/AppData/Local/UnrealEngine/Common/DerivedDataCache/Buckets/LegacyAudio/be/ce/3d1c9ae394fa2ea5ec8281a80ddef9e79b82.udd" 4321
"C:/Users/Yannick/AppData/Local/UnrealEngine/Common/DerivedDataCache/Buckets/LegacyAudio/4f/36/f83ed709019afa6668c17bbd3c9bfef3ceca.udd" 4322
"C:/Users/Yannick/AppData/Local/UnrealEngine/Common/DerivedDataCache/Buckets/LegacyAudio/68/d7/945d7994043ea6fe1fec0cea1a33badbd88c.udd" 4323
"C:/Users/Yannick/AppData/Local/UnrealEngine/Common/DerivedDataCache/Buckets/LegacyAudio/f5/55/70b4df726918654df7c166bcdda1a86cd279.udd" 4324
"C:/Users/Yannick/AppData/Local/UnrealEngine/Common/DerivedDataCache/Buckets/LegacyAudio/c9/90/a53ed05dba7a5bc2792f13fbfff849746a37.udd" 4325
"C:/Users/Yannick/AppData/Local/UnrealEngine/Common/DerivedDataCache/Buckets/LegacyAudio/c2/3c/74b0f704673cb7e43b9567fc1f686d44ca73.udd" 4326
"../../../../../UnrealEngine_Project/Perpetual_Dependancy_Github/Perpetual_Dependancy/Perpetual_Dependancy/Content/Characters/Mannequins/Materials/Instances/Manny/MI_Manny_02.uasset" 4327
"C:/Users/Yannick/AppData/Local/UnrealEngine/Common/DerivedDataCache/Buckets/LegacyAudio/b5/16/142a0d61ce0d69d1cb3c4e9b5c5259ef2af3.udd" 4328
"../../../../../UnrealEngine_Project/Perpetual_Dependancy_Github/Perpetual_Dependancy/Perpetual_Dependancy/Content/Characters/Mannequins/Textures/Manny/T_Manny_02_ASAOPMASK_MSK.uasset" 4329
"C:/Users/Yannick/AppData/Local/UnrealEngine/Common/DerivedDataCache/Buckets/LegacyAudio/85/90/10e466f657084f5368c002f944d688447878.udd" 4330
"../../../../../UnrealEngine_Project/Perpetual_Dependancy_Github/Perpetual_Dependancy/Perpetual_Dependancy/Content/Characters/Mannequins/Textures/Manny/T_Manny_02_BN.uasset" 4331
"../../../../../UnrealEngine_Project/Perpetual_Dependancy_Github/Perpetual_Dependancy/Perpetual_Dependancy/Content/Characters/Mannequins/Textures/Manny/T_Manny_02_CCRCCPlastic_MSK.uasset" 4332
"../../../../../UnrealEngine_Project/Perpetual_Dependancy_Github/Perpetual_Dependancy/Perpetual_Dependancy/Content/Characters/Mannequins/Textures/Manny/T_Manny_02_D.uasset" 4333
"../../../../../UnrealEngine_Project/Perpetual_Dependancy_Github/Perpetual_Dependancy/Perpetual_Dependancy/Content/Characters/Mannequins/Textures/Manny/T_Manny_02_MSR_MSK.uasset" 4334
"C:/Users/Yannick/AppData/Local/UnrealEngine/Common/DerivedDataCache/Buckets/LegacyAudio/58/af/7b46125fda94aa3af1db3bf71256662360c6.udd" 4335
"../../../../../UnrealEngine_Project/Perpetual_Dependancy_Github/Perpetual_Dependancy/Perpetual_Dependancy/Content/Characters/Mannequins/Textures/Manny/T_Manny_02_N.uasset" 4336
"../../../../../UnrealEngine_Project/Perpetual_Dependancy_Github/Perpetual_Dependancy/Perpetual_Dependancy/Content/Characters/Mannequins/Textures/Manny/T_Manny_02_Tan.uasset" 4337
"C:/Users/Yannick/AppData/Local/UnrealEngine/Common/DerivedDataCache/Buckets/LegacyAudio/6d/4d/a1da76cc29cf52a89f6512adc9b9d8b8badb.udd" 4338
"C:/Users/Yannick/AppData/Local/UnrealEngine/Common/DerivedDataCache/Buckets/LegacyAudio/c6/7e/21a3a84da4bfb0bd3e29a7e94af8a1265e78.udd" 4339
"C:/Users/Yannick/AppData/Local/UnrealEngine/Common/DerivedDataCache/Content/42/56/91170040b1566865fa316ad110ebc8c7e292.udd" 4340
"C:/Users/Yannick/AppData/Local/UnrealEngine/Common/DerivedDataCache/Buckets/LegacyAudio/2b/16/06e0d985a38924cf492f4f2377a1d4e88f81.udd" 4341
"../../../../../UnrealEngine_Project/Perpetual_Dependancy_Github/Perpetual_Dependancy/Perpetual_Dependancy/Content/Characters/Mannequins/Rigs/PA_Mannequin.uasset" 4342
"../../../../../UnrealEngine_Project/Perpetual_Dependancy_Github/Perpetual_Dependancy/Perpetual_Dependancy/Content/OurContent/Sounds/Music/Amb_Opressive/Low_Drone_Loop_-_01.uasset" 4343
"../../../../../UnrealEngine_Project/Perpetual_Dependancy_Github/Perpetual_Dependancy/Perpetual_Dependancy/Content/Characters/Mannequins/Meshes/SKM_Manny_Simple.uasset" 4344
"C:/Users/Yannick/AppData/Local/UnrealEngine/Common/DerivedDataCache/Buckets/LegacyAudio/f8/e6/492c26abd4c77584382e8a1bb2bde90cd3a1.udd" 4345
"C:/Users/Yannick/AppData/Local/UnrealEngine/Common/DerivedDataCache/Buckets/LegacyAudio/3d/c5/4bb514c12e8726940831432457a2d01be65f.udd" 4346
"C:/Users/Yannick/AppData/Local/UnrealEngine/Common/DerivedDataCache/Buckets/LegacyAudio/a5/f2/92aceb998b052cc77881a11e89ecf8bdc340.udd" 4347
"C:/Users/Yannick/AppData/Local/UnrealEngine/Common/DerivedDataCache/Buckets/LegacyAudio/ab/2c/2ac52cd8c764aa3df8c85723e9858474bd54.udd" 4348
"C:/Users/Yannick/AppData/Local/UnrealEngine/Common/DerivedDataCache/Buckets/LegacyAudio/9c/60/ca101aff0298a5fdbda4b5a8770395dab0b3.udd" 4349
"C:/Users/Yannick/AppData/Local/UnrealEngine/Common/DerivedDataCache/Buckets/LegacyAudio/7f/f5/2b10f221a20686420d89602d3119aa7d8db0.udd" 4350
"C:/Users/Yannick/AppData/Local/UnrealEngine/Common/DerivedDataCache/Buckets/LegacyAudio/78/7f/d7ae73690c36b01441e4dbfcb346c67b0677.udd" 4351
"C:/Users/Yannick/AppData/Local/UnrealEngine/Common/DerivedDataCache/Buckets/LegacyAudio/51/a5/56bfafb0bdd424a6262e9a5db8bd6853b48b.udd" 4352
"C:/Users/Yannick/AppData/Local/UnrealEngine/Common/DerivedDataCache/Buckets/LegacyAudio/b2/68/2f72eb8b0e13d4bfc3b287224e60b8ee9eaf.udd" 4353
"C:/Users/Yannick/AppData/Local/UnrealEngine/Common/DerivedDataCache/Buckets/LegacyAudio/64/21/d665519c6ad7b1d2413a63aae5ac3ecb6efe.udd" 4354
"C:/Users/Yannick/AppData/Local/UnrealEngine/Common/DerivedDataCache/Buckets/LegacyAudio/fe/ae/c105d61856445e2e6117e4593a4930aa28f7.udd" 4355
"C:/Users/Yannick/AppData/Local/UnrealEngine/Common/DerivedDataCache/Buckets/LegacyAudio/bf/16/bf81dbec85843fd3e26b0a08f1cf0a0b2725.udd" 4356
"C:/Users/Yannick/AppData/Local/UnrealEngine/Common/DerivedDataCache/Buckets/LegacyAudio/03/3b/de150536f4e971c59ae51148d1212f89868a.udd" 4357
"../../../../../UnrealEngine_Project/Perpetual_Dependancy_Github/Perpetual_Dependancy/Perpetual_Dependancy/Content/OurContent/Sounds/Music/Pad_A_-_01.uasset" 4358
"C:/Users/Yannick/AppData/Local/UnrealEngine/Common/DerivedDataCache/Buckets/LegacyAudio/81/49/297a5c9bec0bce2100eaf65527bd00ff92f1.udd" 4359
"C:/Users/Yannick/AppData/Local/UnrealEngine/Common/DerivedDataCache/Buckets/LegacyAudio/dc/d8/2e296a894ae606bfa4745893916d2c840a85.udd" 4360
"C:/Users/Yannick/AppData/Local/UnrealEngine/Common/DerivedDataCache/Buckets/LegacyAudio/15/8d/ba1c4dd738e9a0284b3c4c621be4504302d0.udd" 4361
"C:/Users/Yannick/AppData/Local/UnrealEngine/Common/DerivedDataCache/Buckets/LegacyAudio/c0/47/cf7443fdd84704c48957ff9ce0d94ba58100.udd" 4362
"../../../../../UnrealEngine_Project/Perpetual_Dependancy_Github/Perpetual_Dependancy/Perpetual_Dependancy/Content/OurContent/Sounds/MenuSound/UI_Click_01.uasset" 4363
"../../../../../UnrealEngine_Project/Perpetual_Dependancy_Github/Perpetual_Dependancy/Perpetual_Dependancy/Content/OurContent/Sounds/MenuSound/Menu_FX_05_01.uasset" 4364
"C:/Users/Yannick/AppData/Local/UnrealEngine/Common/DerivedDataCache/Buckets/LegacyAudio/40/7c/3556a22c5c83196c4fa04238bbd1c8e90791.udd" 4365
"C:/Users/Yannick/AppData/Local/UnrealEngine/Common/DerivedDataCache/Buckets/LegacyAudio/57/a6/fbe56a351dbda38e8e8066d984446fda3393.udd" 4366
"C:/Users/Yannick/AppData/Local/UnrealEngine/Common/DerivedDataCache/Buckets/LegacyAudio/2f/9c/0c4994099aea956511e50a033c758846d75f.udd" 4367
"C:/Users/Yannick/AppData/Local/UnrealEngine/Common/DerivedDataCache/Buckets/LegacyAudio/5c/bd/ed1415cea06a995a2ce73bb4a438f13007fe.udd" 4368
"C:/Users/Yannick/AppData/Local/UnrealEngine/Common/DerivedDataCache/Buckets/LegacyAudio/3c/00/d7ae22e561cee166aae058ece6959d4cf14b.udd" 4369
"C:/Users/Yannick/AppData/Local/UnrealEngine/Common/DerivedDataCache/Buckets/LegacyAudio/f9/8c/0068e451b3e050bf1b79feeb13dcb5f9d04a.udd" 4370
"C:/Users/Yannick/AppData/Local/UnrealEngine/Common/DerivedDataCache/Buckets/LegacyAudio/02/7b/00fe80525aebe66a81b4727dc92c5efb2f9f.udd" 4371
"C:/Users/Yannick/AppData/Local/UnrealEngine/Common/DerivedDataCache/Buckets/LegacyAudio/94/dd/f6fda9ed1de51b544033bc1b1b9c0ffe2ee5.udd" 4372
"../../../../../UnrealEngine_Project/Perpetual_Dependancy_Github/Perpetual_Dependancy/Perpetual_Dependancy/Content/OurContent/Sounds/Items/Poison_Drink_V3-B.uasset" 4373
"C:/Users/Yannick/AppData/Local/UnrealEngine/Common/DerivedDataCache/Buckets/LegacyAudio/ec/27/57a3426093012559ab1605a1574c50277d58.udd" 4374
"C:/Users/Yannick/AppData/Local/UnrealEngine/Common/DerivedDataCache/Buckets/LegacyAudio/43/8f/1a7e25b05c3fc03c7beeec666da6e7304300.udd" 4375
"C:/Users/Yannick/AppData/Local/UnrealEngine/Common/DerivedDataCache/Buckets/LegacyAudio/df/bf/9a152399ab38d99b147f5c1d62887e1f4dee.udd" 4376
"C:/Users/Yannick/AppData/Local/UnrealEngine/Common/DerivedDataCache/Buckets/LegacyAudio/6d/7e/c596cc3c1c6333f68d7976457b399ca5a497.udd" 4377
"C:/Users/Yannick/AppData/Local/UnrealEngine/Common/DerivedDataCache/Buckets/LegacyAudio/1b/40/b57e3e94653bb09054437590d95d8a5b3750.udd" 4378
"C:/Users/Yannick/AppData/Local/UnrealEngine/Common/DerivedDataCache/Buckets/LegacyAudio/f4/3c/0d792eff46fdea2f7251b9b7e3b7aca53583.udd" 4379
"C:/Users/Yannick/AppData/Local/UnrealEngine/Common/DerivedDataCache/Buckets/LegacyAudio/fb/9c/f74d047aded5b1ca5c8bfa8ada8330ff5ca8.udd" 4380
"C:/Users/Yannick/AppData/Local/UnrealEngine/Common/DerivedDataCache/Buckets/LegacyAudio/04/91/dfff37753fd3d880a173d8ac1f01323eab32.udd" 4381
"C:/Users/Yannick/AppData/Local/UnrealEngine/Common/DerivedDataCache/Buckets/LegacyAudio/0c/e5/e0b8088653d017fc5a023536aefbdabab136.udd" 4382
"C:/Users/Yannick/AppData/Local/UnrealEngine/Common/DerivedDataCache/Buckets/LegacyAudio/9d/4c/bad733c0db99c3e70ebe1b47eb9cefccac2f.udd" 4383
"C:/Users/Yannick/AppData/Local/UnrealEngine/Common/DerivedDataCache/Buckets/LegacyAudio/e7/4e/3da3ba40f7146975135858aa6729400d8640.udd" 4384
"C:/Users/Yannick/AppData/Local/UnrealEngine/Common/DerivedDataCache/Buckets/LegacyAudio/6f/db/6b3dd066c93f72d31f74140da24548266052.udd" 4385
"C:/Users/Yannick/AppData/Local/UnrealEngine/Common/DerivedDataCache/Buckets/LegacyAudio/cb/43/e79daa0b60c634e73dee96f5d0d137d39267.udd" 4386
"C:/Users/Yannick/AppData/Local/UnrealEngine/Common/DerivedDataCache/Buckets/LegacyAudio/a1/cc/8fef46cb937cf99176a0490d227b3f957c6f.udd" 4387
"C:/Users/Yannick/AppData/Local/UnrealEngine/Common/DerivedDataCache/Buckets/LegacyAudio/86/7b/63d78e81a728bdc30dc53708529b629f2c27.udd" 4388
"C:/Users/Yannick/AppData/Local/UnrealEngine/Common/DerivedDataCache/Buckets/LegacyAudio/9b/3b/87469c0e84a15c716fb8cf77e05c97722183.udd" 4389
"C:/Users/Yannick/AppData/Local/UnrealEngine/Common/DerivedDataCache/Buckets/LegacyAudio/83/20/095dc71ff355856e1b868b35d391b51533d3.udd" 4390
"C:/Users/Yannick/AppData/Local/UnrealEngine/Common/DerivedDataCache/Buckets/LegacyAudio/b4/d6/3a82b68813e762807a7fd0a0e8c416c1f847.udd" 4391
"C:/Users/Yannick/AppData/Local/UnrealEngine/Common/DerivedDataCache/Buckets/LegacyAudio/73/1d/803d5bb019cb07d86252a53325945cc2a6e0.udd" 4392
"C:/Users/Yannick/AppData/Local/UnrealEngine/Common/DerivedDataCache/Buckets/LegacyAudio/75/83/f72592c9cc4e5243a75b4d717ec8b4db5fde.udd" 4393
"C:/Users/Yannick/AppData/Local/UnrealEngine/Common/DerivedDataCache/Buckets/LegacyTEXTURE/f6/bf/7d8fb7e76c05b12e58692f13426c90b5bae4.udd" 4394
"C:/Users/Yannick/AppData/Local/UnrealEngine/Common/DerivedDataCache/Buckets/LegacyTEXTURE/8c/2c/ae7b01a1928ecefbde908101b4dae809de51.udd" 4395
"C:/Users/Yannick/AppData/Local/UnrealEngine/Common/DerivedDataCache/Buckets/LegacyTEXTURE/47/0f/6eb10f450deb2bfb6b874ebfbdb6a6a7ab17.udd" 4396
"C:/Users/Yannick/AppData/Local/UnrealEngine/Common/DerivedDataCache/Buckets/LegacyTEXTURE/7a/3a/3f633f769d26b638851df930e9587a5bd5a6.udd" 4397
"../../../../../UnrealEngine_Project/Perpetual_Dependancy_Github/Perpetual_Dependancy/Perpetual_Dependancy/Content/OurContent/Widgets/Ressources/StimuliBartest5.uasset" 4398
"C:/Users/Yannick/AppData/Local/UnrealEngine/Common/DerivedDataCache/Buckets/LegacyTEXTURE/7d/2d/6d91cafcd901fb0b41bdc05d459a508dba98.udd" 4399
"C:/Users/Yannick/AppData/Local/UnrealEngine/Common/DerivedDataCache/Buckets/LegacyTEXTURE/0a/7a/74ca1a9efe2ef8210cf690973c1250217443.udd" 4400
"../../../../../UnrealEngine_Project/Perpetual_Dependancy_Github/Perpetual_Dependancy/Perpetual_Dependancy/Content/OurContent/Widgets/Ressources/StimuliBartest3.uasset" 4401
"../../../../../UnrealEngine_Project/Perpetual_Dependancy_Github/Perpetual_Dependancy/Perpetual_Dependancy/Content/OurContent/Widgets/Ressources/StimuliBartest2.uasset" 4402
"../../../../../UnrealEngine_Project/Perpetual_Dependancy_Github/Perpetual_Dependancy/Perpetual_Dependancy/Content/OurContent/Widgets/Ressources/StimuliBartest1.uasset" 4403
"C:/Users/Yannick/AppData/Local/UnrealEngine/Common/DerivedDataCache/Buckets/LegacyTEXTURE/d2/3a/9f15934abbc570a2fb5ef0c19c2301d22de0.udd" 4404
"C:/Users/Yannick/AppData/Local/UnrealEngine/Common/DerivedDataCache/Buckets/LegacyTEXTURE/94/dc/d75b6f53e0f45ad1faa9015ff838bc274b1e.udd" 4405
"C:/Users/Yannick/AppData/Local/UnrealEngine/Common/DerivedDataCache/Buckets/LegacyTEXTURE/ea/09/acdcba400bfedf8f2726377e1c405245bc4f.udd" 4406
"C:/Users/Yannick/AppData/Local/UnrealEngine/Common/DerivedDataCache/Buckets/LegacyTEXTURE/50/23/0e7eb6bc0eeae5b3df830cbe94ee46107a21.udd" 4407
"C:/Users/Yannick/AppData/Local/UnrealEngine/Common/DerivedDataCache/Buckets/LegacyTEXTURE/a8/1c/7fa5e7035dcd2d7e84a1553589d22f40eac4.udd" 4408
"C:/Users/Yannick/AppData/Local/UnrealEngine/Common/DerivedDataCache/Buckets/LegacyTEXTURE/47/cf/2d0087f5aa35d30cb091625d1f8836334cbb.udd" 4409
"C:/Users/Yannick/AppData/Local/UnrealEngine/Common/DerivedDataCache/Buckets/LegacyTEXTURE/b4/6c/acc0b5f512a34a1110d39cd33487db16bc4c.udd" 4410
"C:/Users/Yannick/AppData/Local/UnrealEngine/Common/DerivedDataCache/Buckets/LegacyTEXTURE/ad/13/bc17b362ac7de13bc8318602f9d7a00d6599.udd" 4411
"C:/Users/Yannick/AppData/Local/UnrealEngine/Common/DerivedDataCache/Buckets/LegacySTREAMEDAUDIO/00/b1/369f30a8dca54887b27075f0472d0bee9ac0.udd" 4412
"C:/Users/Yannick/AppData/Local/UnrealEngine/Common/DerivedDataCache/Buckets/LegacySTREAMEDAUDIO/c5/43/ff9dbac6a33d06a3c1ec5f9a9ef17c43ab40.udd" 4413
"C:/Users/Yannick/AppData/Local/UnrealEngine/Common/DerivedDataCache/Buckets/LegacySTREAMEDAUDIO/1e/0a/d80c054a568b296fb909f0c26d243c5cbf9a.udd" 4414
"C:/Users/Yannick/AppData/Local/UnrealEngine/Common/DerivedDataCache/Buckets/LegacySTREAMEDAUDIO/90/99/2b855e89b90d1d70953caccd70457af7c74a.udd" 4415
"C:/Users/Yannick/AppData/Local/UnrealEngine/Common/DerivedDataCache/Buckets/LegacySTREAMEDAUDIO/ad/1e/7681422b96c18362e6f66a01ce40a9e4af56.udd" 4416
"C:/Users/Yannick/AppData/Local/UnrealEngine/Common/DerivedDataCache/Buckets/LegacySTREAMEDAUDIO/a1/70/7ab497baa2062d3df6b8b8681a51645d3c86.udd" 4417
"C:/Users/Yannick/AppData/Local/UnrealEngine/Common/DerivedDataCache/Buckets/LegacySTREAMEDAUDIO/56/1e/6fb5c4b92411310e80423432289e3c96f5dd.udd" 4418
"C:/Users/Yannick/AppData/Local/UnrealEngine/Common/DerivedDataCache/Buckets/LegacySTREAMEDAUDIO/89/ed/9a4ce5642b4e2569aecb4538e6801329d4e0.udd" 4419
"C:/Users/Yannick/AppData/Local/UnrealEngine/Common/DerivedDataCache/Buckets/LegacySTREAMEDAUDIO/79/e2/5363f1057d858b23c2fc1191bb5991056bdd.udd" 4420
"C:/Users/Yannick/AppData/Local/UnrealEngine/Common/DerivedDataCache/Buckets/LegacySTREAMEDAUDIO/96/7f/83692245cfd35680a7bf04a1f7c053f2e3eb.udd" 4421
"C:/Users/Yannick/AppData/Local/UnrealEngine/Common/DerivedDataCache/Buckets/LegacySTREAMEDAUDIO/0a/b9/20fd713c48a60a05c4720e62f3d5f5868866.udd" 4422
"C:/Users/Yannick/AppData/Local/UnrealEngine/Common/DerivedDataCache/Buckets/LegacySTREAMEDAUDIO/fd/2e/6564c3c39875cc2bebe8e210b400e719e882.udd" 4423
"C:/Users/Yannick/AppData/Local/UnrealEngine/Common/DerivedDataCache/Buckets/LegacySTREAMEDAUDIO/66/3e/f21b21b2abc61ac4e0f5b4d0d68854851e32.udd" 4424
"C:/Users/Yannick/AppData/Local/UnrealEngine/Common/DerivedDataCache/Buckets/LegacySTREAMEDAUDIO/3b/6b/5f9d00299b5a1b07f0f3bedbea1d00eb683f.udd" 4425
"C:/Users/Yannick/AppData/Local/UnrealEngine/Common/DerivedDataCache/Buckets/LegacySTREAMEDAUDIO/e7/ae/a3df2f26ec406a5fffe3c2bbb4b14ec244ee.udd" 4426
"C:/Users/Yannick/AppData/Local/UnrealEngine/Common/DerivedDataCache/Buckets/LegacySTREAMEDAUDIO/48/a6/87156cc27fc05f0955e26c8be1c8a3d86e16.udd" 4427
"C:/Users/Yannick/AppData/Local/UnrealEngine/Common/DerivedDataCache/Buckets/LegacySTREAMEDAUDIO/ca/7a/06ea47127298dfb34c1097f1eb07be277be1.udd" 4428
"C:/Users/Yannick/AppData/Local/UnrealEngine/Common/DerivedDataCache/Buckets/LegacySTREAMEDAUDIO/7f/49/f9049dc9d9a14f7e69cf4bf510bd0b2a9168.udd" 4429
"../../../../../UnrealEngine_Project/Perpetual_Dependancy_Github/Perpetual_Dependancy/Perpetual_Dependancy/Content/Characters/Mannequins/Meshes/SKM_Quinn_Simple.uasset" 4430
"../../../../../UnrealEngine_Project/Perpetual_Dependancy_Github/Perpetual_Dependancy/Perpetual_Dependancy/Content/Characters/Mannequins/Materials/Instances/Quinn/MI_Quinn_01.uasset" 4431
"../../../../../UnrealEngine_Project/Perpetual_Dependancy_Github/Perpetual_Dependancy/Perpetual_Dependancy/Content/Characters/Mannequins/Textures/Quinn/T_Quinn_01ID_BN.uasset" 4432
"../../../../../UnrealEngine_Project/Perpetual_Dependancy_Github/Perpetual_Dependancy/Perpetual_Dependancy/Content/Characters/Mannequins/Textures/Quinn/T_Quinn_01ID_D.uasset" 4433
"../../../../../UnrealEngine_Project/Perpetual_Dependancy_Github/Perpetual_Dependancy/Perpetual_Dependancy/Content/Characters/Mannequins/Materials/Instances/Quinn/MI_Quinn_02.uasset" 4434
"E:/UnrealEngine_Project/Perpetual_Dependancy_Github/Perpetual_Dependancy/Perpetual_Dependancy/Content/Characters/Mannequins/Meshes/Mannequin_LODSettings.uasset" 4435
"../../../Engine/Content/EngineMaterials/DefaultCalibrationGrayscale.uasset" 4436
"../../../Engine/Content/EngineSounds/Submixes/MasterEQEffectPreset.uasset" 4437
"../../../Engine/Content/EngineSounds/Submixes/MasterReverbEffectPreset.uasset" 4438
"../../../Engine/Content/EditorMaterials/PreviewShadowIndicator.uasset" 4439
"../../../Engine/Content/MobileResources/HUD/VirtualJoystick_Thumb.uasset" 4440
"../../../Engine/Content/EngineSky/M_SimpleSkyDome.uasset" 4441
"../../../Engine/Content/Maps/Entry_BuiltData.uasset" 4442
"../../../Engine/Content/Functions/Engine_MaterialFunctions01/Opacity/AlphaOffset.uasset" 4443
"../../../Engine/Content/MapTemplates/Sky/DaylightAmbientCubemap.uasset" 4444
"../../../Engine/Content/Functions/Engine_MaterialFunctions03/Procedurals/ComputeFilterWidth.uasset" 4445
"../../../Engine/Content/EditorMeshes/ColorCalibrator/M_ChromeBall.uasset" 4446
"../../../Engine/Content/EditorMeshes/ColorCalibrator/T_ColorGrid.uasset" 4447
"../../../Engine/Content/EditorMeshes/ColorCalibrator/M_ClearCoat.uasset" 4448
"../../../Engine/Content/MobileResources/HUD/VirtualJoystick_Background.uasset" 4449
"../../../Engine/Content/EngineMaterials/DefaultCalibrationColor.uasset" 4450
"../../../Engine/Content/EditorMeshes/ColorCalibrator/M_ClearCoatBlack.uasset" 4451
"../../../Engine/Content/EditorMeshes/ColorCalibrator/M_GreyBall.uasset" 4452
"../../../Engine/Content/EditorMeshes/ColorCalibrator/Color_checker.uasset" 4453
"../../../Engine/Content/EngineSky/T_Sky_Stars.uasset" 4454
"../../../Engine/Content/EngineSounds/Voice.uasset" 4455
"../../../Engine/Content/ArtTools/RenderToTexture/MaterialFunctions/CheckerPattern.uasset" 4456
"E:/UnrealEngine_Project/Perpetual_Dependancy_Github/Perpetual_Dependancy/Perpetual_Dependancy/Content/Characters/Mannequins/Rigs/CR_Mannequin_Body.uasset" 4457
"E:/UnrealEngine_Project/Perpetual_Dependancy_Github/Perpetual_Dependancy/Perpetual_Dependancy/Content/ThirdPerson/Input/IMC_Default.uasset" 4458
"../../../Engine/Content/EngineSky/T_Sky_Blue.uasset" 4459
"../../../Engine/Content/EngineSky/T_Sky_Clouds_M.uasset" 4460
"E:/UnrealEngine_Project/Perpetual_Dependancy_Github/Perpetual_Dependancy/Perpetual_Dependancy/Content/StarterContent/Props/Materials/M_StatueGlass.uasset" 4461
"E:/UnrealEngine_Project/Perpetual_Dependancy_Github/Perpetual_Dependancy/Perpetual_Dependancy/Content/StarterContent/Particles/Materials/M_Heat_Distortion.uasset" 4462
"E:/UnrealEngine_Project/Perpetual_Dependancy_Github/Perpetual_Dependancy/Perpetual_Dependancy/Content/StarterContent/Materials/M_Wood_Floor_Walnut_Polished.uasset" 4463
"E:/UnrealEngine_Project/Perpetual_Dependancy_Github/Perpetual_Dependancy/Perpetual_Dependancy/Content/StarterContent/Materials/M_Water_Lake.uasset" 4464
"E:/UnrealEngine_Project/Perpetual_Dependancy_Github/Perpetual_Dependancy/Perpetual_Dependancy/Content/StarterContent/Materials/M_Rock_Marble_Polished.uasset" 4465
"E:/UnrealEngine_Project/Perpetual_Dependancy_Github/Perpetual_Dependancy/Perpetual_Dependancy/Content/StarterContent/Materials/M_Wood_Walnut.uasset" 4466
"E:/UnrealEngine_Project/Perpetual_Dependancy_Github/Perpetual_Dependancy/Perpetual_Dependancy/Content/StarterContent/Materials/M_Wood_Pine.uasset" 4467
"E:/UnrealEngine_Project/Perpetual_Dependancy_Github/Perpetual_Dependancy/Perpetual_Dependancy/Content/StarterContent/Materials/M_Wood_Oak.uasset" 4468
"E:/UnrealEngine_Project/Perpetual_Dependancy_Github/Perpetual_Dependancy/Perpetual_Dependancy/Content/StarterContent/Materials/M_Tech_Panel.uasset" 4469
"E:/UnrealEngine_Project/Perpetual_Dependancy_Github/Perpetual_Dependancy/Perpetual_Dependancy/Content/StarterContent/Materials/M_Tech_Hex_Tile_Pulse.uasset" 4470
"E:/UnrealEngine_Project/Perpetual_Dependancy_Github/Perpetual_Dependancy/Perpetual_Dependancy/Content/StarterContent/Materials/M_Rock_Slate.uasset" 4471
"E:/UnrealEngine_Project/Perpetual_Dependancy_Github/Perpetual_Dependancy/Perpetual_Dependancy/Content/StarterContent/Props/Materials/M_TableRound.uasset" 4472
"C:/Users/Yannick/AppData/Local/UnrealEngine/Common/DerivedDataCache/Buckets/BulkDataList/dd/a9/df94513fdd05c1e28a653d4a48d6261e25a3.udd" 4473
"E:/UnrealEngine_Project/Perpetual_Dependancy_Github/Perpetual_Dependancy/Perpetual_Dependancy/Content/StarterContent/Materials/M_Rock_Sandstone.uasset" 4474
"E:/UnrealEngine_Project/Perpetual_Dependancy_Github/Perpetual_Dependancy/Perpetual_Dependancy/Content/StarterContent/Materials/M_Rock_Basalt.uasset" 4475
"E:/UnrealEngine_Project/Perpetual_Dependancy_Github/Perpetual_Dependancy/Perpetual_Dependancy/Content/StarterContent/Materials/M_Metal_Steel.uasset" 4476
"E:/UnrealEngine_Project/Perpetual_Dependancy_Github/Perpetual_Dependancy/Perpetual_Dependancy/Content/StarterContent/Materials/M_Metal_Gold.uasset" 4477
"E:/UnrealEngine_Project/Perpetual_Dependancy_Github/Perpetual_Dependancy/Perpetual_Dependancy/Content/StarterContent/Materials/M_Metal_Copper.uasset" 4478
"C:/Users/Yannick/AppData/Local/UnrealEngine/Common/DerivedDataCache/Buckets/BulkDataList/4e/7e/1eba809a35d7fa6a83fdf69b248f1532e7f8.udd" 4479
"E:/UnrealEngine_Project/Perpetual_Dependancy_Github/Perpetual_Dependancy/Perpetual_Dependancy/Content/StarterContent/Props/Materials/M_Statue.uasset" 4480
"E:/UnrealEngine_Project/Perpetual_Dependancy_Github/Perpetual_Dependancy/Perpetual_Dependancy/Content/StarterContent/Props/Materials/M_Shelf.uasset" 4481
"E:/UnrealEngine_Project/Perpetual_Dependancy_Github/Perpetual_Dependancy/Perpetual_Dependancy/Content/StarterContent/Materials/M_Metal_Chrome.uasset" 4482
"E:/UnrealEngine_Project/Perpetual_Dependancy_Github/Perpetual_Dependancy/Perpetual_Dependancy/Content/StarterContent/Materials/M_Metal_Burnished_Steel.uasset" 4483
"E:/UnrealEngine_Project/Perpetual_Dependancy_Github/Perpetual_Dependancy/Perpetual_Dependancy/Content/StarterContent/Materials/M_Metal_Brushed_Nickel.uasset" 4484
"E:/UnrealEngine_Project/Perpetual_Dependancy_Github/Perpetual_Dependancy/Perpetual_Dependancy/Content/StarterContent/Materials/M_Ground_Moss.uasset" 4485
"E:/UnrealEngine_Project/Perpetual_Dependancy_Github/Perpetual_Dependancy/Perpetual_Dependancy/Content/StarterContent/Props/Materials/M_Lamp.uasset" 4486
"E:/UnrealEngine_Project/Perpetual_Dependancy_Github/Perpetual_Dependancy/Perpetual_Dependancy/Content/StarterContent/Materials/M_Ground_Gravel.uasset" 4487
"E:/UnrealEngine_Project/Perpetual_Dependancy_Github/Perpetual_Dependancy/Perpetual_Dependancy/Content/StarterContent/Materials/M_Ground_Grass.uasset" 4488
"E:/UnrealEngine_Project/Perpetual_Dependancy_Github/Perpetual_Dependancy/Perpetual_Dependancy/Content/StarterContent/Props/Materials/M_Frame.uasset" 4489
"E:/UnrealEngine_Project/Perpetual_Dependancy_Github/Perpetual_Dependancy/Perpetual_Dependancy/Content/StarterContent/Particles/Materials/M_Fire_SubUV.uasset" 4490
"E:/UnrealEngine_Project/Perpetual_Dependancy_Github/Perpetual_Dependancy/Perpetual_Dependancy/Content/StarterContent/Particles/Materials/M_explosion_subUV.uasset" 4491
"E:/UnrealEngine_Project/Perpetual_Dependancy_Github/Perpetual_Dependancy/Perpetual_Dependancy/Content/StarterContent/Particles/Materials/M_Dust_Particle.uasset" 4492
"E:/UnrealEngine_Project/Perpetual_Dependancy_Github/Perpetual_Dependancy/Perpetual_Dependancy/Content/StarterContent/Materials/M_Concrete_Tiles.uasset" 4493
"E:/UnrealEngine_Project/Perpetual_Dependancy_Github/Perpetual_Dependancy/Perpetual_Dependancy/Content/StarterContent/Materials/M_Concrete_Poured.uasset" 4494
"E:/UnrealEngine_Project/Perpetual_Dependancy_Github/Perpetual_Dependancy/Perpetual_Dependancy/Content/StarterContent/Props/Materials/M_Door.uasset" 4495
"E:/UnrealEngine_Project/Perpetual_Dependancy_Github/Perpetual_Dependancy/Perpetual_Dependancy/Content/StarterContent/Materials/M_Concrete_Panels.uasset" 4496
"E:/UnrealEngine_Project/Perpetual_Dependancy_Github/Perpetual_Dependancy/Perpetual_Dependancy/Content/StarterContent/Materials/M_Concrete_Grime.uasset" 4497
"E:/UnrealEngine_Project/Perpetual_Dependancy_Github/Perpetual_Dependancy/Perpetual_Dependancy/Content/StarterContent/Materials/M_CobbleStone_Smooth.uasset" 4498
"E:/UnrealEngine_Project/Perpetual_Dependancy_Github/Perpetual_Dependancy/Perpetual_Dependancy/Content/StarterContent/Materials/M_CobbleStone_Rough.uasset" 4499
"E:/UnrealEngine_Project/Perpetual_Dependancy_Github/Perpetual_Dependancy/Perpetual_Dependancy/Content/StarterContent/Materials/M_CobbleStone_Pebble.uasset" 4500
"E:/UnrealEngine_Project/Perpetual_Dependancy_Github/Perpetual_Dependancy/Perpetual_Dependancy/Content/StarterContent/Materials/M_Tech_Checker_Dot.uasset" 4501
"E:/UnrealEngine_Project/Perpetual_Dependancy_Github/Perpetual_Dependancy/Perpetual_Dependancy/Content/StarterContent/Materials/M_Ceramic_Tile_Checker.uasset" 4502
"E:/UnrealEngine_Project/Perpetual_Dependancy_Github/Perpetual_Dependancy/Perpetual_Dependancy/Content/StarterContent/Props/Materials/M_Chair.uasset" 4503
"E:/UnrealEngine_Project/Perpetual_Dependancy_Github/Perpetual_Dependancy/Perpetual_Dependancy/Content/StarterContent/Materials/M_Brick_Hewn_Stone.uasset" 4504
"E:/UnrealEngine_Project/Perpetual_Dependancy_Github/Perpetual_Dependancy/Perpetual_Dependancy/Content/StarterContent/Materials/M_Brick_Cut_Stone.uasset" 4505
"E:/UnrealEngine_Project/Perpetual_Dependancy_Github/Perpetual_Dependancy/Perpetual_Dependancy/Content/StarterContent/Props/Materials/M_Bush.uasset" 4506
"E:/UnrealEngine_Project/Perpetual_Dependancy_Github/Perpetual_Dependancy/Perpetual_Dependancy/Content/StarterContent/Materials/M_Brick_Clay_Old.uasset" 4507
"E:/UnrealEngine_Project/Perpetual_Dependancy_Github/Perpetual_Dependancy/Perpetual_Dependancy/Content/StarterContent/Materials/M_Brick_Clay_New.uasset" 4508
"E:/UnrealEngine_Project/Perpetual_Dependancy_Github/Perpetual_Dependancy/Perpetual_Dependancy/Content/StarterContent/Particles/Materials/M_Burst.uasset" 4509
"E:/UnrealEngine_Project/Perpetual_Dependancy_Github/Perpetual_Dependancy/Perpetual_Dependancy/Content/StarterContent/Materials/M_Brick_Clay_Beveled.uasset" 4510
"E:/UnrealEngine_Project/Perpetual_Dependancy_Github/Perpetual_Dependancy/Perpetual_Dependancy/Content/StarterContent/Props/SM_GlassWindow.uasset" 4511
"E:/UnrealEngine_Project/Perpetual_Dependancy_Github/Perpetual_Dependancy/Perpetual_Dependancy/Content/StarterContent/Shapes/Shape_Wedge_A.uasset" 4512
"E:/UnrealEngine_Project/Perpetual_Dependancy_Github/Perpetual_Dependancy/Perpetual_Dependancy/Content/StarterContent/Shapes/Shape_WideCapsule.uasset" 4513
"E:/UnrealEngine_Project/Perpetual_Dependancy_Github/Perpetual_Dependancy/Perpetual_Dependancy/Content/StarterContent/Shapes/Shape_Wedge_B.uasset" 4514
"E:/UnrealEngine_Project/Perpetual_Dependancy_Github/Perpetual_Dependancy/Perpetual_Dependancy/Content/StarterContent/Shapes/Shape_Tube.uasset" 4515
"E:/UnrealEngine_Project/Perpetual_Dependancy_Github/Perpetual_Dependancy/Perpetual_Dependancy/Content/StarterContent/Shapes/Shape_TriPyramid.uasset" 4516
"E:/UnrealEngine_Project/Perpetual_Dependancy_Github/Perpetual_Dependancy/Perpetual_Dependancy/Content/StarterContent/Shapes/Shape_Trim_90_Out.uasset" 4517
"E:/UnrealEngine_Project/Perpetual_Dependancy_Github/Perpetual_Dependancy/Perpetual_Dependancy/Content/StarterContent/Shapes/Shape_Trim.uasset" 4518
"E:/UnrealEngine_Project/Perpetual_Dependancy_Github/Perpetual_Dependancy/Perpetual_Dependancy/Content/StarterContent/Shapes/Shape_Torus.uasset" 4519
"E:/UnrealEngine_Project/Perpetual_Dependancy_Github/Perpetual_Dependancy/Perpetual_Dependancy/Content/StarterContent/Shapes/Shape_Trim_90_In.uasset" 4520
"E:/UnrealEngine_Project/Perpetual_Dependancy_Github/Perpetual_Dependancy/Perpetual_Dependancy/Content/StarterContent/Shapes/Shape_Plane.uasset" 4521
"E:/UnrealEngine_Project/Perpetual_Dependancy_Github/Perpetual_Dependancy/Perpetual_Dependancy/Content/StarterContent/Shapes/Shape_Sphere.uasset" 4522
"E:/UnrealEngine_Project/Perpetual_Dependancy_Github/Perpetual_Dependancy/Perpetual_Dependancy/Content/StarterContent/Shapes/Shape_QuadPyramid.uasset" 4523
"E:/UnrealEngine_Project/Perpetual_Dependancy_Github/Perpetual_Dependancy/Perpetual_Dependancy/Content/StarterContent/Shapes/Shape_Pipe_90.uasset" 4524
"E:/UnrealEngine_Project/Perpetual_Dependancy_Github/Perpetual_Dependancy/Perpetual_Dependancy/Content/StarterContent/Shapes/Shape_Pipe_180.uasset" 4525
"E:/UnrealEngine_Project/Perpetual_Dependancy_Github/Perpetual_Dependancy/Perpetual_Dependancy/Content/StarterContent/Shapes/Shape_Pipe.uasset" 4526
"E:/UnrealEngine_Project/Perpetual_Dependancy_Github/Perpetual_Dependancy/Perpetual_Dependancy/Content/StarterContent/Shapes/Shape_NarrowCapsule.uasset" 4527
"E:/UnrealEngine_Project/Perpetual_Dependancy_Github/Perpetual_Dependancy/Perpetual_Dependancy/Content/StarterContent/Shapes/Shape_Cylinder.uasset" 4528
"E:/UnrealEngine_Project/Perpetual_Dependancy_Github/Perpetual_Dependancy/Perpetual_Dependancy/Content/StarterContent/Architecture/Wall_Window_400x400.uasset" 4529
"E:/UnrealEngine_Project/Perpetual_Dependancy_Github/Perpetual_Dependancy/Perpetual_Dependancy/Content/StarterContent/Architecture/Wall_Window_400x300.uasset" 4530
"E:/UnrealEngine_Project/Perpetual_Dependancy_Github/Perpetual_Dependancy/Perpetual_Dependancy/Content/StarterContent/Architecture/Wall_Door_400x400.uasset" 4531
"E:/UnrealEngine_Project/Perpetual_Dependancy_Github/Perpetual_Dependancy/Perpetual_Dependancy/Content/StarterContent/Shapes/Shape_Cube.uasset" 4532
"E:/UnrealEngine_Project/Perpetual_Dependancy_Github/Perpetual_Dependancy/Perpetual_Dependancy/Content/StarterContent/Architecture/Wall_Door_400x300.uasset" 4533
"E:/UnrealEngine_Project/Perpetual_Dependancy_Github/Perpetual_Dependancy/Perpetual_Dependancy/Content/StarterContent/Architecture/Wall_500x500.uasset" 4534
"E:/UnrealEngine_Project/Perpetual_Dependancy_Github/Perpetual_Dependancy/Perpetual_Dependancy/Content/StarterContent/Architecture/Wall_400x400.uasset" 4535
"E:/UnrealEngine_Project/Perpetual_Dependancy_Github/Perpetual_Dependancy/Perpetual_Dependancy/Content/StarterContent/Architecture/Wall_400x300.uasset" 4536
"E:/UnrealEngine_Project/Perpetual_Dependancy_Github/Perpetual_Dependancy/Perpetual_Dependancy/Content/StarterContent/Architecture/Wall_400x200.uasset" 4537
"E:/UnrealEngine_Project/Perpetual_Dependancy_Github/Perpetual_Dependancy/Perpetual_Dependancy/Content/StarterContent/Architecture/Pillar_50x500.uasset" 4538
"E:/UnrealEngine_Project/Perpetual_Dependancy_Github/Perpetual_Dependancy/Perpetual_Dependancy/Content/StarterContent/Shapes/Shape_Cone.uasset" 4539
"E:/UnrealEngine_Project/Perpetual_Dependancy_Github/Perpetual_Dependancy/Perpetual_Dependancy/Content/StarterContent/Architecture/Floor_400x400.uasset" 4540
"E:/UnrealEngine_Project/Perpetual_Dependancy_Github/Perpetual_Dependancy/Perpetual_Dependancy/Content/StarterContent/Props/SM_Stairs.uasset" 4541
"E:/UnrealEngine_Project/Perpetual_Dependancy_Github/Perpetual_Dependancy/Perpetual_Dependancy/Content/StarterContent/Architecture/SM_AssetPlatform.uasset" 4542
"E:/UnrealEngine_Project/Perpetual_Dependancy_Github/Perpetual_Dependancy/Perpetual_Dependancy/Content/OurContent/Material/XTypeWriterMat.uasset" 4543
"E:/UnrealEngine_Project/Perpetual_Dependancy_Github/Perpetual_Dependancy/Perpetual_Dependancy/Content/OurContent/Widgets/soopafre_Font.uasset" 4544
"E:/UnrealEngine_Project/Perpetual_Dependancy_Github/Perpetual_Dependancy/Perpetual_Dependancy/Content/OurContent/Widgets/Ressources/Roboto-Black_Font.uasset" 4545
"E:/UnrealEngine_Project/Perpetual_Dependancy_Github/Perpetual_Dependancy/Perpetual_Dependancy/Content/OurContent/Sounds/Player/FootStep/Player_FS_Concrete_-_Usual_Cue.uasset" 4546
"E:/UnrealEngine_Project/Perpetual_Dependancy_Github/Perpetual_Dependancy/Perpetual_Dependancy/Content/OurContent/Sounds/Old/WeirdLaugh_Cue.uasset" 4547
"E:/UnrealEngine_Project/Perpetual_Dependancy_Github/Perpetual_Dependancy/Perpetual_Dependancy/Content/OurContent/Sounds/Old/Wagon_Hallu_Cue.uasset" 4548
"E:/UnrealEngine_Project/Perpetual_Dependancy_Github/Perpetual_Dependancy/Perpetual_Dependancy/Content/OurContent/Sounds/Old/Step_Cue.uasset" 4549
"E:/UnrealEngine_Project/Perpetual_Dependancy_Github/Perpetual_Dependancy/Perpetual_Dependancy/Content/OurContent/Sounds/Old/Saw_Hallu_Cue.uasset" 4550
"E:/UnrealEngine_Project/Perpetual_Dependancy_Github/Perpetual_Dependancy/Perpetual_Dependancy/Content/OurContent/Sounds/Old/OpenDoor_Cue.uasset" 4551
"E:/UnrealEngine_Project/Perpetual_Dependancy_Github/Perpetual_Dependancy/Perpetual_Dependancy/Content/OurContent/Sounds/Old/LaughCrowd_Hallu_Cue.uasset" 4552
"E:/UnrealEngine_Project/Perpetual_Dependancy_Github/Perpetual_Dependancy/Perpetual_Dependancy/Content/OurContent/Sounds/Old/FastCar_Hallu_Cue.uasset" 4553
"E:/UnrealEngine_Project/Perpetual_Dependancy_Github/Perpetual_Dependancy/Perpetual_Dependancy/Content/OurContent/Sounds/Old/Hospital_Cue.uasset" 4554
"E:/UnrealEngine_Project/Perpetual_Dependancy_Github/Perpetual_Dependancy/Perpetual_Dependancy/Content/OurContent/Sounds/Old/GameOver_Cue.uasset" 4555
"E:/UnrealEngine_Project/Perpetual_Dependancy_Github/Perpetual_Dependancy/Perpetual_Dependancy/Content/OurContent/Sounds/Old/Ambient_Cue.uasset" 4556
"E:/UnrealEngine_Project/Perpetual_Dependancy_Github/Perpetual_Dependancy/Perpetual_Dependancy/Content/OurContent/Sounds/Old/Drink_Cue.uasset" 4557
"E:/UnrealEngine_Project/Perpetual_Dependancy_Github/Perpetual_Dependancy/Perpetual_Dependancy/Content/OurContent/Sounds/Old/Checkpoint_Cue.uasset" 4558
"E:/UnrealEngine_Project/Perpetual_Dependancy_Github/Perpetual_Dependancy/Perpetual_Dependancy/Content/OurContent/Sounds/Music/OverdoseAndLack_Cue.uasset" 4559
"E:/UnrealEngine_Project/Perpetual_Dependancy_Github/Perpetual_Dependancy/Perpetual_Dependancy/Content/OurContent/Sounds/Music/Amb_Opressive/Synth_B_-_02_Cue.uasset" 4560
"E:/UnrealEngine_Project/Perpetual_Dependancy_Github/Perpetual_Dependancy/Perpetual_Dependancy/Content/OurContent/Sounds/Music/Pad_A_-_01_Cue.uasset" 4561
"E:/UnrealEngine_Project/Perpetual_Dependancy_Github/Perpetual_Dependancy/Perpetual_Dependancy/Content/OurContent/Sounds/MenuSound/Menu_Door_01_Cue.uasset" 4562
"E:/UnrealEngine_Project/Perpetual_Dependancy_Github/Perpetual_Dependancy/Perpetual_Dependancy/Content/OurContent/Sounds/VO/Obj_VO/Boucle_4_+_MC_1_V1_Cue.uasset" 4563
"E:/UnrealEngine_Project/Perpetual_Dependancy_Github/Perpetual_Dependancy/Perpetual_Dependancy/Content/OurContent/Sounds/VO/Obj_VO/11_-_boucle_1_MC_V1_Cue.uasset" 4564
"E:/UnrealEngine_Project/Perpetual_Dependancy_Github/Perpetual_Dependancy/Perpetual_Dependancy/Content/OurContent/Sounds/VO/Obj_VO/Boucle_4_+_MC_2_V1_Cue.uasset" 4565
"E:/UnrealEngine_Project/Perpetual_Dependancy_Github/Perpetual_Dependancy/Perpetual_Dependancy/Content/OurContent/Sounds/VO/Obj_VO/10_-_Boucle_2_-_MC_to_friend_V1_Cue.uasset" 4566
"E:/UnrealEngine_Project/Perpetual_Dependancy_Github/Perpetual_Dependancy/Perpetual_Dependancy/Content/OurContent/Sounds/VO/Obj_VO/5_-_boucle_2_MC_V1_Cue.uasset" 4567
"E:/UnrealEngine_Project/Perpetual_Dependancy_Github/Perpetual_Dependancy/Perpetual_Dependancy/Content/OurContent/Sounds/VO/Main_VO/Loop1+/Boucle_02_C_-_01_Cue.uasset" 4568
"E:/UnrealEngine_Project/Perpetual_Dependancy_Github/Perpetual_Dependancy/Perpetual_Dependancy/Content/OurContent/Sounds/VO/Main_VO/Loop1+/Boucle_02_C_V2_-_01_Cue.uasset" 4569
"E:/UnrealEngine_Project/Perpetual_Dependancy_Github/Perpetual_Dependancy/Perpetual_Dependancy/Content/OurContent/Sounds/VO/Main_VO/Loop1+/Boucle_02_B_-_01_Cue.uasset" 4570
"E:/UnrealEngine_Project/Perpetual_Dependancy_Github/Perpetual_Dependancy/Perpetual_Dependancy/Content/OurContent/Sounds/VO/Main_VO/Loop1+/Boucle_02_B_V2_-_01_Cue.uasset" 4571
"E:/UnrealEngine_Project/Perpetual_Dependancy_Github/Perpetual_Dependancy/Perpetual_Dependancy/Content/OurContent/Sounds/VO/Main_VO/Loop1+/Boucle_02_A_-_01_Cue.uasset" 4572
"E:/UnrealEngine_Project/Perpetual_Dependancy_Github/Perpetual_Dependancy/Perpetual_Dependancy/Content/OurContent/Sounds/VO/12_-_Boucle_2_-_MC-23_LUFS_Cue.uasset" 4573
"E:/UnrealEngine_Project/Perpetual_Dependancy_Github/Perpetual_Dependancy/Perpetual_Dependancy/Content/OurContent/Sounds/NormalizedSound/22_-_Boucle_1_MC_v2-23LUFS_Cue.uasset" 4574
"E:/UnrealEngine_Project/Perpetual_Dependancy_Github/Perpetual_Dependancy/Perpetual_Dependancy/Content/OurContent/Sounds/VO/Main_VO/Loop0/Boucle_01_C_-_03_Cue.uasset" 4575
"E:/UnrealEngine_Project/Perpetual_Dependancy_Github/Perpetual_Dependancy/Perpetual_Dependancy/Content/OurContent/Sounds/VO/Main_VO/Outro.uasset" 4576
"E:/UnrealEngine_Project/Perpetual_Dependancy_Github/Perpetual_Dependancy/Perpetual_Dependancy/Content/OurContent/Sounds/NormalizedSound/11_-_boucle_1_MC_V1-23LUFS_Cue.uasset" 4577
"E:/UnrealEngine_Project/Perpetual_Dependancy_Github/Perpetual_Dependancy/Perpetual_Dependancy/Content/OurContent/Sounds/NormalizedSound/10_-_Boucle_2_-_MC_to_girlfriend_V1-23LUFS_Cue.uasset" 4578
"E:/UnrealEngine_Project/Perpetual_Dependancy_Github/Perpetual_Dependancy/Perpetual_Dependancy/Content/OurContent/Sounds/MenuSound/UI_Select_Voice_Test.uasset" 4579
"E:/UnrealEngine_Project/Perpetual_Dependancy_Github/Perpetual_Dependancy/Perpetual_Dependancy/Content/OurContent/Sounds/Player/Death_Fall_Cue.uasset" 4580
"E:/UnrealEngine_Project/Perpetual_Dependancy_Github/Perpetual_Dependancy/Perpetual_Dependancy/Content/OurContent/Sounds/Player/Reverb/Player_Land_Reverb_-_01_Cue.uasset" 4581
"E:/UnrealEngine_Project/Perpetual_Dependancy_Github/Perpetual_Dependancy/Perpetual_Dependancy/Content/OurContent/Sounds/MenuSound/UI_Select_01_Cue.uasset" 4582
"E:/UnrealEngine_Project/Perpetual_Dependancy_Github/Perpetual_Dependancy/Perpetual_Dependancy/Content/OurContent/Sounds/MenuSound/UI_Click_V2_-_06_Cue.uasset" 4583
"E:/UnrealEngine_Project/Perpetual_Dependancy_Github/Perpetual_Dependancy/Perpetual_Dependancy/Content/OurContent/Sounds/Player/Death_Drug_Cue.uasset" 4584
"E:/UnrealEngine_Project/Perpetual_Dependancy_Github/Perpetual_Dependancy/Perpetual_Dependancy/Content/OurContent/Sounds/MenuSound/UI_Paper_01_Cue.uasset" 4585
"E:/UnrealEngine_Project/Perpetual_Dependancy_Github/Perpetual_Dependancy/Perpetual_Dependancy/Content/OurContent/Sounds/MenuSound/UI_Click_01_Cue.uasset" 4586
"E:/UnrealEngine_Project/Perpetual_Dependancy_Github/Perpetual_Dependancy/Perpetual_Dependancy/Content/OurContent/Sounds/Items/Poison_Drink_V3-Empty_Cue.uasset" 4587
"E:/UnrealEngine_Project/Perpetual_Dependancy_Github/Perpetual_Dependancy/Perpetual_Dependancy/Content/OurContent/Sounds/Items/Poison_Drink_V3-Hard_Cue.uasset" 4588
"E:/UnrealEngine_Project/Perpetual_Dependancy_Github/Perpetual_Dependancy/Perpetual_Dependancy/Content/OurContent/Sounds/Items/Poison_Drink_V3-C_Cue.uasset" 4589
"E:/UnrealEngine_Project/Perpetual_Dependancy_Github/Perpetual_Dependancy/Perpetual_Dependancy/Content/OurContent/Sounds/Music/Menu_Pad_-_01.uasset" 4590
"E:/UnrealEngine_Project/Perpetual_Dependancy_Github/Perpetual_Dependancy/Perpetual_Dependancy/Content/OurContent/Sounds/MenuSound/UI_Select_Ambient_Test.uasset" 4591
"E:/UnrealEngine_Project/Perpetual_Dependancy_Github/Perpetual_Dependancy/Perpetual_Dependancy/Content/OurContent/Sounds/Items/Poison_Drink_V3-B_Cue.uasset" 4592
"E:/UnrealEngine_Project/Perpetual_Dependancy_Github/Perpetual_Dependancy/Perpetual_Dependancy/Content/OurContent/Sounds/Items/Poison_Drink_V3-A_Cue.uasset" 4593
"E:/UnrealEngine_Project/Perpetual_Dependancy_Github/Perpetual_Dependancy/Perpetual_Dependancy/Content/OurContent/Sounds/MenuSound/Menu_FX_04_01_Cue.uasset" 4594
"E:/UnrealEngine_Project/Perpetual_Dependancy_Github/Perpetual_Dependancy/Perpetual_Dependancy/Content/OurContent/Sounds/MenuSound/Menu_FX_02_01_Cue.uasset" 4595
"E:/UnrealEngine_Project/Perpetual_Dependancy_Github/Perpetual_Dependancy/Perpetual_Dependancy/Content/OurContent/Sounds/MenuSound/Menu_FX_05_01_Cue.uasset" 4596
"E:/UnrealEngine_Project/Perpetual_Dependancy_Github/Perpetual_Dependancy/Perpetual_Dependancy/Content/OurContent/Sounds/MenuSound/Menu_FX_01_01_Cue.uasset" 4597
"E:/UnrealEngine_Project/Perpetual_Dependancy_Github/Perpetual_Dependancy/Perpetual_Dependancy/Content/OurContent/Sounds/MainSoundMix.uasset" 4598
"E:/UnrealEngine_Project/Perpetual_Dependancy_Github/Perpetual_Dependancy/Perpetual_Dependancy/Content/OurContent/Material/BloodStain/M_Decal_BloodSplat.uasset" 4599
"E:/UnrealEngine_Project/Perpetual_Dependancy_Github/Perpetual_Dependancy/Perpetual_Dependancy/Content/OurContent/Sounds/Hallucinations/SE_Long/Hallu_04-03_Cue.uasset" 4600
"E:/UnrealEngine_Project/Perpetual_Dependancy_Github/Perpetual_Dependancy/Perpetual_Dependancy/Content/OurContent/Sounds/Hallucinations/SE_Long/Hallu_04-02_Cue.uasset" 4601
"E:/UnrealEngine_Project/Perpetual_Dependancy_Github/Perpetual_Dependancy/Perpetual_Dependancy/Content/OurContent/Blueprints/Other/DT_SelectRoom.uasset" 4602
"E:/UnrealEngine_Project/Perpetual_Dependancy_Github/Perpetual_Dependancy/Perpetual_Dependancy/Content/Game_art/Meshes/salles/salle_couloir/2_3/salle_couloir_2_3.uasset" 4603
"E:/UnrealEngine_Project/Perpetual_Dependancy_Github/Perpetual_Dependancy/Perpetual_Dependancy/Content/LevelPrototyping/Materials/MI_Solid_Blue.uasset" 4604
"E:/UnrealEngine_Project/Perpetual_Dependancy_Github/Perpetual_Dependancy/Perpetual_Dependancy/Content/OurContent/Blueprints/BP_SavePoint.uasset" 4605
"E:/UnrealEngine_Project/Perpetual_Dependancy_Github/Perpetual_Dependancy/Perpetual_Dependancy/Content/Game_art/Post_process/Negative/Negative_Inst.uasset" 4606
"E:/UnrealEngine_Project/Perpetual_Dependancy_Github/Perpetual_Dependancy/Perpetual_Dependancy/Content/Characters/Mannequin_UE4/Animations/Jog_Fwd.uasset" 4607
"E:/UnrealEngine_Project/Perpetual_Dependancy_Github/Perpetual_Dependancy/Perpetual_Dependancy/Content/Characters/Mannequins/Rigs/Poses/Quinn/Quinn_upperarm_r_pose.uasset" 4608
"E:/UnrealEngine_Project/Perpetual_Dependancy_Github/Perpetual_Dependancy/Perpetual_Dependancy/Content/Characters/Mannequins/Rigs/Poses/Quinn/Quinn_upperarm_l_pose.uasset" 4609
"E:/UnrealEngine_Project/Perpetual_Dependancy_Github/Perpetual_Dependancy/Perpetual_Dependancy/Content/Characters/Mannequins/Rigs/Poses/Quinn/Quinn_upperarm_r_anim.uasset" 4610
"E:/UnrealEngine_Project/Perpetual_Dependancy_Github/Perpetual_Dependancy/Perpetual_Dependancy/Content/Characters/Mannequins/Rigs/Poses/Quinn/Quinn_upperarm_l_anim.uasset" 4611
"E:/UnrealEngine_Project/Perpetual_Dependancy_Github/Perpetual_Dependancy/Perpetual_Dependancy/Content/Characters/Mannequins/Rigs/Poses/Quinn/Quinn_thigh_r_anim.uasset" 4612
"E:/UnrealEngine_Project/Perpetual_Dependancy_Github/Perpetual_Dependancy/Perpetual_Dependancy/Content/Characters/Mannequins/Rigs/Poses/Quinn/Quinn_thigh_r_pose.uasset" 4613
"E:/UnrealEngine_Project/Perpetual_Dependancy_Github/Perpetual_Dependancy/Perpetual_Dependancy/Content/Characters/Mannequins/Rigs/Poses/Quinn/Quinn_thigh_l_anim.uasset" 4614
"E:/UnrealEngine_Project/Perpetual_Dependancy_Github/Perpetual_Dependancy/Perpetual_Dependancy/Content/Characters/Mannequins/Rigs/Poses/Quinn/Quinn_thigh_l_pose.uasset" 4615
"E:/UnrealEngine_Project/Perpetual_Dependancy_Github/Perpetual_Dependancy/Perpetual_Dependancy/Content/Characters/Mannequins/Rigs/Poses/Quinn/Quinn_lowerarm_r_pose.uasset" 4616
"E:/UnrealEngine_Project/Perpetual_Dependancy_Github/Perpetual_Dependancy/Perpetual_Dependancy/Content/Characters/Mannequins/Rigs/Poses/Quinn/Quinn_lowerarm_r_anim.uasset" 4617
"E:/UnrealEngine_Project/Perpetual_Dependancy_Github/Perpetual_Dependancy/Perpetual_Dependancy/Content/Characters/Mannequins/Rigs/Poses/Quinn/Quinn_lowerarm_l_anim.uasset" 4618
"E:/UnrealEngine_Project/Perpetual_Dependancy_Github/Perpetual_Dependancy/Perpetual_Dependancy/Content/Characters/Mannequins/Rigs/Poses/Quinn/Quinn_hand_r_pose.uasset" 4619
"E:/UnrealEngine_Project/Perpetual_Dependancy_Github/Perpetual_Dependancy/Perpetual_Dependancy/Content/Characters/Mannequins/Rigs/Poses/Quinn/Quinn_lowerarm_l_pose.uasset" 4620
"E:/UnrealEngine_Project/Perpetual_Dependancy_Github/Perpetual_Dependancy/Perpetual_Dependancy/Content/Characters/Mannequins/Rigs/Poses/Quinn/Quinn_hand_r_anim.uasset" 4621
"E:/UnrealEngine_Project/Perpetual_Dependancy_Github/Perpetual_Dependancy/Perpetual_Dependancy/Content/Characters/Mannequins/Rigs/Poses/Quinn/Quinn_hand_l_anim.uasset" 4622
"E:/UnrealEngine_Project/Perpetual_Dependancy_Github/Perpetual_Dependancy/Perpetual_Dependancy/Content/Characters/Mannequins/Rigs/Poses/Quinn/Quinn_hand_l_pose.uasset" 4623
"E:/UnrealEngine_Project/Perpetual_Dependancy_Github/Perpetual_Dependancy/Perpetual_Dependancy/Content/Characters/Mannequins/Rigs/Poses/Quinn/Quinn_foot_r_pose.uasset" 4624
"C:/Users/Yannick/AppData/Local/UnrealEngine/Common/DerivedDataCache/Buckets/BulkDataList/51/69/a3abbfbbbce9ef9230405b1770af6b919eaa.udd" 4625
"E:/UnrealEngine_Project/Perpetual_Dependancy_Github/Perpetual_Dependancy/Perpetual_Dependancy/Content/Characters/Mannequins/Rigs/Poses/Quinn/Quinn_foot_r_anim.uasset" 4626
"E:/UnrealEngine_Project/Perpetual_Dependancy_Github/Perpetual_Dependancy/Perpetual_Dependancy/Content/Characters/Mannequins/Rigs/Poses/Quinn/Quinn_foot_l_anim.uasset" 4627
"E:/UnrealEngine_Project/Perpetual_Dependancy_Github/Perpetual_Dependancy/Perpetual_Dependancy/Content/Characters/Mannequins/Rigs/Poses/Quinn/Quinn_foot_l_pose.uasset" 4628
"E:/UnrealEngine_Project/Perpetual_Dependancy_Github/Perpetual_Dependancy/Perpetual_Dependancy/Content/Characters/Mannequins/Rigs/Poses/Quinn/Quinn_clavicle_r_pose.uasset" 4629
"E:/UnrealEngine_Project/Perpetual_Dependancy_Github/Perpetual_Dependancy/Perpetual_Dependancy/Content/Characters/Mannequins/Rigs/Poses/Quinn/Quinn_clavicle_r_anim.uasset" 4630
"E:/UnrealEngine_Project/Perpetual_Dependancy_Github/Perpetual_Dependancy/Perpetual_Dependancy/Content/Characters/Mannequins/Rigs/Poses/Quinn/Quinn_clavicle_l_pose.uasset" 4631
"E:/UnrealEngine_Project/Perpetual_Dependancy_Github/Perpetual_Dependancy/Perpetual_Dependancy/Content/Characters/Mannequins/Rigs/Poses/Quinn/Quinn_clavicle_l_anim.uasset" 4632
"E:/UnrealEngine_Project/Perpetual_Dependancy_Github/Perpetual_Dependancy/Perpetual_Dependancy/Content/Characters/Mannequins/Rigs/Poses/Quinn/Quinn_calf_r_pose.uasset" 4633
"E:/UnrealEngine_Project/Perpetual_Dependancy_Github/Perpetual_Dependancy/Perpetual_Dependancy/Content/Characters/Mannequins/Rigs/Poses/Quinn/Quinn_calf_r_anim.uasset" 4634
"E:/UnrealEngine_Project/Perpetual_Dependancy_Github/Perpetual_Dependancy/Perpetual_Dependancy/Content/Characters/Mannequins/Rigs/Poses/Quinn/Quinn_calf_l_pose.uasset" 4635
"E:/UnrealEngine_Project/Perpetual_Dependancy_Github/Perpetual_Dependancy/Perpetual_Dependancy/Content/Characters/Mannequins/Rigs/Poses/Quinn/Quinn_calf_l_anim.uasset" 4636
"E:/UnrealEngine_Project/Perpetual_Dependancy_Github/Perpetual_Dependancy/Perpetual_Dependancy/Content/Characters/Mannequins/Animations/Manny/MM_T_Pose.uasset" 4637
"../../../Engine/Content/EngineMaterials/PPM_DefaultCalibrationGrayscale.uasset" 4638
"../../../Engine/Content/EditorMaterials/PreviewShadowIndicatorMaterial.uasset" 4639
"../../../Engine/Content/EngineMaterials/PPM_DefaultCalibrationColor.uasset" 4640
"../../../Engine/Content/MobileResources/HUD/DefaultVirtualJoysticks.uasset" 4641
"E:/UnrealEngine_Project/Perpetual_Dependancy_Github/Perpetual_Dependancy/Perpetual_Dependancy/Content/StarterContent/Props/Materials/M_Rock.uasset" 4642
"E:/UnrealEngine_Project/Perpetual_Dependancy_Github/Perpetual_Dependancy/Perpetual_Dependancy/Content/StarterContent/Materials/M_Water_Ocean.uasset" 4643
"E:/UnrealEngine_Project/Perpetual_Dependancy_Github/Perpetual_Dependancy/Perpetual_Dependancy/Content/StarterContent/Materials/M_Tech_Hex_Tile.uasset" 4644
"E:/UnrealEngine_Project/Perpetual_Dependancy_Github/Perpetual_Dependancy/Perpetual_Dependancy/Content/StarterContent/Materials/M_Metal_Rust.uasset" 4645
"E:/UnrealEngine_Project/Perpetual_Dependancy_Github/Perpetual_Dependancy/Perpetual_Dependancy/Content/StarterContent/Particles/Materials/M_radial_ramp.uasset" 4646
"C:/Users/Yannick/AppData/Local/UnrealEngine/Common/DerivedDataCache/Buckets/LegacyAudio/d8/14/585efca979e38470388d03c282c269ae5b83.udd" 4647
"C:/Users/Yannick/AppData/Local/UnrealEngine/Common/DerivedDataCache/Buckets/LegacyAudio/58/9a/8f2175abfa3b445e290a836ee478650402dc.udd" 4648
"E:/UnrealEngine_Project/Perpetual_Dependancy_Github/Perpetual_Dependancy/Perpetual_Dependancy/Content/StarterContent/Materials/M_Wood_Floor_Walnut_Worn.uasset" 4649
"E:/UnrealEngine_Project/Perpetual_Dependancy_Github/Perpetual_Dependancy/Perpetual_Dependancy/Content/StarterContent/Materials/M_ColorGrid_LowSpec.uasset" 4650
"../../../Engine/Content/Functions/Engine_MaterialFunctions01/ImageAdjustment/CheapContrast.uasset" 4651
"E:/UnrealEngine_Project/Perpetual_Dependancy_Github/Perpetual_Dependancy/Perpetual_Dependancy/Content/StarterContent/Blueprints/Assets/M_LightStage_Skybox_Master.uasset" 4652
"../../../Engine/Content/EngineMaterials/AntiAliasedTextMaterialTranslucent.uasset" 4653
"../../../Engine/Content/EngineSky/M_Sky_Panning_Clouds2.uasset" 4654
"../../../Engine/Content/Maps/Entry.umap" 4655
"../../../Engine/Content/EditorMeshes/ColorCalibrator/M_ColorGrid.uasset" 4656
"../../../Engine/Plugins/Animation/ControlRig/Content/Controls/ControlRig_Wedge_3mm.uasset" 4657
"../../../Engine/Plugins/Animation/ControlRig/Content/Controls/ControlRig_Wedge_solid.uasset" 4658
"../../../Engine/Plugins/Animation/ControlRig/Content/Controls/ControlRig_Triangle_solid.uasset" 4659
"../../../Engine/Plugins/Animation/ControlRig/Content/Controls/ControlRig_Wedge_1mm.uasset" 4660
"../../../Engine/Plugins/Animation/ControlRig/Content/Controls/ControlRig_Triangle_3mm.uasset" 4661
"../../../Engine/Plugins/Animation/ControlRig/Content/Controls/ControlRig_Triangle_1mm.uasset" 4662
"../../../Engine/Plugins/Animation/ControlRig/Content/Controls/ControlRig_Star4_3mm.uasset" 4663
"../../../Engine/Plugins/Animation/ControlRig/Content/Controls/ControlRig_Star4_solid.uasset" 4664
"../../../Engine/Plugins/Animation/ControlRig/Content/Controls/ControlRig_Star4_1mm.uasset" 4665
"../../../Engine/Plugins/Animation/ControlRig/Content/Controls/ControlRig_Square_solid.uasset" 4666
"../../../Engine/Plugins/Animation/ControlRig/Content/Controls/ControlRig_Square_1mm.uasset" 4667
"../../../Engine/Plugins/Animation/ControlRig/Content/Controls/ControlRig_Square_3mm.uasset" 4668
"../../../Engine/Plugins/Animation/ControlRig/Content/Controls/ControlRig_Sphere_1mm.uasset" 4669
"../../../Engine/Plugins/Animation/ControlRig/Content/Controls/ControlRig_Sphere_3mm.uasset" 4670
"../../../Engine/Plugins/Animation/ControlRig/Content/Controls/ControlRig_RoundedTriangle_solid.uasset" 4671
"../../../Engine/Plugins/Animation/ControlRig/Content/Controls/ControlRig_RoundedTriangle_3mm.uasset" 4672
"../../../Engine/Plugins/Animation/ControlRig/Content/Controls/ControlRig_RoundedSquare_solid.uasset" 4673
"../../../Engine/Plugins/Animation/ControlRig/Content/Controls/ControlRig_RoundedSquare_3mm.uasset" 4674
"../../../Engine/Plugins/Animation/ControlRig/Content/Controls/ControlRig_RoundedTriangle_1mm.uasset" 4675
"../../../Engine/Plugins/Animation/ControlRig/Content/Controls/ControlRig_RoundedSquare_1mm.uasset" 4676
"../../../Engine/Plugins/Animation/ControlRig/Content/Controls/ControlRig_QuarterCircle_3mm.uasset" 4677
"../../../Engine/Plugins/Animation/ControlRig/Content/Controls/ControlRig_QuarterCircle_1mm.uasset" 4678
"../../../Engine/Plugins/Animation/ControlRig/Content/Controls/ControlRig_Pyramid_solid.uasset" 4679
"../../../Engine/Plugins/Animation/ControlRig/Content/Controls/ControlRig_Pyramid_3mm.uasset" 4680
"../../../Engine/Plugins/Animation/ControlRig/Content/Controls/ControlRig_Pyramid_1mm.uasset" 4681
"../../../Engine/Plugins/Animation/ControlRig/Content/Controls/ControlRig_Octagon_solid.uasset" 4682
"../../../Engine/Plugins/Animation/ControlRig/Content/Controls/ControlRig_Octagon_3mm.uasset" 4683
"../../../Engine/Plugins/Animation/ControlRig/Content/Controls/ControlRig_Octagon_1mm.uasset" 4684
"../../../Engine/Plugins/Animation/ControlRig/Content/Controls/ControlRig_Hexagon_solid.uasset" 4685
"../../../Engine/Plugins/Animation/ControlRig/Content/Controls/ControlRig_QuarterCircle_solid.uasset" 4686
"../../../Engine/Plugins/Animation/ControlRig/Content/Controls/ControlRig_Hexagon_3mm.uasset" 4687
"../../../Engine/Plugins/Animation/ControlRig/Content/Controls/ControlRig_HalfCircle_solid.uasset" 4688
"../../../Engine/Plugins/Animation/ControlRig/Content/Controls/ControlRig_HalfCircle_3mm.uasset" 4689
"../../../Engine/Plugins/Animation/ControlRig/Content/Controls/ControlRig_Hexagon_1mm.uasset" 4690
"../../../../../UnrealEngine_Project/Perpetual_Dependancy_Github/Perpetual_Dependancy/Perpetual_Dependancy/Content/StarterContent/Architecture/Floor_400x400.uasset" 4691
"../../../Engine/Plugins/Animation/ControlRig/Content/Controls/ControlRig_HalfCircle_1mm.uasset" 4692
"../../../Engine/Plugins/Animation/ControlRig/Content/Controls/ControlRig_Diamond_solid.uasset" 4693
"../../../Engine/Plugins/Animation/ControlRig/Content/Controls/ControlRig_Diamond_3mm.uasset" 4694
"../../../Engine/Plugins/Animation/ControlRig/Content/Controls/ControlRig_Diamond_1mm.uasset" 4695
"../../../Engine/Plugins/Animation/ControlRig/Content/Controls/ControlRig_Circle_3mm.uasset" 4696
"../../../Engine/Plugins/Animation/ControlRig/Content/Controls/ControlRig_Circle_solid.uasset" 4697
"../../../Engine/Plugins/Animation/ControlRig/Content/Controls/ControlRig_Circle_1mm.uasset" 4698
"../../../Engine/Plugins/Animation/ControlRig/Content/Controls/ControlRig_Box_solid.uasset" 4699
"../../../Engine/Plugins/Animation/ControlRig/Content/Controls/ControlRig_Box_1mm.uasset" 4700
"../../../Engine/Plugins/Animation/ControlRig/Content/Controls/ControlRig_Box_3mm.uasset" 4701
"../../../Engine/Plugins/Animation/ControlRig/Content/Controls/ControlRig_Arrow_1mm.uasset" 4702
"../../../Engine/Plugins/Animation/ControlRig/Content/Controls/ControlRig_Arrow_solid.uasset" 4703
"../../../Engine/Plugins/Animation/ControlRig/Content/Controls/ControlRig_Arrow_3mm.uasset" 4704
"../../../Engine/Plugins/Animation/ControlRig/Content/Controls/ControlRig_Arrow4_solid.uasset" 4705
"../../../Engine/Plugins/Animation/ControlRig/Content/Controls/ControlRig_Arrow4_3mm.uasset" 4706
"../../../Engine/Plugins/Animation/ControlRig/Content/Controls/ControlRig_Arrow2_3mm.uasset" 4707
"../../../Engine/Plugins/Animation/ControlRig/Content/Controls/ControlRig_Arrow4_1mm.uasset" 4708
"../../../Engine/Plugins/Animation/ControlRig/Content/Controls/ControlRig_Arrow2_solid.uasset" 4709
"../../../Engine/Plugins/Animation/ControlRig/Content/Controls/ControlRig_Sphere_solid.uasset" 4710
"../../../Engine/Plugins/Animation/ControlRig/Content/Controls/ControlRig_Arrow2_1mm.uasset" 4711
"E:/UnrealEngine_Project/Perpetual_Dependancy_Github/Perpetual_Dependancy/Perpetual_Dependancy/Content/StarterContent/Blueprints/Assets/SM_Arrows.uasset" 4712
"E:/UnrealEngine_Project/Perpetual_Dependancy_Github/Perpetual_Dependancy/Perpetual_Dependancy/Content/StarterContent/Props/SM_Statue.uasset" 4713
"E:/UnrealEngine_Project/Perpetual_Dependancy_Github/Perpetual_Dependancy/Perpetual_Dependancy/Content/StarterContent/Props/SM_TableRound.uasset" 4714
"E:/UnrealEngine_Project/Perpetual_Dependancy_Github/Perpetual_Dependancy/Perpetual_Dependancy/Content/StarterContent/Props/MaterialSphere.uasset" 4715
"E:/UnrealEngine_Project/Perpetual_Dependancy_Github/Perpetual_Dependancy/Perpetual_Dependancy/Content/StarterContent/Particles/P_Smoke.uasset" 4716
"E:/UnrealEngine_Project/Perpetual_Dependancy_Github/Perpetual_Dependancy/Perpetual_Dependancy/Content/StarterContent/Props/SM_Shelf.uasset" 4717
"E:/UnrealEngine_Project/Perpetual_Dependancy_Github/Perpetual_Dependancy/Perpetual_Dependancy/Content/StarterContent/Props/SM_Lamp_Ceiling.uasset" 4718
"E:/UnrealEngine_Project/Perpetual_Dependancy_Github/Perpetual_Dependancy/Perpetual_Dependancy/Content/StarterContent/Props/SM_WindowFrame.uasset" 4719
"E:/UnrealEngine_Project/Perpetual_Dependancy_Github/Perpetual_Dependancy/Perpetual_Dependancy/Content/StarterContent/Particles/P_Steam_Lit.uasset" 4720
"E:/UnrealEngine_Project/Perpetual_Dependancy_Github/Perpetual_Dependancy/Perpetual_Dependancy/Content/StarterContent/Props/SM_PillarFrame300.uasset" 4721
"E:/UnrealEngine_Project/Perpetual_Dependancy_Github/Perpetual_Dependancy/Perpetual_Dependancy/Content/StarterContent/Props/SM_PillarFrame.uasset" 4722
"E:/UnrealEngine_Project/Perpetual_Dependancy_Github/Perpetual_Dependancy/Perpetual_Dependancy/Content/StarterContent/Props/SM_CornerFrame.uasset" 4723
"E:/UnrealEngine_Project/Perpetual_Dependancy_Github/Perpetual_Dependancy/Perpetual_Dependancy/Content/StarterContent/Particles/P_Ambient_Dust.uasset" 4724
"E:/UnrealEngine_Project/Perpetual_Dependancy_Github/Perpetual_Dependancy/Perpetual_Dependancy/Content/StarterContent/Props/SM_DoorFrame.uasset" 4725
"E:/UnrealEngine_Project/Perpetual_Dependancy_Github/Perpetual_Dependancy/Perpetual_Dependancy/Content/StarterContent/Props/SM_Door.uasset" 4726
"E:/UnrealEngine_Project/Perpetual_Dependancy_Github/Perpetual_Dependancy/Perpetual_Dependancy/Content/StarterContent/Props/SM_Couch.uasset" 4727
"E:/UnrealEngine_Project/Perpetual_Dependancy_Github/Perpetual_Dependancy/Perpetual_Dependancy/Content/OurContent/Sounds/Music/Menu_Pad_-_01_Cue.uasset" 4728
"E:/UnrealEngine_Project/Perpetual_Dependancy_Github/Perpetual_Dependancy/Perpetual_Dependancy/Content/OurContent/Material/BloodStain/Mi_Decal_BloodSplat_3.uasset" 4729
"E:/UnrealEngine_Project/Perpetual_Dependancy_Github/Perpetual_Dependancy/Perpetual_Dependancy/Content/OurContent/Material/BloodStain/Mi_Decal_BloodSplat_2.uasset" 4730
"E:/UnrealEngine_Project/Perpetual_Dependancy_Github/Perpetual_Dependancy/Perpetual_Dependancy/Content/OurContent/Material/BloodStain/Mi_Decal_BloodSplat_1.uasset" 4731
"E:/UnrealEngine_Project/Perpetual_Dependancy_Github/Perpetual_Dependancy/Perpetual_Dependancy/Content/StarterContent/Props/SM_Bush.uasset" 4732
"E:/UnrealEngine_Project/Perpetual_Dependancy_Github/Perpetual_Dependancy/Perpetual_Dependancy/Content/StarterContent/Props/SM_Chair.uasset" 4733
"E:/UnrealEngine_Project/Perpetual_Dependancy_Github/Perpetual_Dependancy/Perpetual_Dependancy/Content/Game_art/Meshes/salles/salle_stairs/MSH_stairs_1_4.uasset" 4734
"E:/UnrealEngine_Project/Perpetual_Dependancy_Github/Perpetual_Dependancy/Perpetual_Dependancy/Content/OurContent/Material/M_Decal_BloodSplat.uasset" 4735
"E:/UnrealEngine_Project/Perpetual_Dependancy_Github/Perpetual_Dependancy/Perpetual_Dependancy/Content/LevelPrototyping/Meshes/SM_ChamferCube.uasset" 4736
"E:/UnrealEngine_Project/Perpetual_Dependancy_Github/Perpetual_Dependancy/Perpetual_Dependancy/Content/Game_art/Meshes/MSH_stairs_1_4.uasset" 4737
"E:/UnrealEngine_Project/Perpetual_Dependancy_Github/Perpetual_Dependancy/Perpetual_Dependancy/Content/Game_art/Meshes/salles/salle_stairs/MSH_stairs_1_2.uasset" 4738
"E:/UnrealEngine_Project/Perpetual_Dependancy_Github/Perpetual_Dependancy/Perpetual_Dependancy/Content/Game_art/Meshes/MSH_stairs_1_2.uasset" 4739
"E:/UnrealEngine_Project/Perpetual_Dependancy_Github/Perpetual_Dependancy/Perpetual_Dependancy/Content/Game_art/Meshes/salles/big_salle/murs_stairs_open_2_3.uasset" 4740
"E:/UnrealEngine_Project/Perpetual_Dependancy_Github/Perpetual_Dependancy/Perpetual_Dependancy/Content/Game_art/Meshes/salles/salle_stairs/3_3/sol_stairs_3_3_sol_stairs.uasset" 4741
"E:/UnrealEngine_Project/Perpetual_Dependancy_Github/Perpetual_Dependancy/Perpetual_Dependancy/Content/Game_art/Meshes/salles/big_salle/sol_stairs_open_2_3.uasset" 4742
"E:/UnrealEngine_Project/Perpetual_Dependancy_Github/Perpetual_Dependancy/Perpetual_Dependancy/Content/Game_art/Meshes/salles/salle_stairs/3_3/murs_stairs_3_3_murs_stairs.uasset" 4743
"E:/UnrealEngine_Project/Perpetual_Dependancy_Github/Perpetual_Dependancy/Perpetual_Dependancy/Content/Game_art/Meshes/salles/salle_L/2_3/murs_L_2_3_murs_L.uasset" 4744
"E:/UnrealEngine_Project/Perpetual_Dependancy_Github/Perpetual_Dependancy/Perpetual_Dependancy/Content/Game_art/Meshes/salles/big_salle/murs_L_open_1_3.uasset" 4745
"E:/UnrealEngine_Project/Perpetual_Dependancy_Github/Perpetual_Dependancy/Perpetual_Dependancy/Content/Game_art/Meshes/salles/salle_couloir/2_3/sol_couloir_2_3_sol_couloir.uasset" 4746
"E:/UnrealEngine_Project/Perpetual_Dependancy_Github/Perpetual_Dependancy/Perpetual_Dependancy/Content/Game_art/Meshes/salles/salle_L/3_3/murs_L_3_3_murs_L.uasset" 4747
"E:/UnrealEngine_Project/Perpetual_Dependancy_Github/Perpetual_Dependancy/Perpetual_Dependancy/Content/Game_art/Meshes/salles/big_salle/murs_stairs_open_1_3.uasset" 4748
"E:/UnrealEngine_Project/Perpetual_Dependancy_Github/Perpetual_Dependancy/Perpetual_Dependancy/Content/Game_art/Meshes/salles/big_salle/sol_stairs_open_1_3.uasset" 4749
"E:/UnrealEngine_Project/Perpetual_Dependancy_Github/Perpetual_Dependancy/Perpetual_Dependancy/Content/StarterContent/Props/SM_Lamp_Wall.uasset" 4750
"E:/UnrealEngine_Project/Perpetual_Dependancy_Github/Perpetual_Dependancy/Perpetual_Dependancy/Content/Game_art/Meshes/salles/salle_couloir/2_3/plafond_couloir_2_3_plafond_couloir.uasset" 4751
"E:/UnrealEngine_Project/Perpetual_Dependancy_Github/Perpetual_Dependancy/Perpetual_Dependancy/Content/Game_art/Meshes/salles/salle_couloir/2_3/murs_couloir_2_3_murs_couloir.uasset" 4752
"E:/UnrealEngine_Project/Perpetual_Dependancy_Github/Perpetual_Dependancy/Perpetual_Dependancy/Content/Game_art/Meshes/props/props_txt_potion_powerup_open1.uasset" 4753
"E:/UnrealEngine_Project/Perpetual_Dependancy_Github/Perpetual_Dependancy/Perpetual_Dependancy/Content/Game_art/Meshes/props/props_txt_potion_powerup.uasset" 4754
"E:/UnrealEngine_Project/Perpetual_Dependancy_Github/Perpetual_Dependancy/Perpetual_Dependancy/Content/Game_art/Meshes/props/props_txt_potion_positive_open1.uasset" 4755
"E:/UnrealEngine_Project/Perpetual_Dependancy_Github/Perpetual_Dependancy/Perpetual_Dependancy/Content/Game_art/Meshes/props/props_txt_potion_positive.uasset" 4756
"E:/UnrealEngine_Project/Perpetual_Dependancy_Github/Perpetual_Dependancy/Perpetual_Dependancy/Content/Game_art/Meshes/props/props_txt_potion_poison_open1.uasset" 4757
"E:/UnrealEngine_Project/Perpetual_Dependancy_Github/Perpetual_Dependancy/Perpetual_Dependancy/Content/Game_art/Meshes/props/props_txt_platform_high.uasset" 4758
"E:/UnrealEngine_Project/Perpetual_Dependancy_Github/Perpetual_Dependancy/Perpetual_Dependancy/Content/Game_art/Meshes/props/props_txt_potion_poison.uasset" 4759
"E:/UnrealEngine_Project/Perpetual_Dependancy_Github/Perpetual_Dependancy/Perpetual_Dependancy/Content/Game_art/Meshes/props/props_txt_potion_negative_open1.uasset" 4760
"E:/UnrealEngine_Project/Perpetual_Dependancy_Github/Perpetual_Dependancy/Perpetual_Dependancy/Content/Game_art/Meshes/props/props_txt_potion_negative.uasset" 4761
"E:/UnrealEngine_Project/Perpetual_Dependancy_Github/Perpetual_Dependancy/Perpetual_Dependancy/Content/Game_art/Meshes/props/props_txt_platform.uasset" 4762
"E:/UnrealEngine_Project/Perpetual_Dependancy_Github/Perpetual_Dependancy/Perpetual_Dependancy/Content/Game_art/Meshes/props/props_txt_key.uasset" 4763
"E:/UnrealEngine_Project/Perpetual_Dependancy_Github/Perpetual_Dependancy/Perpetual_Dependancy/Content/Game_art/Meshes/props/props_txt_door.uasset" 4764
"E:/UnrealEngine_Project/Perpetual_Dependancy_Github/Perpetual_Dependancy/Perpetual_Dependancy/Content/StarterContent/Props/SM_Rock.uasset" 4765
"E:/UnrealEngine_Project/Perpetual_Dependancy_Github/Perpetual_Dependancy/Perpetual_Dependancy/Content/StarterContent/Particles/P_Sparks.uasset" 4766
"E:/UnrealEngine_Project/Perpetual_Dependancy_Github/Perpetual_Dependancy/Perpetual_Dependancy/Content/StarterContent/Particles/P_Explosion.uasset" 4767
"E:/UnrealEngine_Project/Perpetual_Dependancy_Github/Perpetual_Dependancy/Perpetual_Dependancy/Content/StarterContent/Blueprints/Assets/M_LightStage_Skybox_HDRI.uasset" 4768
"E:/UnrealEngine_Project/Perpetual_Dependancy_Github/Perpetual_Dependancy/Perpetual_Dependancy/Content/StarterContent/Particles/P_Fire.uasset" 4769
"E:/UnrealEngine_Project/Perpetual_Dependancy_Github/Perpetual_Dependancy/Perpetual_Dependancy/Content/StarterContent/Blueprints/Assets/M_LightStage_Skybox_Black.uasset" 4770
"E:/UnrealEngine_Project/Perpetual_Dependancy_Github/Perpetual_Dependancy/Perpetual_Dependancy/Content/LevelPrototyping/Materials/MF_ProcGrid.uasset" 4771
"../../../Engine/Content/EngineSky/SM_SkySphere.uasset" 4772
"E:/UnrealEngine_Project/Perpetual_Dependancy_Github/Perpetual_Dependancy/Perpetual_Dependancy/Content/Characters/Mannequins/Rigs/ABP_Quinn_PostProcess.uasset" 4773
"../../../Engine/Content/EditorMaterials/Thumbnails/SkySphereMaterial.uasset" 4774
"../../../Engine/Content/EditorMeshes/ColorCalibrator/SM_ColorCalibrator.uasset" 4775
"E:/UnrealEngine_Project/Perpetual_Dependancy_Github/Perpetual_Dependancy/Perpetual_Dependancy/Content/StarterContent/Blueprints/Blueprint_Effect_Smoke.uasset" 4776
"E:/UnrealEngine_Project/Perpetual_Dependancy_Github/Perpetual_Dependancy/Perpetual_Dependancy/Content/StarterContent/Blueprints/Blueprint_Effect_Steam.uasset" 4777
"E:/UnrealEngine_Project/Perpetual_Dependancy_Github/Perpetual_Dependancy/Perpetual_Dependancy/Content/StarterContent/Blueprints/Blueprint_WallSconce.uasset" 4778
"E:/UnrealEngine_Project/Perpetual_Dependancy_Github/Perpetual_Dependancy/Perpetual_Dependancy/Content/OurContent/Blueprints/LevelPrefab/Stairs/C2/C2_Stair_1_1_Open_Double_2.uasset" 4779
"E:/UnrealEngine_Project/Perpetual_Dependancy_Github/Perpetual_Dependancy/Perpetual_Dependancy/Content/OurContent/Blueprints/LevelPrefab/Stairs/C2/C2_Stair_1_1_Open_Double_1.uasset" 4780
"E:/UnrealEngine_Project/Perpetual_Dependancy_Github/Perpetual_Dependancy/Perpetual_Dependancy/Content/StarterContent/Blueprints/Blueprint_CeilingLight.uasset" 4781
"E:/UnrealEngine_Project/Perpetual_Dependancy_Github/Perpetual_Dependancy/Perpetual_Dependancy/Content/OurContent/Blueprints/LevelPrefab/Stairs/C1/C1_Stair_1_1_Open_Double_2.uasset" 4782
"E:/UnrealEngine_Project/Perpetual_Dependancy_Github/Perpetual_Dependancy/Perpetual_Dependancy/Content/OurContent/Blueprints/LevelPrefab/Stairs/C1/C1_Stair_1_1_Open_Double_1.uasset" 4783
"E:/UnrealEngine_Project/Perpetual_Dependancy_Github/Perpetual_Dependancy/Perpetual_Dependancy/Content/OurContent/Blueprints/LevelPrefab/Stairs/C2/C2_Stair_1_1_Open.uasset" 4784
"E:/UnrealEngine_Project/Perpetual_Dependancy_Github/Perpetual_Dependancy/Perpetual_Dependancy/Content/OurContent/Blueprints/LevelPrefab/Stairs/C2/C2_ReverseStair_1_1_Open.uasset" 4785
"E:/UnrealEngine_Project/Perpetual_Dependancy_Github/Perpetual_Dependancy/Perpetual_Dependancy/Content/OurContent/Blueprints/LevelPrefab/Stairs/C1/C1_ReverseStair_1_1_Open.uasset" 4786
"E:/UnrealEngine_Project/Perpetual_Dependancy_Github/Perpetual_Dependancy/Perpetual_Dependancy/Content/OurContent/Blueprints/LevelPrefab/Stairs/C0/C0_Stair_1_1_Open_Double_2.uasset" 4787
"E:/UnrealEngine_Project/Perpetual_Dependancy_Github/Perpetual_Dependancy/Perpetual_Dependancy/Content/OurContent/Blueprints/LevelPrefab/Stairs/C0/C0_Stair_1_1_Open_Double_1.uasset" 4788
"E:/UnrealEngine_Project/Perpetual_Dependancy_Github/Perpetual_Dependancy/Perpetual_Dependancy/Content/OurContent/Blueprints/LevelPrefab/Stairs/C1/C1_Stair_1_1_Open.uasset" 4789
"E:/UnrealEngine_Project/Perpetual_Dependancy_Github/Perpetual_Dependancy/Perpetual_Dependancy/Content/OurContent/Blueprints/LevelPrefab/Stairs/C0/C0_Stair_1_1_Open.uasset" 4790
"E:/UnrealEngine_Project/Perpetual_Dependancy_Github/Perpetual_Dependancy/Perpetual_Dependancy/Content/Game_art/Final_newprops/MSH_ring.uasset" 4791
"E:/UnrealEngine_Project/Perpetual_Dependancy_Github/Perpetual_Dependancy/Perpetual_Dependancy/Content/OurContent/Blueprints/LevelPrefab/Stairs/C0/C0_ReverseStair_1_1_Open.uasset" 4792
"E:/UnrealEngine_Project/Perpetual_Dependancy_Github/Perpetual_Dependancy/Perpetual_Dependancy/Content/Game_art/Final_newprops/MSH_broken_potion.uasset" 4793
"E:/UnrealEngine_Project/Perpetual_Dependancy_Github/Perpetual_Dependancy/Perpetual_Dependancy/Content/StarterContent/Blueprints/Blueprint_Effect_Explosion.uasset" 4794
"E:/UnrealEngine_Project/Perpetual_Dependancy_Github/Perpetual_Dependancy/Perpetual_Dependancy/Content/StarterContent/Blueprints/Blueprint_Effect_Sparks.uasset" 4795
"E:/UnrealEngine_Project/Perpetual_Dependancy_Github/Perpetual_Dependancy/Perpetual_Dependancy/Content/StarterContent/Blueprints/Blueprint_Effect_Fire.uasset" 4796
"E:/UnrealEngine_Project/Perpetual_Dependancy_Github/Perpetual_Dependancy/Perpetual_Dependancy/Content/OurContent/Blueprints/MainMenuEvent/BP_MainMenuEvent.uasset" 4797
"E:/UnrealEngine_Project/Perpetual_Dependancy_Github/Perpetual_Dependancy/Perpetual_Dependancy/Content/LevelPrototyping/Materials/M_PrototypeGrid.uasset" 4798
"E:/UnrealEngine_Project/Perpetual_Dependancy_Github/Perpetual_Dependancy/Perpetual_Dependancy/Content/OurContent/Widgets/WG_MainMenu.uasset" 4799
"E:/UnrealEngine_Project/Perpetual_Dependancy_Github/Perpetual_Dependancy/Perpetual_Dependancy/Content/StarterContent/Maps/Minimal_Default.umap" 4800
"E:/UnrealEngine_Project/Perpetual_Dependancy_Github/Perpetual_Dependancy/Perpetual_Dependancy/Content/StarterContent/Blueprints/Assets/Skybox.uasset" 4801
"E:/UnrealEngine_Project/Perpetual_Dependancy_Github/Perpetual_Dependancy/Perpetual_Dependancy/Content/OurContent/Blueprints/LevelPrefab/Stairs/Stair_1_1_Open_Double_2.uasset" 4802
"E:/UnrealEngine_Project/Perpetual_Dependancy_Github/Perpetual_Dependancy/Perpetual_Dependancy/Content/OurContent/Blueprints/LevelPrefab/Stairs/Stair_1_1_Open_Double_1.uasset" 4803
"E:/UnrealEngine_Project/Perpetual_Dependancy_Github/Perpetual_Dependancy/Perpetual_Dependancy/Content/OurContent/Blueprints/LevelPrefab/Stair_1_1_Open.uasset" 4804
"E:/UnrealEngine_Project/Perpetual_Dependancy_Github/Perpetual_Dependancy/Perpetual_Dependancy/Content/OurContent/Blueprints/LevelPrefab/Stairs/ReverseStair_1_1_Open.uasset" 4805
"E:/UnrealEngine_Project/Perpetual_Dependancy_Github/Perpetual_Dependancy/Perpetual_Dependancy/Content/LevelPrototyping/Materials/MI_PrototypeGrid_TopDark.uasset" 4806
"E:/UnrealEngine_Project/Perpetual_Dependancy_Github/Perpetual_Dependancy/Perpetual_Dependancy/Content/StarterContent/Maps/StarterMap.umap" 4807
"E:/UnrealEngine_Project/Perpetual_Dependancy_Github/Perpetual_Dependancy/Perpetual_Dependancy/Content/LevelPrototyping/Materials/MI_PrototypeGrid_Gray.uasset" 4808
"E:/UnrealEngine_Project/Perpetual_Dependancy_Github/Perpetual_Dependancy/Perpetual_Dependancy/Content/LevelPrototyping/Materials/MI_PrototypeGrid_Gray_02.uasset" 4809
"E:/UnrealEngine_Project/Perpetual_Dependancy_Github/Perpetual_Dependancy/Perpetual_Dependancy/Content/StarterContent/Blueprints/BP_LightStudio.uasset" 4810
"E:/UnrealEngine_Project/Perpetual_Dependancy_Github/Perpetual_Dependancy/Perpetual_Dependancy/Content/OurContent/Blueprints/LevelPrefab/Stair_1_1_Open_Double_2.uasset" 4811
"E:/UnrealEngine_Project/Perpetual_Dependancy_Github/Perpetual_Dependancy/Perpetual_Dependancy/Content/OurContent/Blueprints/LevelPrefab/Stair_1_1_Open_Double_1.uasset" 4812
"E:/UnrealEngine_Project/Perpetual_Dependancy_Github/Perpetual_Dependancy/Perpetual_Dependancy/Content/LevelPrototyping/Meshes/SM_Ramp.uasset" 4813
"E:/UnrealEngine_Project/Perpetual_Dependancy_Github/Perpetual_Dependancy/Perpetual_Dependancy/Content/LevelPrototyping/Meshes/SM_QuarterCylinder.uasset" 4814
"E:/UnrealEngine_Project/Perpetual_Dependancy_Github/Perpetual_Dependancy/Perpetual_Dependancy/Content/LevelPrototyping/Meshes/SM_Cylinder.uasset" 4815
"E:/UnrealEngine_Project/Perpetual_Dependancy_Github/Perpetual_Dependancy/Perpetual_Dependancy/Content/LevelPrototyping/Meshes/SM_Cube.uasset" 4816
"E:/UnrealEngine_Project/Perpetual_Dependancy_Github/Perpetual_Dependancy/Perpetual_Dependancy/Content/StarterContent/Maps/Advanced_Lighting.umap" 4817
"../../../Engine/Content/EngineSounds/Submixes/MasterEQSubmixDefault.uasset" 4818
"E:/UnrealEngine_Project/Perpetual_Dependancy_Github/Perpetual_Dependancy/Perpetual_Dependancy/Content/Characters/Mannequins/Meshes/SKM_Quinn.uasset" 4819
"../../../Engine/Content/EngineSounds/Submixes/MasterSubmixDefault.uasset" 4820
"../../../Engine/Content/EngineSounds/Submixes/MasterReverbSubmixDefault.uasset" 4821
"E:/UnrealEngine_Project/Perpetual_Dependancy_Github/Perpetual_Dependancy/Perpetual_Dependancy/Content/ThirdPerson/Blueprints/Menu_GameMode.uasset" 4822
"E:/UnrealEngine_Project/Perpetual_Dependancy_Github/Perpetual_Dependancy/Perpetual_Dependancy/Content/OurContent/Blueprints/PoisonList/BP_FireJuice_2.uasset" 4823
"E:/UnrealEngine_Project/Perpetual_Dependancy_Github/Perpetual_Dependancy/Perpetual_Dependancy/Content/OurContent/Blueprints/PoisonList/Bp_Poison_Glasses.uasset" 4824
"E:/UnrealEngine_Project/Perpetual_Dependancy_Github/Perpetual_Dependancy/Perpetual_Dependancy/Content/OurContent/Blueprints/LevelPrefab/SallesTypes/C2/T7C2.uasset" 4825
"E:/UnrealEngine_Project/Perpetual_Dependancy_Github/Perpetual_Dependancy/Perpetual_Dependancy/Content/OurContent/Blueprints/LevelPrefab/SallesTypes/C2/T6C2.uasset" 4826
"E:/UnrealEngine_Project/Perpetual_Dependancy_Github/Perpetual_Dependancy/Perpetual_Dependancy/Content/OurContent/Blueprints/LevelPrefab/SallesTypes/C2/T3C2.uasset" 4827
"E:/UnrealEngine_Project/Perpetual_Dependancy_Github/Perpetual_Dependancy/Perpetual_Dependancy/Content/OurContent/Blueprints/LevelPrefab/SallesTypes/C2/T4C2.uasset" 4828
"E:/UnrealEngine_Project/Perpetual_Dependancy_Github/Perpetual_Dependancy/Perpetual_Dependancy/Content/OurContent/Blueprints/LevelPrefab/SallesTypes/C2/T2C2.uasset" 4829
"E:/UnrealEngine_Project/Perpetual_Dependancy_Github/Perpetual_Dependancy/Perpetual_Dependancy/Content/OurContent/Blueprints/LevelPrefab/SallesTypes/C2/T1C2.uasset" 4830
"../../../../../UnrealEngine_Project/Perpetual_Dependancy_Github/Perpetual_Dependancy/Perpetual_Dependancy/Content/StarterContent/Maps/Minimal_Default.umap" 4831
"E:/UnrealEngine_Project/Perpetual_Dependancy_Github/Perpetual_Dependancy/Perpetual_Dependancy/Content/OurContent/Blueprints/LevelPrefab/SallesTypes/C1/T8C1.uasset" 4832
"E:/UnrealEngine_Project/Perpetual_Dependancy_Github/Perpetual_Dependancy/Perpetual_Dependancy/Content/OurContent/Blueprints/LevelPrefab/SallesTypes/C1/T7C1.uasset" 4833
"E:/UnrealEngine_Project/Perpetual_Dependancy_Github/Perpetual_Dependancy/Perpetual_Dependancy/Content/OurContent/Blueprints/LevelPrefab/SallesTypes/C1/T6C1.uasset" 4834
"E:/UnrealEngine_Project/Perpetual_Dependancy_Github/Perpetual_Dependancy/Perpetual_Dependancy/Content/OurContent/Blueprints/LevelPrefab/SallesTypes/C1/T3C1.uasset" 4835
"E:/UnrealEngine_Project/Perpetual_Dependancy_Github/Perpetual_Dependancy/Perpetual_Dependancy/Content/OurContent/Blueprints/LevelPrefab/SallesTypes/C1/T4C1.uasset" 4836
"E:/UnrealEngine_Project/Perpetual_Dependancy_Github/Perpetual_Dependancy/Perpetual_Dependancy/Content/OurContent/Blueprints/LevelPrefab/SallesTypes/C1/T1C1.uasset" 4837
"E:/UnrealEngine_Project/Perpetual_Dependancy_Github/Perpetual_Dependancy/Perpetual_Dependancy/Content/OurContent/Blueprints/LevelPrefab/SallesTypes/C1/T2C1.uasset" 4838
"../../../../../UnrealEngine_Project/Perpetual_Dependancy_Github/Perpetual_Dependancy/Perpetual_Dependancy/Content/StarterContent/Maps/StarterMap.umap" 4839
"E:/UnrealEngine_Project/Perpetual_Dependancy_Github/Perpetual_Dependancy/Perpetual_Dependancy/Content/OurContent/Blueprints/LevelPrefab/SallesTypes/C0/T6C0.uasset" 4840
"E:/UnrealEngine_Project/Perpetual_Dependancy_Github/Perpetual_Dependancy/Perpetual_Dependancy/Content/OurContent/Blueprints/LevelPrefab/SallesTypes/C0/T7C0.uasset" 4841
"E:/UnrealEngine_Project/Perpetual_Dependancy_Github/Perpetual_Dependancy/Perpetual_Dependancy/Content/OurContent/Blueprints/LevelPrefab/SallesTypes/C0/T5CSpe.uasset" 4842
"E:/UnrealEngine_Project/Perpetual_Dependancy_Github/Perpetual_Dependancy/Perpetual_Dependancy/Content/OurContent/Blueprints/LevelPrefab/SallesTypes/C0/T4CO.uasset" 4843
"E:/UnrealEngine_Project/Perpetual_Dependancy_Github/Perpetual_Dependancy/Perpetual_Dependancy/Content/OurContent/Blueprints/LevelPrefab/SallesTypes/C0/T3CO.uasset" 4844
"E:/UnrealEngine_Project/Perpetual_Dependancy_Github/Perpetual_Dependancy/Perpetual_Dependancy/Content/OurContent/Blueprints/LevelPrefab/SallesTypes/C0/T2CO.uasset" 4845
"E:/UnrealEngine_Project/Perpetual_Dependancy_Github/Perpetual_Dependancy/Perpetual_Dependancy/Content/OurContent/Blueprints/LevelPrefab/T1C0.uasset" 4846
"E:/UnrealEngine_Project/Perpetual_Dependancy_Github/Perpetual_Dependancy/Perpetual_Dependancy/Content/OurContent/Blueprints/LevelPrefab/SallesTypes/C0/T1CO.uasset" 4847
"E:/UnrealEngine_Project/Perpetual_Dependancy_Github/Perpetual_Dependancy/Perpetual_Dependancy/Content/OurContent/Blueprints/LevelPrefab/Room22.uasset" 4848
"E:/UnrealEngine_Project/Perpetual_Dependancy_Github/Perpetual_Dependancy/Perpetual_Dependancy/Content/OurContent/Blueprints/LevelPrefab/Room1.uasset" 4849
"../../../../../UnrealEngine_Project/Perpetual_Dependancy_Github/Perpetual_Dependancy/Perpetual_Dependancy/Content/StarterContent/Maps/Advanced_Lighting.umap" 4850
"E:/UnrealEngine_Project/Perpetual_Dependancy_Github/Perpetual_Dependancy/Perpetual_Dependancy/Content/OurContent/Blueprints/BP_Room.uasset" 4851
"E:/UnrealEngine_Project/Perpetual_Dependancy_Github/Perpetual_Dependancy/Perpetual_Dependancy/Content/OurContent/Blueprints/NarrativeObjects/BP_Object_Event_AntidotesBroken.uasset" 4852
"../../../../../UnrealEngine_Project/Perpetual_Dependancy_Github/Perpetual_Dependancy/Perpetual_Dependancy/Content/Characters/Mannequins/Meshes/SKM_Quinn.uasset" 4853
"E:/UnrealEngine_Project/Perpetual_Dependancy_Github/Perpetual_Dependancy/Perpetual_Dependancy/Content/OurContent/Blueprints/NarrativeObjects/BP_ObjectParent.uasset" 4854
"E:/UnrealEngine_Project/Perpetual_Dependancy_Github/Perpetual_Dependancy/Perpetual_Dependancy/Content/OurContent/Levels/MainMenu.umap" 4855
"E:/UnrealEngine_Project/Perpetual_Dependancy_Github/Perpetual_Dependancy/Perpetual_Dependancy/Content/OurContent/Blueprints/LevelPrefab/SallesTypes/SalleTest.uasset" 4856
"E:/UnrealEngine_Project/Perpetual_Dependancy_Github/Perpetual_Dependancy/Perpetual_Dependancy/Content/OurContent/Blueprints/Bp_Poison_Glasses.uasset" 4857
"E:/UnrealEngine_Project/Perpetual_Dependancy_Github/Perpetual_Dependancy/Perpetual_Dependancy/Content/OurContent/Blueprints/LevelPrefab/Room29.uasset" 4858
"E:/UnrealEngine_Project/Perpetual_Dependancy_Github/Perpetual_Dependancy/Perpetual_Dependancy/Content/OurContent/Blueprints/LevelPrefab/Room31.uasset" 4859
"E:/UnrealEngine_Project/Perpetual_Dependancy_Github/Perpetual_Dependancy/Perpetual_Dependancy/Content/OurContent/Blueprints/LevelPrefab/Room30.uasset" 4860
"E:/UnrealEngine_Project/Perpetual_Dependancy_Github/Perpetual_Dependancy/Perpetual_Dependancy/Content/OurContent/Blueprints/LevelPrefab/Room25.uasset" 4861
"E:/UnrealEngine_Project/Perpetual_Dependancy_Github/Perpetual_Dependancy/Perpetual_Dependancy/Content/OurContent/Blueprints/LevelPrefab/Room28.uasset" 4862
"E:/UnrealEngine_Project/Perpetual_Dependancy_Github/Perpetual_Dependancy/Perpetual_Dependancy/Content/OurContent/Blueprints/LevelPrefab/Room23.uasset" 4863
"E:/UnrealEngine_Project/Perpetual_Dependancy_Github/Perpetual_Dependancy/Perpetual_Dependancy/Content/OurContent/Blueprints/LevelPrefab/Room24.uasset" 4864
"E:/UnrealEngine_Project/Perpetual_Dependancy_Github/Perpetual_Dependancy/Perpetual_Dependancy/Content/OurContent/Blueprints/LevelPrefab/Room27.uasset" 4865
"E:/UnrealEngine_Project/Perpetual_Dependancy_Github/Perpetual_Dependancy/Perpetual_Dependancy/Content/OurContent/Blueprints/LevelPrefab/T7C0.uasset" 4866
"E:/UnrealEngine_Project/Perpetual_Dependancy_Github/Perpetual_Dependancy/Perpetual_Dependancy/Content/OurContent/Blueprints/LevelPrefab/SallesTypes/T6C0.uasset" 4867
"E:/UnrealEngine_Project/Perpetual_Dependancy_Github/Perpetual_Dependancy/Perpetual_Dependancy/Content/OurContent/Blueprints/LevelPrefab/Room21.uasset" 4868
"E:/UnrealEngine_Project/Perpetual_Dependancy_Github/Perpetual_Dependancy/Perpetual_Dependancy/Content/OurContent/Blueprints/LevelPrefab/BP_SalleType1C0.uasset" 4869
"E:/UnrealEngine_Project/Perpetual_Dependancy_Github/Perpetual_Dependancy/Perpetual_Dependancy/Content/OurContent/Blueprints/BP_RoomA.uasset" 4870
"E:/UnrealEngine_Project/Perpetual_Dependancy_Github/Perpetual_Dependancy/Perpetual_Dependancy/Content/OurContent/Blueprints/LevelPrefab/Room26.uasset" 4871
"E:/UnrealEngine_Project/Perpetual_Dependancy_Github/Perpetual_Dependancy/Perpetual_Dependancy/Content/OurContent/Blueprints/LevelPrefab/SalleTest.uasset" 4872
"E:/UnrealEngine_Project/Perpetual_Dependancy_Github/Perpetual_Dependancy/Perpetual_Dependancy/Content/__ExternalObjects__/ThirdPerson/Maps/ThirdPersonMap/9/KN/KHZG97SS6AL73U7AXDWH6J.uasset" 4873
"E:/UnrealEngine_Project/Perpetual_Dependancy_Github/Perpetual_Dependancy/Perpetual_Dependancy/Content/__ExternalObjects__/ThirdPerson/Maps/ThirdPersonMap/7/G5/GEBPLD2DMDC05O1IVHBR6Q.uasset" 4874
"E:/UnrealEngine_Project/Perpetual_Dependancy_Github/Perpetual_Dependancy/Perpetual_Dependancy/Content/__ExternalObjects__/ThirdPerson/Maps/ThirdPersonMap/7/52/NOZ5YZC9I9RVVSEA5DZC0O.uasset" 4875
"E:/UnrealEngine_Project/Perpetual_Dependancy_Github/Perpetual_Dependancy/Perpetual_Dependancy/Content/OurContent/Blueprints/BP_LightOffsetCalculator.uasset" 4876
"E:/UnrealEngine_Project/Perpetual_Dependancy_Github/Perpetual_Dependancy/Perpetual_Dependancy/Content/OurContent/Blueprints/LevelPrefab/T6C0.uasset" 4877
"E:/UnrealEngine_Project/Perpetual_Dependancy_Github/Perpetual_Dependancy/Perpetual_Dependancy/Content/OurContent/Blueprints/LevelPrefab/RoomE_1.uasset" 4878
"E:/UnrealEngine_Project/Perpetual_Dependancy_Github/Perpetual_Dependancy/Perpetual_Dependancy/Content/OurContent/Levels/MainLevel_NewLight.umap" 4879
"C:/Users/Yannick/AppData/Local/UnrealEngine/Common/DerivedDataCache/Buckets/StaticMesh/47/fc/50978b0830c40615bc82c43070d39e23f651.udd" 4880
"../../../../../UnrealEngine_Project/Perpetual_Dependancy_Github/Perpetual_Dependancy/Perpetual_Dependancy/Content/Game_art/Meshes/salles/salle_stairs/MSH_stairs_1_2.uasset" 4881
"C:/Users/Yannick/AppData/Local/UnrealEngine/Common/DerivedDataCache/Buckets/LegacyDIST/f6/de/939dcd4ad1016ee08cc4a889db7634196315.udd" 4882
"C:/Users/Yannick/AppData/Local/UnrealEngine/Common/DerivedDataCache/Buckets/LegacyCARD/c1/cd/2cedb4f0a42582075e280bcd79ec44504141.udd" 4883
"C:/Users/Yannick/AppData/Local/UnrealEngine/Common/DerivedDataCache/Buckets/LegacyNavCollision/4a/ff/9f5628b7a8746b562966a3b5527767cd9110.udd" 4884
"../../../../../UnrealEngine_Project/Perpetual_Dependancy_Github/Perpetual_Dependancy/Perpetual_Dependancy/Content/Game_art/Meshes/MSH_stairs_1_2.uasset" 4885
"../../../../../UnrealEngine_Project/Perpetual_Dependancy_Github/Perpetual_Dependancy/Perpetual_Dependancy/Content/Game_art/Meshes/salles/salle_stairs/3_3/sol_stairs_3_3_sol_stairs.uasset" 4886
"C:/Users/Yannick/AppData/Local/UnrealEngine/Common/DerivedDataCache/Buckets/StaticMesh/14/18/1d855c4d64d7d4555dd87cdf04217c2ed275.udd" 4887
"../../../../../UnrealEngine_Project/Perpetual_Dependancy_Github/Perpetual_Dependancy/Perpetual_Dependancy/Content/Game_art/Meshes/salles/salle_stairs/3_3/murs_stairs_3_3_murs_stairs.uasset" 4888
"../../../../../UnrealEngine_Project/Perpetual_Dependancy_Github/Perpetual_Dependancy/Perpetual_Dependancy/Content/Game_art/Meshes/salles/big_salle/sol_stairs_open_2_3.uasset" 4889
"C:/Users/Yannick/AppData/Local/UnrealEngine/Common/DerivedDataCache/Buckets/StaticMesh/66/38/54fbed6fba32605eb0d1c071cdb7c7fd5501.udd" 4890
"C:/Users/Yannick/AppData/Local/UnrealEngine/Common/DerivedDataCache/Buckets/LegacyDIST/88/ac/3658a7ff442d3b29a4b9a918c9ef5dafac08.udd" 4891
"C:/Users/Yannick/AppData/Local/UnrealEngine/Common/DerivedDataCache/Buckets/LegacyCARD/05/ae/2074fd12f16144a3ed2f25d106211922f41a.udd" 4892
"C:/Users/Yannick/AppData/Local/UnrealEngine/Common/DerivedDataCache/Buckets/LegacyNavCollision/cb/7e/43c3699dde8b4188bc73dea904cbd26951fa.udd" 4893
"../../../../../UnrealEngine_Project/Perpetual_Dependancy_Github/Perpetual_Dependancy/Perpetual_Dependancy/Content/Game_art/Meshes/salles/big_salle/sol_stairs_open_1_3.uasset" 4894
"../../../../../UnrealEngine_Project/Perpetual_Dependancy_Github/Perpetual_Dependancy/Perpetual_Dependancy/Content/Game_art/Meshes/salles/big_salle/murs_stairs_open_1_3.uasset" 4895
"../../../../../UnrealEngine_Project/Perpetual_Dependancy_Github/Perpetual_Dependancy/Perpetual_Dependancy/Content/Game_art/Meshes/salles/salle_L/3_3/murs_L_3_3_murs_L.uasset" 4896
"C:/Users/Yannick/AppData/Local/UnrealEngine/Common/DerivedDataCache/Buckets/StaticMesh/d1/ee/988f560c0814ec7c55ed5edc1b09dcab4a7f.udd" 4897
"C:/Users/Yannick/AppData/Local/UnrealEngine/Common/DerivedDataCache/Buckets/LegacyDIST/74/9c/ed66009ac2dc88c6cf4bf47b5eaf3303dc24.udd" 4898
"C:/Users/Yannick/AppData/Local/UnrealEngine/Common/DerivedDataCache/Buckets/LegacyCARD/42/a9/4ed9d3fa8afa9a8983ddd2697f73220de8a1.udd" 4899
"C:/Users/Yannick/AppData/Local/UnrealEngine/Common/DerivedDataCache/Buckets/LegacyNavCollision/f7/64/db6e6f019fcb7a9c6473a8ca431ddb273232.udd" 4900
"C:/Users/Yannick/AppData/Local/UnrealEngine/Common/DerivedDataCache/Buckets/StaticMesh/33/c1/70a95c2259f64c753fcbe2f2c176f2a36493.udd" 4901
"C:/Users/Yannick/AppData/Local/UnrealEngine/Common/DerivedDataCache/Buckets/LegacyDIST/eb/7b/ca93aff89a2366ed3492919ca48d4f2cc120.udd" 4902
"C:/Users/Yannick/AppData/Local/UnrealEngine/Common/DerivedDataCache/Buckets/LegacyCARD/30/31/dac8ab30260930ff60d448c5ec72ffbe4c5f.udd" 4903
"C:/Users/Yannick/AppData/Local/UnrealEngine/Common/DerivedDataCache/Buckets/LegacyNavCollision/cc/82/58ea17bf2d323900501142a1d1f9d6bd481c.udd" 4904
"C:/Users/Yannick/AppData/Local/UnrealEngine/Common/DerivedDataCache/Buckets/StaticMesh/42/6d/935e5d916aaf4b016709f8fc8ddd121eaa28.udd" 4905
"C:/Users/Yannick/AppData/Local/UnrealEngine/Common/DerivedDataCache/Buckets/LegacyDIST/9b/3d/526964fc5d40fb32a7b1ee05fed60dd5faaf.udd" 4906
"C:/Users/Yannick/AppData/Local/UnrealEngine/Common/DerivedDataCache/Buckets/LegacyCARD/b6/f5/eddd01c6e48e88c24c1a7ffd8171a5721758.udd" 4907
"C:/Users/Yannick/AppData/Local/UnrealEngine/Common/DerivedDataCache/Buckets/LegacyNavCollision/b9/ba/72a707fc7d4f7b19e2c735dd32b6706423a2.udd" 4908
"C:/Users/Yannick/AppData/Local/UnrealEngine/Common/DerivedDataCache/Buckets/StaticMesh/04/c7/59c38df68306a684434672e91d7d78394b71.udd" 4909
"C:/Users/Yannick/AppData/Local/UnrealEngine/Common/DerivedDataCache/Buckets/LegacyDIST/13/40/d349f9ffae98179100aab133dccd5e6bfbc0.udd" 4910
"C:/Users/Yannick/AppData/Local/UnrealEngine/Common/DerivedDataCache/Buckets/LegacyCARD/56/b9/f57a69f35ddae0ff9c5b12a0864e6080290d.udd" 4911
"C:/Users/Yannick/AppData/Local/UnrealEngine/Common/DerivedDataCache/Buckets/LegacyNavCollision/db/ed/c24a62df9c9b0f3c6f628b5bffca1c435bc5.udd" 4912
"C:/Users/Yannick/AppData/Local/UnrealEngine/Common/DerivedDataCache/Buckets/StaticMesh/fc/c5/195b6e991e01a44bd5de0547c9b9f449fc2c.udd" 4913
"C:/Users/Yannick/AppData/Local/UnrealEngine/Common/DerivedDataCache/Buckets/LegacyDIST/1a/b6/d2ed302438ae8a0a4b7e4d8678632076c55c.udd" 4914
"C:/Users/Yannick/AppData/Local/UnrealEngine/Common/DerivedDataCache/Buckets/LegacyCARD/6e/3d/8c070cff55afa2e1f23e62674a38f2b01596.udd" 4915
"C:/Users/Yannick/AppData/Local/UnrealEngine/Common/DerivedDataCache/Buckets/LegacyNavCollision/b8/4e/3edb7eca1447eea1351e465f4a0cf88bbe77.udd" 4916
"../../../../../UnrealEngine_Project/Perpetual_Dependancy_Github/Perpetual_Dependancy/Perpetual_Dependancy/Content/Game_art/Meshes/props/props_txt_potion_powerup_open1.uasset" 4917
"../../../../../UnrealEngine_Project/Perpetual_Dependancy_Github/Perpetual_Dependancy/Perpetual_Dependancy/Content/Game_art/Meshes/props/props_txt_potion_powerup.uasset" 4918
"../../../../../UnrealEngine_Project/Perpetual_Dependancy_Github/Perpetual_Dependancy/Perpetual_Dependancy/Content/Game_art/Meshes/props/props_txt_potion_positive_open1.uasset" 4919
"../../../../../UnrealEngine_Project/Perpetual_Dependancy_Github/Perpetual_Dependancy/Perpetual_Dependancy/Content/Game_art/Meshes/props/props_txt_potion_positive.uasset" 4920
"../../../../../UnrealEngine_Project/Perpetual_Dependancy_Github/Perpetual_Dependancy/Perpetual_Dependancy/Content/Game_art/Meshes/props/props_txt_potion_poison_open1.uasset" 4921
"../../../../../UnrealEngine_Project/Perpetual_Dependancy_Github/Perpetual_Dependancy/Perpetual_Dependancy/Content/OurContent/Levels/MainMenu.umap" 4922
"../../../../../UnrealEngine_Project/Perpetual_Dependancy_Github/Perpetual_Dependancy/Perpetual_Dependancy/Content/Game_art/Meshes/props/props_txt_potion_poison.uasset" 4923
"../../../../../UnrealEngine_Project/Perpetual_Dependancy_Github/Perpetual_Dependancy/Perpetual_Dependancy/Content/Game_art/Meshes/props/props_txt_potion_negative_open1.uasset" 4924
"../../../../../UnrealEngine_Project/Perpetual_Dependancy_Github/Perpetual_Dependancy/Perpetual_Dependancy/Content/Game_art/Meshes/props/props_txt_potion_negative.uasset" 4925
"C:/Users/Yannick/AppData/Local/UnrealEngine/Common/DerivedDataCache/Buckets/StaticMesh/21/30/00ce6eb1fe459fd6351d0a1fef096c9860ce.udd" 4926
"C:/Users/Yannick/AppData/Local/UnrealEngine/Common/DerivedDataCache/Buckets/LegacyDIST/a6/c1/5a67e25ae9a1f4600410a0971e454c1fb4b8.udd" 4927
"C:/Users/Yannick/AppData/Local/UnrealEngine/Common/DerivedDataCache/Buckets/LegacyCARD/f2/1d/6066d44623dc75804d592aa278b05ad92381.udd" 4928
"C:/Users/Yannick/AppData/Local/UnrealEngine/Common/DerivedDataCache/Buckets/LegacyNavCollision/00/b6/461477e74a7d2e2a7a1c9d0da301e4f23ecf.udd" 4929
"../../../../../UnrealEngine_Project/Perpetual_Dependancy_Github/Perpetual_Dependancy/Perpetual_Dependancy/Content/Game_art/Meshes/props/props_txt_platform.uasset" 4930
"../../../../../UnrealEngine_Project/Perpetual_Dependancy_Github/Perpetual_Dependancy/Perpetual_Dependancy/Content/Game_art/Meshes/props/props_txt_key.uasset" 4931
"../../../../../UnrealEngine_Project/Perpetual_Dependancy_Github/Perpetual_Dependancy/Perpetual_Dependancy/Content/Game_art/Meshes/props/props_txt_door.uasset" 4932
"../../../../../UnrealEngine_Project/Perpetual_Dependancy_Github/Perpetual_Dependancy/Perpetual_Dependancy/Content/Game_art/Final_newprops/MSH_ring.uasset" 4933
"../../../../../UnrealEngine_Project/Perpetual_Dependancy_Github/Perpetual_Dependancy/Perpetual_Dependancy/Content/Game_art/Final_newprops/MSH_broken_potion.uasset" 4934
"C:/Users/Yannick/AppData/Local/UnrealEngine/Common/DerivedDataCache/Buckets/LegacySTREAMEDAUDIO/eb/ba/66ab5d81baebd8f89be3ee2e37d6a16ff98e.udd" 4935
"../../../Engine/Content/EditorResources/EmptyActor.uasset" 4936
"C:/Users/Yannick/AppData/Local/UnrealEngine/Common/DerivedDataCache/Buckets/BulkDataList/1c/4b/697b608fd9ab823e5f7ae4148c0779445dc5.udd" 4937
"../../../Engine/Content/EditorResources/AudioIcons/S_AudioComponent_AutoActivate.uasset" 4938
"../../../Engine/Content/EditorResources/AudioIcons/S_AudioComponent.uasset" 4939
"../../../Engine/Content/EditorResources/LightIcons/S_LightError.uasset" 4940
"C:/Users/Yannick/AppData/Local/UnrealEngine/Common/DerivedDataCache/Buckets/BulkDataList/10/d9/861b9825c1e1266711bea59e8d5e9bbe4f65.udd" 4941
"../../../../../UnrealEngine_Project/Perpetual_Dependancy_Github/Perpetual_Dependancy/Perpetual_Dependancy/Content/__ExternalActors__/ThirdPerson/Maps/ThirdPersonMap/0/H7/VPJZUAHINRNP3U316HPEX4.uasset" 4942
"../../../../../UnrealEngine_Project/Perpetual_Dependancy_Github/Perpetual_Dependancy/Perpetual_Dependancy/Content/__ExternalActors__/ThirdPerson/Maps/ThirdPersonMap/1/AZ/A7GPT109Y6ZTTJD4A7TXER.uasset" 4943
"../../../../../UnrealEngine_Project/Perpetual_Dependancy_Github/Perpetual_Dependancy/Perpetual_Dependancy/Content/__ExternalActors__/ThirdPerson/Maps/ThirdPersonMap/3/EY/87SHEJN5UBEAN2K5OV1G6R.uasset" 4944
"../../../../../UnrealEngine_Project/Perpetual_Dependancy_Github/Perpetual_Dependancy/Perpetual_Dependancy/Content/__ExternalActors__/ThirdPerson/Maps/ThirdPersonMap/4/LN/30UBDLYFFA5ZR7U4W4L4GG.uasset" 4945
"../../../../../UnrealEngine_Project/Perpetual_Dependancy_Github/Perpetual_Dependancy/Perpetual_Dependancy/Content/__ExternalActors__/ThirdPerson/Maps/ThirdPersonMap/4/PN/2QISIGK5DJNQ05US8O8FXW.uasset" 4946
"../../../../../UnrealEngine_Project/Perpetual_Dependancy_Github/Perpetual_Dependancy/Perpetual_Dependancy/Content/__ExternalActors__/ThirdPerson/Maps/ThirdPersonMap/5/R1/TS5OQ5CRUWFZYL1ZQ7I416.uasset" 4947
"../../../../../UnrealEngine_Project/Perpetual_Dependancy_Github/Perpetual_Dependancy/Perpetual_Dependancy/Content/__ExternalActors__/ThirdPerson/Maps/ThirdPersonMap/6/J7/N10XDC9G27EMLS5AGZ6AVV.uasset" 4948
"../../../../../UnrealEngine_Project/Perpetual_Dependancy_Github/Perpetual_Dependancy/Perpetual_Dependancy/Content/__ExternalActors__/ThirdPerson/Maps/ThirdPersonMap/6/PY/YN88D565MJC0P62XN9CY46.uasset" 4949
"../../../../../UnrealEngine_Project/Perpetual_Dependancy_Github/Perpetual_Dependancy/Perpetual_Dependancy/Content/__ExternalActors__/ThirdPerson/Maps/ThirdPersonMap/6/YO/NG2R9BPZVA7ZDN0Z4VSTG6.uasset" 4950
"../../../../../UnrealEngine_Project/Perpetual_Dependancy_Github/Perpetual_Dependancy/Perpetual_Dependancy/Content/__ExternalActors__/ThirdPerson/Maps/ThirdPersonMap/7/0O/8JX03JTIWYJ17LA966OTYH.uasset" 4951
"../../../../../UnrealEngine_Project/Perpetual_Dependancy_Github/Perpetual_Dependancy/Perpetual_Dependancy/Content/__ExternalActors__/ThirdPerson/Maps/ThirdPersonMap/8/S1/DXUWD12MD3HRWVVXX076BY.uasset" 4952
"../../../../../UnrealEngine_Project/Perpetual_Dependancy_Github/Perpetual_Dependancy/Perpetual_Dependancy/Content/__ExternalActors__/ThirdPerson/Maps/ThirdPersonMap/A/WG/APQDX4U87PQ6H89E2YQ24N.uasset" 4953
"../../../../../UnrealEngine_Project/Perpetual_Dependancy_Github/Perpetual_Dependancy/Perpetual_Dependancy/Content/__ExternalActors__/ThirdPerson/Maps/ThirdPersonMap/B/CV/OHB6078Z7I8I93CRP1LUM7.uasset" 4954
"../../../../../UnrealEngine_Project/Perpetual_Dependancy_Github/Perpetual_Dependancy/Perpetual_Dependancy/Content/__ExternalActors__/ThirdPerson/Maps/ThirdPersonMap/B/RD/JSKQSEHZQ3RDQPPUBJ58DW.uasset" 4955
"../../../../../UnrealEngine_Project/Perpetual_Dependancy_Github/Perpetual_Dependancy/Perpetual_Dependancy/Content/__ExternalActors__/ThirdPerson/Maps/ThirdPersonMap/D/99/G7S8B4HGYHD9FBUP5MQM5L.uasset" 4956
"../../../../../UnrealEngine_Project/Perpetual_Dependancy_Github/Perpetual_Dependancy/Perpetual_Dependancy/Content/__ExternalActors__/ThirdPerson/Maps/ThirdPersonMap/D/DE/SWSI13675DVYIZ0N4NF7Y3.uasset" 4957
"../../../../../UnrealEngine_Project/Perpetual_Dependancy_Github/Perpetual_Dependancy/Perpetual_Dependancy/Content/__ExternalActors__/ThirdPerson/Maps/ThirdPersonMap/E/9X/L95P8TT8RGKVBKKMIRFJPY.uasset" 4958
"../../../../../UnrealEngine_Project/Perpetual_Dependancy_Github/Perpetual_Dependancy/Perpetual_Dependancy/Content/__ExternalActors__/ThirdPerson/Maps/ThirdPersonMap/F/3S/Y2NCLOFJNWH4W0RQ4ZFN52.uasset" 4959
"C:/Users/Yannick/AppData/Local/UnrealEngine/Common/DerivedDataCache/Buckets/LegacyCARD/32/3e/b16393580f05f7eeed4ca95b137e244048e5.udd" 4960
"C:/Users/Yannick/AppData/Local/UnrealEngine/Common/DerivedDataCache/Buckets/LegacyDIST/dc/9a/95b43ba814b5d7939d6cabafe9228af04170.udd" 4961
"C:/Users/Yannick/AppData/Local/UnrealEngine/Common/DerivedDataCache/Buckets/LegacySTREAMEDAUDIO/25/99/ccf27810270f4f7cab84a6ae517c1aa69576.udd" 4962
"C:/Users/Yannick/AppData/Local/UnrealEngine/Common/DerivedDataCache/Buckets/LegacySTREAMEDAUDIO/a2/f0/5990930d10c80ab69cf9a213b4b0f44c73bc.udd" 4963
"C:/Users/Yannick/AppData/Local/UnrealEngine/Common/DerivedDataCache/Buckets/LegacySTREAMEDAUDIO/f6/4e/612ddab0b320143fc2c72b68487758dadeb3.udd" 4964
"C:/Users/Yannick/AppData/Local/UnrealEngine/Common/DerivedDataCache/Buckets/LegacySTREAMEDAUDIO/75/0e/e4f51262b010c9e81c14396b8b1760ca4259.udd" 4965
"C:/Users/Yannick/AppData/Local/UnrealEngine/Common/DerivedDataCache/Buckets/LegacySTREAMEDAUDIO/96/72/729336da4d4430e99e5aea565b14a489bd0b.udd" 4966
"C:/Users/Yannick/AppData/Local/UnrealEngine/Common/DerivedDataCache/Buckets/LegacySTREAMEDAUDIO/e9/c9/ecf4c918996f40a536e6e2fdfd8ea8df8606.udd" 4967
"C:/Users/Yannick/AppData/Local/UnrealEngine/Common/DerivedDataCache/Buckets/LegacySTREAMEDAUDIO/47/41/1245c14c583b1ca7b8f85cb6187a52d6a1c0.udd" 4968
"C:/Users/Yannick/AppData/Local/UnrealEngine/Common/DerivedDataCache/Buckets/LegacySTREAMEDAUDIO/ff/b1/c3f004b9b639cc8d26bbfecf5e15e411b3de.udd" 4969
"C:/Users/Yannick/AppData/Local/UnrealEngine/Common/DerivedDataCache/Buckets/LegacySTREAMEDAUDIO/fa/31/43793b11e49771632b994cdf5fa7e782a036.udd" 4970
"C:/Users/Yannick/AppData/Local/UnrealEngine/Common/DerivedDataCache/Buckets/LegacySTREAMEDAUDIO/b9/58/b40027b316587d868fb994cafd543c2fab9c.udd" 4971
"C:/Users/Yannick/AppData/Local/UnrealEngine/Common/DerivedDataCache/Buckets/LegacySTREAMEDAUDIO/df/00/80bf28b4a014b475eeb72d0d37b8e743086e.udd" 4972
"C:/Users/Yannick/AppData/Local/UnrealEngine/Common/DerivedDataCache/Buckets/LegacySTREAMEDAUDIO/f8/9b/010ae768089ef345586280d41b6c8cce1336.udd" 4973
"C:/Users/Yannick/AppData/Local/UnrealEngine/Common/DerivedDataCache/Buckets/LegacySTREAMEDAUDIO/5e/8d/a4b02134c0da3d96150312eed68e1583c0fb.udd" 4974
"C:/Users/Yannick/AppData/Local/UnrealEngine/Common/DerivedDataCache/Buckets/LegacySTREAMEDAUDIO/38/7a/f4ad36f23556f443879e6b407139a3fa9d10.udd" 4975
"C:/Users/Yannick/AppData/Local/UnrealEngine/Common/DerivedDataCache/Buckets/LegacySTREAMEDAUDIO/b7/55/4f6d14667f613f689c5ec8ffc65736e94a9b.udd" 4976
"C:/Users/Yannick/AppData/Local/UnrealEngine/Common/DerivedDataCache/Buckets/LegacySTREAMEDAUDIO/19/c2/1837b7bd93c7f90b47071591c412c0e1ecae.udd" 4977
"C:/Users/Yannick/AppData/Local/UnrealEngine/Common/DerivedDataCache/Buckets/LegacySTREAMEDAUDIO/d5/85/ce89f3a1eeabe69ccd559df9ce9c6a935163.udd" 4978
"C:/Users/Yannick/AppData/Local/UnrealEngine/Common/DerivedDataCache/Buckets/LegacySTREAMEDAUDIO/50/a9/24cc37a92e3c8288410281f5218697aac413.udd" 4979
"C:/Users/Yannick/AppData/Local/UnrealEngine/Common/DerivedDataCache/Buckets/LegacySTREAMEDAUDIO/41/fc/9ac119c79e6b02ec0cf22267a0c4173a0ad6.udd" 4980
"C:/Users/Yannick/AppData/Local/UnrealEngine/Common/DerivedDataCache/Buckets/LegacySTREAMEDAUDIO/c9/0f/bb8efeacfa0136b68553e577ad4bf71a1283.udd" 4981
"C:/Users/Yannick/AppData/Local/UnrealEngine/Common/DerivedDataCache/Buckets/LegacySTREAMEDAUDIO/5c/0e/5895258946825da37bd9f4de07c8fc52b2a1.udd" 4982
"C:/Users/Yannick/AppData/Local/UnrealEngine/Common/DerivedDataCache/Buckets/LegacySTREAMEDAUDIO/10/ed/073140bc5402f41516a0d63373650c0a4652.udd" 4983
"C:/Users/Yannick/AppData/Local/UnrealEngine/Common/DerivedDataCache/Buckets/LegacySTREAMEDAUDIO/71/fb/e77ceaf76de8bfa55f0d8d1521142d7c309e.udd" 4984
"C:/Users/Yannick/AppData/Local/UnrealEngine/Common/DerivedDataCache/Buckets/LegacySTREAMEDAUDIO/f7/a4/0caf8b46378c31a099faa24e64c98dd5ba47.udd" 4985
"C:/Users/Yannick/AppData/Local/UnrealEngine/Common/DerivedDataCache/Buckets/LegacySTREAMEDAUDIO/f5/a1/7a40c73878941575566bb0b51516d66ced0a.udd" 4986
"C:/Users/Yannick/AppData/Local/UnrealEngine/Common/DerivedDataCache/Buckets/LegacySTREAMEDAUDIO/e6/63/5c332ca5b2b4288d9240ff63588684b1fe55.udd" 4987
"C:/Users/Yannick/AppData/Local/UnrealEngine/Common/DerivedDataCache/Buckets/LegacySTREAMEDAUDIO/d4/6b/c5ffe156625b50c05b04cd59fc82de2768ed.udd" 4988
"C:/Users/Yannick/AppData/Local/UnrealEngine/Common/DerivedDataCache/Buckets/LegacySTREAMEDAUDIO/0d/c2/21ab9b5ffd859cf89bcafe214f009c57c55f.udd" 4989
"C:/Users/Yannick/AppData/Local/UnrealEngine/Common/DerivedDataCache/Buckets/LegacySTREAMEDAUDIO/2b/89/1ec6b53cf887af08c0397f2a772d232b36fa.udd" 4990
"C:/Users/Yannick/AppData/Local/UnrealEngine/Common/DerivedDataCache/Buckets/LegacySTREAMEDAUDIO/d9/7f/c6ae2679b6b30d6ea3f90530e27b5115c6e3.udd" 4991
"C:/Users/Yannick/AppData/Local/UnrealEngine/Common/DerivedDataCache/Buckets/LegacySTREAMEDAUDIO/05/f7/8955ed3a5566c3ce5f7703bf213de6e106c8.udd" 4992
"C:/Users/Yannick/AppData/Local/UnrealEngine/Common/DerivedDataCache/Buckets/LegacySTREAMEDAUDIO/97/9e/d900f00808059fb466118d4ba9602a03a606.udd" 4993
"C:/Users/Yannick/AppData/Local/UnrealEngine/Common/DerivedDataCache/Buckets/LegacySTREAMEDAUDIO/6b/35/8d88d8a5d56ae1bc4e6f519e12cb1ddb3c40.udd" 4994
"C:/Users/Yannick/AppData/Local/UnrealEngine/Common/DerivedDataCache/Buckets/LegacySTREAMEDAUDIO/74/50/68d962f802610d983355b5389fb81b47c9b8.udd" 4995
"C:/Users/Yannick/AppData/Local/UnrealEngine/Common/DerivedDataCache/Buckets/LegacySTREAMEDAUDIO/10/01/42ba11f1f91b8dcdc73e4e4c3eb7156cd69a.udd" 4996
"C:/Users/Yannick/AppData/Local/UnrealEngine/Common/DerivedDataCache/Buckets/LegacySTREAMEDAUDIO/b0/c9/61f9785e73efe80841ac379d19a9749c744c.udd" 4997
"C:/Users/Yannick/AppData/Local/UnrealEngine/Common/DerivedDataCache/Buckets/LegacySTREAMEDAUDIO/f4/b5/54a849d8d55c470937d556ff8dc6befae10d.udd" 4998
"C:/Users/Yannick/AppData/Local/UnrealEngine/Common/DerivedDataCache/Buckets/LegacySTREAMEDAUDIO/0b/98/61ba1ff045edc9547fa512df424939bdc44c.udd" 4999
"C:/Users/Yannick/AppData/Local/UnrealEngine/Common/DerivedDataCache/Buckets/LegacySTREAMEDAUDIO/8d/e8/4cce3ec97d60f15bd20270bc03b044073fb0.udd" 5000
"C:/Users/Yannick/AppData/Local/UnrealEngine/Common/DerivedDataCache/Buckets/LegacySTREAMEDAUDIO/eb/eb/c9da04880118bf0877cd5e23811fc647639a.udd" 5001
"C:/Users/Yannick/AppData/Local/UnrealEngine/Common/DerivedDataCache/Buckets/LegacySTREAMEDAUDIO/64/0d/d3d88acedceabb0e906234e030a656b2b63a.udd" 5002
"../../../../../UnrealEngine_Project/Perpetual_Dependancy_Github/Perpetual_Dependancy/Perpetual_Dependancy/Content/OurContent/Levels/MainLevel_NewLight.umap" 5003
"C:/Users/Yannick/AppData/Local/UnrealEngine/Common/DerivedDataCache/Buckets/LegacySTREAMEDAUDIO/ca/94/3e2ebcd024608411b7bb80a22988d90fa06c.udd" 5004
"C:/Users/Yannick/AppData/Local/UnrealEngine/Common/DerivedDataCache/Buckets/LegacySTREAMEDAUDIO/49/d0/4b952018f925c6d91e172a58a63b93511591.udd" 5005
"C:/Users/Yannick/AppData/Local/UnrealEngine/Common/DerivedDataCache/Buckets/LegacySTREAMEDAUDIO/93/41/9ccd9db983aba8b2bd0f598b564cae1effb8.udd" 5006
"../../../Engine/Content/Maps/Templates/HLODs/HLODLayer_Merged.uasset" 5007
"C:/Users/Yannick/AppData/Local/UnrealEngine/Common/DerivedDataCache/Buckets/LegacySTREAMEDAUDIO/5a/d8/ccd3c5b5897e5ee7c7f2d072bac78fa81ecd.udd" 5008
"C:/Users/Yannick/AppData/Local/UnrealEngine/Common/DerivedDataCache/Buckets/LegacySTREAMEDAUDIO/c5/a8/82c1a0c5c502e1a3df7a0ebc1fd56bbfadb6.udd" 5009
"C:/Users/Yannick/AppData/Local/UnrealEngine/Common/DerivedDataCache/Buckets/LegacySTREAMEDAUDIO/1c/06/776582daa236b2fe7af3ce1bc82a68fac46e.udd" 5010
"C:/Users/Yannick/AppData/Local/UnrealEngine/Common/DerivedDataCache/Buckets/LegacySTREAMEDAUDIO/03/cd/c18a0e5da6b49e3fcdeacbfdc97c98208849.udd" 5011
"C:/Users/Yannick/AppData/Local/UnrealEngine/Common/DerivedDataCache/Buckets/LegacySTREAMEDAUDIO/62/28/706b94e130df1e78635250568e63ae1dbe97.udd" 5012
"C:/Users/Yannick/AppData/Local/UnrealEngine/Common/DerivedDataCache/Buckets/LegacySTREAMEDAUDIO/8f/89/c9e74ec05398a2e1df04beedd340d8cc9257.udd" 5013
"C:/Users/Yannick/AppData/Local/UnrealEngine/Common/DerivedDataCache/Buckets/LegacySTREAMEDAUDIO/ed/37/8e2e727e01421b3f7196745cf77418d137ac.udd" 5014
"C:/Users/Yannick/AppData/Local/UnrealEngine/Common/DerivedDataCache/Buckets/LegacySTREAMEDAUDIO/a6/a3/0b3dc3914c94ea37eea5d1b3635efa23f713.udd" 5015
"C:/Users/Yannick/AppData/Local/UnrealEngine/Common/DerivedDataCache/Buckets/LegacySTREAMEDAUDIO/71/3e/cf29d6c000baee1faca46b2e3170198944a5.udd" 5016
"C:/Users/Yannick/AppData/Local/UnrealEngine/Common/DerivedDataCache/Buckets/LegacySTREAMEDAUDIO/68/47/56df93b2dc4e5f620e0f58e1ee9c98286971.udd" 5017
"C:/Users/Yannick/AppData/Local/UnrealEngine/Common/DerivedDataCache/Buckets/LegacySTREAMEDAUDIO/ec/48/10bb95fdf0551cc5d9e106484a72a4ffd32d.udd" 5018
"C:/Users/Yannick/AppData/Local/UnrealEngine/Common/DerivedDataCache/Buckets/LegacySTREAMEDAUDIO/2b/33/a1235a92d8158e8cf2d5928c1e9fbc3b983a.udd" 5019
"C:/Users/Yannick/AppData/Local/UnrealEngine/Common/DerivedDataCache/Buckets/LegacySTREAMEDAUDIO/c7/99/b065aaa0dec6e082231274b9d0523111e76b.udd" 5020
"C:/Users/Yannick/AppData/Local/UnrealEngine/Common/DerivedDataCache/Buckets/LegacySTREAMEDAUDIO/df/25/ec9900a46d325184393e32f211f5340161bd.udd" 5021
"C:/Users/Yannick/AppData/Local/UnrealEngine/Common/DerivedDataCache/Buckets/LegacySTREAMEDAUDIO/65/4e/532830497bea1b4b28665e84da9546874130.udd" 5022
"C:/Users/Yannick/AppData/Local/UnrealEngine/Common/DerivedDataCache/Buckets/LegacySTREAMEDAUDIO/bf/c5/697088cf75cd44500db4b05e1dc5a4227bda.udd" 5023
"C:/Users/Yannick/AppData/Local/UnrealEngine/Common/DerivedDataCache/Buckets/LegacySTREAMEDAUDIO/67/fb/16ba74566a42b39d97823f4f7b6e5761bf41.udd" 5024
"C:/Users/Yannick/AppData/Local/UnrealEngine/Common/DerivedDataCache/Buckets/LegacySTREAMEDAUDIO/9e/04/b911b14e78c125a34178297bed9b97863df3.udd" 5025
"C:/Users/Yannick/AppData/Local/UnrealEngine/Common/DerivedDataCache/Buckets/LegacySTREAMEDAUDIO/af/2b/1d2a09f28b37486b5978a487c56f9751b29d.udd" 5026
"C:/Users/Yannick/AppData/Local/UnrealEngine/Common/DerivedDataCache/Buckets/LegacySTREAMEDAUDIO/64/8e/81c4b7450be86345a2d1a32f98d678c5f60a.udd" 5027
"C:/Users/Yannick/AppData/Local/UnrealEngine/Common/DerivedDataCache/Buckets/LegacySTREAMEDAUDIO/49/81/f213a43c37c7ed155130ec11346730475200.udd" 5028
"C:/Users/Yannick/AppData/Local/UnrealEngine/Common/DerivedDataCache/Buckets/LegacySTREAMEDAUDIO/a0/6f/4adc21ef521d786d4f7bd47766532bc2dc7b.udd" 5029
"C:/Users/Yannick/AppData/Local/UnrealEngine/Common/DerivedDataCache/Buckets/LegacySTREAMEDAUDIO/b4/0b/9eaf4817b6da522c88109cbb1b0e5622d052.udd" 5030
"C:/Users/Yannick/AppData/Local/UnrealEngine/Common/DerivedDataCache/Buckets/LegacySTREAMEDAUDIO/3d/16/77a5c591ad9f3c116287a6ba7eb74438950d.udd" 5031
"C:/Users/Yannick/AppData/Local/UnrealEngine/Common/DerivedDataCache/Buckets/LegacySTREAMEDAUDIO/ec/68/e8fd98922c4293ba7e94fed85f7650770054.udd" 5032
"C:/Users/Yannick/AppData/Local/UnrealEngine/Common/DerivedDataCache/Buckets/LegacySTREAMEDAUDIO/40/b9/5ed464f3ad01a03950013aabe6df4902cfff.udd" 5033
"C:/Users/Yannick/AppData/Local/UnrealEngine/Common/DerivedDataCache/Buckets/LegacySTREAMEDAUDIO/a8/d6/25202c1c265507a22b8a5c831fce17b7f467.udd" 5034
"C:/Users/Yannick/AppData/Local/UnrealEngine/Common/DerivedDataCache/Buckets/LegacySTREAMEDAUDIO/93/a6/2a9442bdf9026832030dec78dd370a57d133.udd" 5035
"C:/Users/Yannick/AppData/Local/UnrealEngine/Common/DerivedDataCache/Buckets/LegacySTREAMEDAUDIO/62/60/73e00e3b33a42b9610afc39a38fcb04c63ed.udd" 5036
"C:/Users/Yannick/AppData/Local/UnrealEngine/Common/DerivedDataCache/Buckets/LegacySTREAMEDAUDIO/bf/71/bfb55d3a7a6df2e5fc9002cfae4ddbc9ee5d.udd" 5037
"C:/Users/Yannick/AppData/Local/UnrealEngine/Common/DerivedDataCache/Buckets/LegacySTREAMEDAUDIO/4e/c5/148d43311a8e448169d76fedb36638c84f8e.udd" 5038
"C:/Users/Yannick/AppData/Local/UnrealEngine/Common/DerivedDataCache/Buckets/LegacySTREAMEDAUDIO/03/69/b8d206e475fd4374694afcf7a09bab680333.udd" 5039
"C:/Users/Yannick/AppData/Local/UnrealEngine/Common/DerivedDataCache/Buckets/LegacySTREAMEDAUDIO/80/bb/fade03ecb98c7ad40b0442dde7879c506a6e.udd" 5040
"C:/Users/Yannick/AppData/Local/UnrealEngine/Common/DerivedDataCache/Buckets/LegacySTREAMEDAUDIO/05/82/13c7e3bdec7f81c1504a58c31b98e0246687.udd" 5041
"C:/Users/Yannick/AppData/Local/UnrealEngine/Common/DerivedDataCache/Buckets/LegacySTREAMEDAUDIO/86/12/d1876cf4c4abd6e39e9eb2c33a80b536bf27.udd" 5042
"C:/Users/Yannick/AppData/Local/UnrealEngine/Common/DerivedDataCache/Buckets/LegacySTREAMEDAUDIO/9e/9e/57bcbb21a624b6f1f3b7d9bd99c074dbcd01.udd" 5043
"C:/Users/Yannick/AppData/Local/UnrealEngine/Common/DerivedDataCache/Buckets/LegacySTREAMEDAUDIO/46/23/66c68aa67bfdc11b2c9ed27dd93a19221ddd.udd" 5044
"C:/Users/Yannick/AppData/Local/UnrealEngine/Common/DerivedDataCache/Buckets/LegacySTREAMEDAUDIO/06/a9/a2e9a2539d4b89fa57a781916d0bb7b4a824.udd" 5045
"C:/Users/Yannick/AppData/Local/UnrealEngine/Common/DerivedDataCache/Buckets/LegacySTREAMEDAUDIO/d9/01/92db3a0e05c0b4d9100add02d9300cfcdc1a.udd" 5046
"C:/Users/Yannick/AppData/Local/UnrealEngine/Common/DerivedDataCache/Buckets/LegacySTREAMEDAUDIO/39/ce/0aa5cc6a42931ea299a5d0e31aab4ab87576.udd" 5047
"C:/Users/Yannick/AppData/Local/UnrealEngine/Common/DerivedDataCache/Buckets/LegacySTREAMEDAUDIO/ff/79/890f89aec933c987ef0a6eee1d29718d6328.udd" 5048
"C:/Users/Yannick/AppData/Local/UnrealEngine/Common/DerivedDataCache/Buckets/LegacySTREAMEDAUDIO/40/e1/f315177c7f7f4d07b58f738554fafbe95e98.udd" 5049
"C:/Users/Yannick/AppData/Local/UnrealEngine/Common/DerivedDataCache/Buckets/LegacySTREAMEDAUDIO/80/05/81e441fc825cd9dd5eb27f92ee0823514247.udd" 5050
"C:/Users/Yannick/AppData/Local/UnrealEngine/Common/DerivedDataCache/Buckets/LegacySTREAMEDAUDIO/15/fd/296410340df0cd29dd3fbb7b3d2d9bdec5ca.udd" 5051
"C:/Users/Yannick/AppData/Local/UnrealEngine/Common/DerivedDataCache/Buckets/LegacySTREAMEDAUDIO/b2/41/a79b904af25b02a7d3f90ce1b3c23a208412.udd" 5052
"C:/Users/Yannick/AppData/Local/UnrealEngine/Common/DerivedDataCache/Buckets/LegacySTREAMEDAUDIO/94/63/8695e5b4dca83c3613e0cdbb7fefd1597ca9.udd" 5053
"C:/Users/Yannick/AppData/Local/UnrealEngine/Common/DerivedDataCache/Buckets/LegacySTREAMEDAUDIO/75/37/00f1fccb2d0f3e65b2512c127624e4c0a6b4.udd" 5054
"C:/Users/Yannick/AppData/Local/UnrealEngine/Common/DerivedDataCache/Buckets/LegacySTREAMEDAUDIO/14/23/f252a263dc5297a3c34f5d266d77b17de034.udd" 5055
"C:/Users/Yannick/AppData/Local/UnrealEngine/Common/DerivedDataCache/Buckets/LegacySTREAMEDAUDIO/40/b2/adc6594db2ea5fb2bbad6b6d32d2522ab73d.udd" 5056
"C:/Users/Yannick/AppData/Local/UnrealEngine/Common/DerivedDataCache/Buckets/LegacySTREAMEDAUDIO/73/be/a6a99fcb3e4d2a7f043d10504edfd1930cc5.udd" 5057
"C:/Users/Yannick/AppData/Local/UnrealEngine/Common/DerivedDataCache/Buckets/LegacySTREAMEDAUDIO/2e/71/21708f93609ec846ede23a2deebf05d8d143.udd" 5058
"C:/Users/Yannick/AppData/Local/UnrealEngine/Common/DerivedDataCache/Buckets/LegacySTREAMEDAUDIO/47/bc/1ec0c7db5d032eb4efd762f83e2c42b9c419.udd" 5059
"C:/Users/Yannick/AppData/Local/UnrealEngine/Common/DerivedDataCache/Buckets/LegacySTREAMEDAUDIO/54/66/fdd391154908cec1f2777eb096af4453fc9a.udd" 5060
"C:/Users/Yannick/AppData/Local/UnrealEngine/Common/DerivedDataCache/Buckets/LegacySTREAMEDAUDIO/ea/14/fddc73fa2707101ef21be2be849fc9da3ea0.udd" 5061
"C:/Users/Yannick/AppData/Local/UnrealEngine/Common/DerivedDataCache/Buckets/LegacySTREAMEDAUDIO/eb/72/0a05156bf34273cc914769b10f5461329db5.udd" 5062
"C:/Users/Yannick/AppData/Local/UnrealEngine/Common/DerivedDataCache/Buckets/LegacySTREAMEDAUDIO/05/44/4ea4c87aff09f5326def3da9ca3e9395195e.udd" 5063
"C:/Users/Yannick/AppData/Local/UnrealEngine/Common/DerivedDataCache/Buckets/LegacySTREAMEDAUDIO/40/fe/4b45ae57017a5f700651202084c5101d1dde.udd" 5064
"C:/Users/Yannick/AppData/Local/UnrealEngine/Common/DerivedDataCache/Buckets/LegacySTREAMEDAUDIO/ac/76/41584f7c82ced42d92f8416407653cf28acb.udd" 5065
"C:/Users/Yannick/AppData/Local/UnrealEngine/Common/DerivedDataCache/Buckets/LegacySTREAMEDAUDIO/44/72/de916d4db8cfb926a1e1b493ffdf42fbc778.udd" 5066
"C:/Users/Yannick/AppData/Local/UnrealEngine/Common/DerivedDataCache/Buckets/LegacySTREAMEDAUDIO/b3/ff/83255ddb12d4e40dcb6d19ca56c3b5223b32.udd" 5067
"C:/Users/Yannick/AppData/Local/UnrealEngine/Common/DerivedDataCache/Buckets/LegacySTREAMEDAUDIO/8f/b1/fede3f0b13d19440c3d84aa95763fd096677.udd" 5068
"C:/Users/Yannick/AppData/Local/UnrealEngine/Common/DerivedDataCache/Buckets/LegacySTREAMEDAUDIO/6e/5b/ad21c713b79ed29b66080de606dc8b38dc7e.udd" 5069
"C:/Users/Yannick/AppData/Local/UnrealEngine/Common/DerivedDataCache/Buckets/LegacySTREAMEDAUDIO/7c/b1/fb458a59afcb37845eea9797008bf6664925.udd" 5070
"C:/Users/Yannick/AppData/Local/UnrealEngine/Common/DerivedDataCache/Buckets/LegacySTREAMEDAUDIO/a1/ae/f02129aee1de5db27c2e27364fc2f066553b.udd" 5071
"C:/Users/Yannick/AppData/Local/UnrealEngine/Common/DerivedDataCache/Buckets/LegacySTREAMEDAUDIO/76/a5/c9895722e322aaf2aaf5e37170b4f445cc08.udd" 5072
"C:/Users/Yannick/AppData/Local/UnrealEngine/Common/DerivedDataCache/Buckets/LegacySTREAMEDAUDIO/34/a3/094e1b33c1c85044206a4ce0179c3b0f38b5.udd" 5073
"C:/Users/Yannick/AppData/Local/UnrealEngine/Common/DerivedDataCache/Buckets/LegacySTREAMEDAUDIO/05/08/4b0c886932ccb44bd3f8a543af71f694de58.udd" 5074
"C:/Users/Yannick/AppData/Local/UnrealEngine/Common/DerivedDataCache/Buckets/LegacySTREAMEDAUDIO/aa/44/7478cf3d235dcff442694f2264f432c39fee.udd" 5075
"C:/Users/Yannick/AppData/Local/UnrealEngine/Common/DerivedDataCache/Buckets/LegacySTREAMEDAUDIO/0c/22/e37855531e1aa9a5bd0d54c76218b3af0875.udd" 5076
"C:/Users/Yannick/AppData/Local/UnrealEngine/Common/DerivedDataCache/Buckets/LegacySTREAMEDAUDIO/29/85/3c8505a533b156c885c51988c00a120bd717.udd" 5077
"C:/Users/Yannick/AppData/Local/UnrealEngine/Common/DerivedDataCache/Buckets/LegacySTREAMEDAUDIO/f4/a4/2b5cb36a3f54c6481cbfb4ac914e963d6df4.udd" 5078
"C:/Users/Yannick/AppData/Local/UnrealEngine/Common/DerivedDataCache/Buckets/LegacySTREAMEDAUDIO/b3/0f/481026e3b23e9019aeec26e32788760a02a6.udd" 5079
"C:/Users/Yannick/AppData/Local/UnrealEngine/Common/DerivedDataCache/Buckets/LegacySTREAMEDAUDIO/41/82/b8f827ad653295efb3398e5c85ceec1a60c5.udd" 5080
"C:/Users/Yannick/AppData/Local/UnrealEngine/Common/DerivedDataCache/Buckets/LegacySTREAMEDAUDIO/d3/02/90e8c0760f3e5e14051e4db79f10977b281d.udd" 5081
"C:/Users/Yannick/AppData/Local/UnrealEngine/Common/DerivedDataCache/Buckets/LegacySTREAMEDAUDIO/31/99/6345f5a9ba76da225871cb129a70717d8ae1.udd" 5082
"C:/Users/Yannick/AppData/Local/UnrealEngine/Common/DerivedDataCache/Buckets/LegacySTREAMEDAUDIO/2d/db/47e9c9561004bece8b447a8054c7f9160175.udd" 5083
"C:/Users/Yannick/AppData/Local/UnrealEngine/Common/DerivedDataCache/Buckets/LegacySTREAMEDAUDIO/37/3f/9994344cbe0f02344626f1c324a2f228790a.udd" 5084
"C:/Users/Yannick/AppData/Local/UnrealEngine/Common/DerivedDataCache/Buckets/LegacySTREAMEDAUDIO/bd/1c/30083c268ae367547a335f47f5cc4dfa6897.udd" 5085
"C:/Users/Yannick/AppData/Local/UnrealEngine/Common/DerivedDataCache/Buckets/LegacySTREAMEDAUDIO/f4/09/dd070736af42201140a68ab936acc7d17715.udd" 5086
"C:/Users/Yannick/AppData/Local/UnrealEngine/Common/DerivedDataCache/Buckets/LegacySTREAMEDAUDIO/25/57/6e605be9c2c45dbe899120f46dc1cadeddbe.udd" 5087
"C:/Users/Yannick/AppData/Local/UnrealEngine/Common/DerivedDataCache/Buckets/LegacySTREAMEDAUDIO/4f/17/7a180dc1f7ab11fae20d1ca4de0be3bac4c3.udd" 5088
"C:/Users/Yannick/AppData/Local/UnrealEngine/Common/DerivedDataCache/Buckets/LegacySTREAMEDAUDIO/5e/e0/45ea303fbf88a3f18b7c078567d6e584d03e.udd" 5089
"C:/Users/Yannick/AppData/Local/UnrealEngine/Common/DerivedDataCache/Buckets/LegacySTREAMEDAUDIO/85/36/74a9344b7511715819071b4ab1792f2d4e26.udd" 5090
"C:/Users/Yannick/AppData/Local/UnrealEngine/Common/DerivedDataCache/Buckets/LegacySTREAMEDAUDIO/0b/79/fffdd08ba62b234ca5415e4c10ad74bae506.udd" 5091
"C:/Users/Yannick/AppData/Local/UnrealEngine/Common/DerivedDataCache/Buckets/LegacySTREAMEDAUDIO/12/da/288063aa7f255e92f3c1e0437ba429913f6f.udd" 5092
"C:/Users/Yannick/AppData/Local/UnrealEngine/Common/DerivedDataCache/Buckets/LegacySTREAMEDAUDIO/72/4b/ca04591e14b2f5ea41160a8750a767b0e991.udd" 5093
"C:/Users/Yannick/AppData/Local/UnrealEngine/Common/DerivedDataCache/Buckets/LegacySTREAMEDAUDIO/5e/d3/9e48b5963736ef18470bac246d34c236eb48.udd" 5094
"C:/Users/Yannick/AppData/Local/UnrealEngine/Common/DerivedDataCache/Buckets/LegacySTREAMEDAUDIO/0f/0c/00a739a6819d3b057ef5565aee0e19633896.udd" 5095
"C:/Users/Yannick/AppData/Local/UnrealEngine/Common/DerivedDataCache/Buckets/LegacySTREAMEDAUDIO/08/64/a66c9397fc7a97d9eb899bf67b73531229d1.udd" 5096
"C:/Users/Yannick/AppData/Local/UnrealEngine/Common/DerivedDataCache/Buckets/LegacySTREAMEDAUDIO/8b/ba/04f3ae9f6f69d96d176ae5b57674bc9ab233.udd" 5097
"C:/Users/Yannick/AppData/Local/UnrealEngine/Common/DerivedDataCache/Buckets/LegacySTREAMEDAUDIO/e9/f2/af67762f49f73b6dbd88b3e52f6ca0e7d464.udd" 5098
"C:/Users/Yannick/AppData/Local/UnrealEngine/Common/DerivedDataCache/Buckets/LegacySTREAMEDAUDIO/a7/52/6a3ba78ad43095b8e1c437d2b30ecc8951b3.udd" 5099
"C:/Users/Yannick/AppData/Local/UnrealEngine/Common/DerivedDataCache/Buckets/LegacySTREAMEDAUDIO/a9/dc/3c6b962988ad1813f47021d3d62b5dbf0cbf.udd" 5100
"C:/Users/Yannick/AppData/Local/UnrealEngine/Common/DerivedDataCache/Buckets/LegacySTREAMEDAUDIO/de/16/9a7af0e11f1def900be60565ead1142c7751.udd" 5101
"C:/Users/Yannick/AppData/Local/UnrealEngine/Common/DerivedDataCache/Buckets/LegacySTREAMEDAUDIO/b2/4f/66398f9685c2b6593ed152635dcc681d1780.udd" 5102
"C:/Users/Yannick/AppData/Local/UnrealEngine/Common/DerivedDataCache/Buckets/LegacySTREAMEDAUDIO/68/5e/62bae6891bd2ac409e3b3fab61ee6967f4b8.udd" 5103
"C:/Users/Yannick/AppData/Local/UnrealEngine/Common/DerivedDataCache/Buckets/LegacySTREAMEDAUDIO/78/da/eb78daef9b5a7d8c71daf945b9ea471c9dc1.udd" 5104
"C:/Users/Yannick/AppData/Local/UnrealEngine/Common/DerivedDataCache/Buckets/LegacySTREAMEDAUDIO/14/ae/d4e781ee8db82aa5c1b83aa4c87cb1bc6b5d.udd" 5105
"C:/Users/Yannick/AppData/Local/UnrealEngine/Common/DerivedDataCache/Buckets/LegacySTREAMEDAUDIO/4d/ee/2ef28ba239115f9de7bacd7f0c08483d6fd3.udd" 5106
"C:/Users/Yannick/AppData/Local/UnrealEngine/Common/DerivedDataCache/Buckets/LegacySTREAMEDAUDIO/38/0a/52a720269aa697741308e3ba85ae23931635.udd" 5107
"C:/Users/Yannick/AppData/Local/UnrealEngine/Common/DerivedDataCache/Buckets/LegacySTREAMEDAUDIO/7c/26/d55ffe676dbb3c307ec70fb64fdd4380cb06.udd" 5108
"C:/Users/Yannick/AppData/Local/UnrealEngine/Common/DerivedDataCache/Buckets/LegacySTREAMEDAUDIO/2c/fa/226729c4eca3d3b7489d6d2df539b9aaa762.udd" 5109
"C:/Users/Yannick/AppData/Local/UnrealEngine/Common/DerivedDataCache/Buckets/LegacySTREAMEDAUDIO/29/d8/e585f0cb8d7f09d6162cc91340af86c04d87.udd" 5110
"C:/Users/Yannick/AppData/Local/UnrealEngine/Common/DerivedDataCache/Buckets/LegacySTREAMEDAUDIO/ba/c0/5e6ea2be34efe614c5973c07687cd984bfe2.udd" 5111
"C:/Users/Yannick/AppData/Local/UnrealEngine/Common/DerivedDataCache/Buckets/LegacySTREAMEDAUDIO/e4/3b/4fd148a9925447fe423c84ed88c9181d70f3.udd" 5112
"C:/Users/Yannick/AppData/Local/UnrealEngine/Common/DerivedDataCache/Buckets/LegacySTREAMEDAUDIO/6d/83/451dcdf7bdefb75baa9a6a467c88d8530767.udd" 5113
"C:/Users/Yannick/AppData/Local/UnrealEngine/Common/DerivedDataCache/Buckets/LegacySTREAMEDAUDIO/ec/89/883ffed3ba41fb7ab247710c62fffa6fa1d1.udd" 5114
"C:/Users/Yannick/AppData/Local/UnrealEngine/Common/DerivedDataCache/Buckets/LegacySTREAMEDAUDIO/90/43/2652569bd463de5c2a7bb12a4c2df5ac3438.udd" 5115
"C:/Users/Yannick/AppData/Local/UnrealEngine/Common/DerivedDataCache/Buckets/LegacySTREAMEDAUDIO/16/d3/1c89e44576592ca9e470cdfddff40941f2f6.udd" 5116
"C:/Users/Yannick/AppData/Local/UnrealEngine/Common/DerivedDataCache/Buckets/LegacySTREAMEDAUDIO/33/38/fd7853fe417a986807ffc44c80fd5a2fac6b.udd" 5117
"C:/Users/Yannick/AppData/Local/UnrealEngine/Common/DerivedDataCache/Buckets/LegacySTREAMEDAUDIO/a9/23/bbbf9c889f553def2e946296c9dedaae1b16.udd" 5118
"C:/Users/Yannick/AppData/Local/UnrealEngine/Common/DerivedDataCache/Buckets/LegacySTREAMEDAUDIO/a4/60/99077cbd3861123ed12ca58cfcdd50f956b4.udd" 5119
"C:/Users/Yannick/AppData/Local/UnrealEngine/Common/DerivedDataCache/Buckets/LegacySTREAMEDAUDIO/0a/42/5f7fd8a8d0cf8bbdc9715415f15d18aba479.udd" 5120
"C:/Users/Yannick/AppData/Local/UnrealEngine/Common/DerivedDataCache/Buckets/LegacySTREAMEDAUDIO/eb/58/92ece9340e1f8f485882d7b950a95fd8b116.udd" 5121
"C:/Users/Yannick/AppData/Local/UnrealEngine/Common/DerivedDataCache/Buckets/LegacySTREAMEDAUDIO/f2/68/e821a9fa6f05643ae6341087aea441e45466.udd" 5122
"C:/Users/Yannick/AppData/Local/UnrealEngine/Common/DerivedDataCache/Buckets/LegacySTREAMEDAUDIO/53/75/415300432bbc8075913f19fe26b06adc4f47.udd" 5123
"C:/Users/Yannick/AppData/Local/UnrealEngine/Common/DerivedDataCache/Buckets/LegacySTREAMEDAUDIO/2e/36/df1e130bb52c19a4cd55537b6996dd3d45dd.udd" 5124
"C:/Users/Yannick/AppData/Local/UnrealEngine/Common/DerivedDataCache/Buckets/LegacySTREAMEDAUDIO/73/33/9d4ee82a5bc8a64fc5787c1441585af74585.udd" 5125
"C:/Users/Yannick/AppData/Local/UnrealEngine/Common/DerivedDataCache/Buckets/LegacySTREAMEDAUDIO/dc/f6/506b27be26eeeef859b096a5906edb036c03.udd" 5126
"C:/Users/Yannick/AppData/Local/UnrealEngine/Common/DerivedDataCache/Buckets/LegacySTREAMEDAUDIO/20/58/ba616b8af58a04efef0336d6b8725a1ae0ef.udd" 5127
"C:/Users/Yannick/AppData/Local/UnrealEngine/Common/DerivedDataCache/Buckets/LegacySTREAMEDAUDIO/be/b3/f60fbec7d8e657d76bbbd379cb3effac4f3b.udd" 5128
"C:/Users/Yannick/AppData/Local/UnrealEngine/Common/DerivedDataCache/Buckets/LegacySTREAMEDAUDIO/1c/b3/93a852a716e331592a7320695efe63502f0c.udd" 5129
"C:/Users/Yannick/AppData/Local/UnrealEngine/Common/DerivedDataCache/Buckets/LegacySTREAMEDAUDIO/c1/cc/4d6efd586aa89a966c46ca0e7fa1807fb37e.udd" 5130
"C:/Users/Yannick/AppData/Local/UnrealEngine/Common/DerivedDataCache/Buckets/LegacySTREAMEDAUDIO/35/e6/e56861153151ddaa77d4c44571f1e78ada8a.udd" 5131
"C:/Users/Yannick/AppData/Local/UnrealEngine/Common/DerivedDataCache/Buckets/LegacySTREAMEDAUDIO/3b/3f/4087b71a0bbc4ea7078376955adf640de675.udd" 5132
"C:/Users/Yannick/AppData/Local/UnrealEngine/Common/DerivedDataCache/Buckets/LegacySTREAMEDAUDIO/86/95/379762ca9112e759a8a8e158d350183e45da.udd" 5133
"C:/Users/Yannick/AppData/Local/UnrealEngine/Common/DerivedDataCache/Buckets/LegacySTREAMEDAUDIO/fd/5c/f58d476ba465fef09f090ce51801900e3ee9.udd" 5134
"C:/Users/Yannick/AppData/Local/UnrealEngine/Common/DerivedDataCache/Buckets/LegacySTREAMEDAUDIO/14/ad/355893961e1a7a35aabfadc5859b59606582.udd" 5135
"C:/Users/Yannick/AppData/Local/UnrealEngine/Common/DerivedDataCache/Buckets/LegacySTREAMEDAUDIO/a5/1d/56b0eea539c7d4563971335ab448a6bfa9d2.udd" 5136
"C:/Users/Yannick/AppData/Local/UnrealEngine/Common/DerivedDataCache/Buckets/LegacySTREAMEDAUDIO/7e/58/b7c6cc4a82ee2086eb193c53f3f343c32617.udd" 5137
"C:/Users/Yannick/AppData/Local/UnrealEngine/Common/DerivedDataCache/Buckets/LegacySTREAMEDAUDIO/a8/11/1b409fd8f6b5f7b840b916edff3226548715.udd" 5138
"C:/Users/Yannick/AppData/Local/UnrealEngine/Common/DerivedDataCache/Buckets/LegacySTREAMEDAUDIO/a4/ed/75789339b7fc5611b27ec4dfdaeaeaa49985.udd" 5139
"C:/Users/Yannick/AppData/Local/UnrealEngine/Common/DerivedDataCache/Buckets/LegacySTREAMEDAUDIO/b5/ad/1e40cb2deeaea40ad54e1e973e2ac3523633.udd" 5140
"C:/Users/Yannick/AppData/Local/UnrealEngine/Common/DerivedDataCache/Buckets/LegacySTREAMEDAUDIO/72/ae/9096194a39439e379d51a95161f1fbd625cf.udd" 5141
"C:/Users/Yannick/AppData/Local/UnrealEngine/Common/DerivedDataCache/Buckets/LegacySTREAMEDAUDIO/06/cb/7e38b581fa913276d773937eae267d4ec4fa.udd" 5142
"C:/Users/Yannick/AppData/Local/UnrealEngine/Common/DerivedDataCache/Buckets/LegacySTREAMEDAUDIO/06/36/d2d78df13557a3cb793bb822787d337f8de7.udd" 5143
"C:/Users/Yannick/AppData/Local/UnrealEngine/Common/DerivedDataCache/Buckets/LegacySTREAMEDAUDIO/8f/f4/fc4762515cdf7c6626c164dc403dd0830e33.udd" 5144
"C:/Users/Yannick/AppData/Local/UnrealEngine/Common/DerivedDataCache/Buckets/LegacySTREAMEDAUDIO/db/63/ea55ff0de373c7743f713495e66edac2fea7.udd" 5145
"C:/Users/Yannick/AppData/Local/UnrealEngine/Common/DerivedDataCache/Buckets/LegacySTREAMEDAUDIO/ae/05/d87052c48c74578108205c50b665307c8854.udd" 5146
"C:/Users/Yannick/AppData/Local/UnrealEngine/Common/DerivedDataCache/Buckets/LegacySTREAMEDAUDIO/eb/2e/0c00a066dec342a99e6078595126c5bc717b.udd" 5147
"C:/Users/Yannick/AppData/Local/UnrealEngine/Common/DerivedDataCache/Buckets/LegacySTREAMEDAUDIO/84/bf/f2d6be04f28870167b1b3da592eadbba7930.udd" 5148
"C:/Users/Yannick/AppData/Local/UnrealEngine/Common/DerivedDataCache/Buckets/LegacySTREAMEDAUDIO/5f/42/7ba357425191ef0cb8084d8c0bd89538cd7a.udd" 5149
"C:/Users/Yannick/AppData/Local/UnrealEngine/Common/DerivedDataCache/Buckets/LegacySTREAMEDAUDIO/0f/04/539aa8b7be0af2d4c85fe0cda5a5db1cb90c.udd" 5150
"C:/Users/Yannick/AppData/Local/UnrealEngine/Common/DerivedDataCache/Buckets/LegacySTREAMEDAUDIO/42/82/5c118bef0b92e27f36306206b573325c158e.udd" 5151
"C:/Users/Yannick/AppData/Local/UnrealEngine/Common/DerivedDataCache/Buckets/LegacySTREAMEDAUDIO/61/51/66d4a64eab1a7c18a13835359ce2892d9bc8.udd" 5152
"C:/Users/Yannick/AppData/Local/UnrealEngine/Common/DerivedDataCache/Buckets/LegacySTREAMEDAUDIO/f8/11/fab6fd4b96dadcebb3cadcb293dee9a919b9.udd" 5153
"C:/Users/Yannick/AppData/Local/UnrealEngine/Common/DerivedDataCache/Buckets/LegacySTREAMEDAUDIO/2b/e2/20e0e97704eda8201a52a9ff0c19024823dd.udd" 5154
"C:/Users/Yannick/AppData/Local/UnrealEngine/Common/DerivedDataCache/Buckets/LegacySTREAMEDAUDIO/38/04/66c1b7af660162f30f8406511469af954432.udd" 5155
"C:/Users/Yannick/AppData/Local/UnrealEngine/Common/DerivedDataCache/Buckets/LegacySTREAMEDAUDIO/00/f2/2d5d08596f2a007f860170114d8e37fc356e.udd" 5156
"C:/Users/Yannick/AppData/Local/UnrealEngine/Common/DerivedDataCache/Buckets/LegacySTREAMEDAUDIO/93/98/659d75084008470a87cd5444c62c8d14662c.udd" 5157
"C:/Users/Yannick/AppData/Local/UnrealEngine/Common/DerivedDataCache/Buckets/LegacySTREAMEDAUDIO/91/27/48669e69e3e7e2416e655b71bd84b17d44a4.udd" 5158
"C:/Users/Yannick/AppData/Local/UnrealEngine/Common/DerivedDataCache/Buckets/LegacySTREAMEDAUDIO/df/06/276521851bb44d6c73cbf6f36e145d8a09f9.udd" 5159
"C:/Users/Yannick/AppData/Local/UnrealEngine/Common/DerivedDataCache/Buckets/LegacySTREAMEDAUDIO/17/95/afa7531aed5176a520140b6e50255952bafc.udd" 5160
"C:/Users/Yannick/AppData/Local/UnrealEngine/Common/DerivedDataCache/Buckets/LegacySTREAMEDAUDIO/20/3b/3315357255d92591418f165a5be0294e8b77.udd" 5161
"C:/Users/Yannick/AppData/Local/UnrealEngine/Common/DerivedDataCache/Buckets/LegacySTREAMEDAUDIO/a7/80/5f2e88ed75a04f599f722e30cb0fdfd89ce2.udd" 5162
"C:/Users/Yannick/AppData/Local/UnrealEngine/Common/DerivedDataCache/Buckets/LegacySTREAMEDAUDIO/c8/61/ac6d4ec55fc5b91e027f31972b435ad61f5f.udd" 5163
"C:/Users/Yannick/AppData/Local/UnrealEngine/Common/DerivedDataCache/Buckets/LegacySTREAMEDAUDIO/3f/68/7fcca02c1ecb8b174b722ac72b8bee46debd.udd" 5164
"C:/Users/Yannick/AppData/Local/UnrealEngine/Common/DerivedDataCache/Buckets/LegacySTREAMEDAUDIO/18/91/59adf93e1b4bf69ac2b941bc0c0452c4531d.udd" 5165
"C:/Users/Yannick/AppData/Local/UnrealEngine/Common/DerivedDataCache/Buckets/LegacySTREAMEDAUDIO/7f/20/2b30c9ee3bb0c0110b84fdc4b24e511e1a00.udd" 5166
"C:/Users/Yannick/AppData/Local/UnrealEngine/Common/DerivedDataCache/Buckets/LegacySTREAMEDAUDIO/d8/de/2e21b267774e58acfa7445c81e5ea4303fff.udd" 5167
"C:/Users/Yannick/AppData/Local/UnrealEngine/Common/DerivedDataCache/Buckets/LegacySTREAMEDAUDIO/e7/5e/b49ce01b3774839e80c73b4548c74562cee0.udd" 5168
"../../../../../UnrealEngine_Project/Perpetual_Dependancy_Github/Perpetual_Dependancy/Perpetual_Dependancy/Content/StarterContent/Maps/StarterMap_BuiltData.uasset" 5169
"C:/Users/Yannick/AppData/Local/UnrealEngine/Common/DerivedDataCache/Buckets/LegacySTREAMEDAUDIO/dd/e4/23dc2306e7a2df401233f39f203e8a5c8e4b.udd" 5170
"C:/Users/Yannick/AppData/Local/UnrealEngine/Common/DerivedDataCache/Buckets/LegacySTREAMEDAUDIO/9c/68/ba0caebbac45fabe8497d2b8678e1ee76e10.udd" 5171
"C:/Users/Yannick/AppData/Local/UnrealEngine/Common/DerivedDataCache/Buckets/LegacySTREAMEDAUDIO/e4/f0/8eb32c2307d57fa0ac2c4aa35320514c5677.udd" 5172
"C:/Users/Yannick/AppData/Local/UnrealEngine/Common/DerivedDataCache/Buckets/LegacySTREAMEDAUDIO/1d/98/6d348f8f3308b2803a7782996e2ba94f3d0c.udd" 5173
"C:/Users/Yannick/AppData/Local/UnrealEngine/Common/DerivedDataCache/Buckets/LegacySTREAMEDAUDIO/38/df/6dbb0529eebae77d293d7c069d7ab09b4280.udd" 5174
"C:/Users/Yannick/AppData/Local/UnrealEngine/Common/DerivedDataCache/Buckets/LegacySTREAMEDAUDIO/2e/90/4435b0f855a784217f00ab367b1274a1bffc.udd" 5175
"C:/Users/Yannick/AppData/Local/UnrealEngine/Common/DerivedDataCache/Buckets/LegacySTREAMEDAUDIO/3f/29/a4e12c96c57b6b35288e1779a420aae17e28.udd" 5176
"C:/Users/Yannick/AppData/Local/UnrealEngine/Common/DerivedDataCache/Buckets/LegacySTREAMEDAUDIO/38/92/861b471f8b6913d4977c682b378b3943a2e9.udd" 5177
"C:/Users/Yannick/AppData/Local/UnrealEngine/Common/DerivedDataCache/Buckets/LegacySTREAMEDAUDIO/01/86/eb6b3bf0b9d86890f23f52881192b2f3463d.udd" 5178
"C:/Users/Yannick/AppData/Local/UnrealEngine/Common/DerivedDataCache/Buckets/LegacySTREAMEDAUDIO/85/7f/4bda606591bbba2a69a681673f250f170a12.udd" 5179
"C:/Users/Yannick/AppData/Local/UnrealEngine/Common/DerivedDataCache/Buckets/LegacySTREAMEDAUDIO/70/b9/2f695ad0c97e98cb06e560ca276184f78ba7.udd" 5180
"C:/Users/Yannick/AppData/Local/UnrealEngine/Common/DerivedDataCache/Buckets/LegacySTREAMEDAUDIO/5d/de/23a91f561dae4d089d9564a60eb7e8f3b52c.udd" 5181
"C:/Users/Yannick/AppData/Local/UnrealEngine/Common/DerivedDataCache/Buckets/LegacySTREAMEDAUDIO/2b/1c/f09c028165c3bcd1612c49e0ca8d78ecd7b6.udd" 5182
"C:/Users/Yannick/AppData/Local/UnrealEngine/Common/DerivedDataCache/Buckets/LegacySTREAMEDAUDIO/50/d6/08bccc0ab8fc9d6faa60bc17601c4fb4e926.udd" 5183
"C:/Users/Yannick/AppData/Local/UnrealEngine/Common/DerivedDataCache/Buckets/LegacySTREAMEDAUDIO/89/70/c8b59c132b4059852eae91350b693e7e423c.udd" 5184
"C:/Users/Yannick/AppData/Local/UnrealEngine/Common/DerivedDataCache/Buckets/LegacySTREAMEDAUDIO/20/14/75199af455b2b17a74741123e217d8b9d269.udd" 5185
"C:/Users/Yannick/AppData/Local/UnrealEngine/Common/DerivedDataCache/Buckets/LegacySTREAMEDAUDIO/e7/ed/f8b9ed781ca82a55cbef7709713fbda8be20.udd" 5186
"C:/Users/Yannick/AppData/Local/UnrealEngine/Common/DerivedDataCache/Buckets/LegacySTREAMEDAUDIO/46/74/5a6db0c6d97551e0df27717688245d203c36.udd" 5187
"C:/Users/Yannick/AppData/Local/UnrealEngine/Common/DerivedDataCache/Buckets/LegacySTREAMEDAUDIO/72/d5/430cbf42ad06dec48f627b3db2ab34710dd5.udd" 5188
"C:/Users/Yannick/AppData/Local/UnrealEngine/Common/DerivedDataCache/Buckets/LegacySTREAMEDAUDIO/19/87/f95702af8aad68bb31a168c7669af844e58a.udd" 5189
"C:/Users/Yannick/AppData/Local/UnrealEngine/Common/DerivedDataCache/Buckets/LegacySTREAMEDAUDIO/d6/82/2415906a060f9c662dc67ea28eae834f87af.udd" 5190
"C:/Users/Yannick/AppData/Local/UnrealEngine/Common/DerivedDataCache/Buckets/LegacySTREAMEDAUDIO/c1/ba/c44770d2ddc8f4d8ac123c361aa7050ecbc9.udd" 5191
"C:/Users/Yannick/AppData/Local/UnrealEngine/Common/DerivedDataCache/Buckets/LegacySTREAMEDAUDIO/e8/38/7b0a4a6cd575581a60a33fc908409fb62c9f.udd" 5192
"C:/Users/Yannick/AppData/Local/UnrealEngine/Common/DerivedDataCache/Buckets/LegacySTREAMEDAUDIO/09/17/77946a41dbff72389da1249ed9f3bd8ea9d9.udd" 5193
"C:/Users/Yannick/AppData/Local/UnrealEngine/Common/DerivedDataCache/Buckets/LegacySTREAMEDAUDIO/30/a0/07d3e855e5b64770051470e8829b26feb8d0.udd" 5194
"C:/Users/Yannick/AppData/Local/UnrealEngine/Common/DerivedDataCache/Buckets/LegacySTREAMEDAUDIO/35/05/a0f182add5a3a1390459e966adca207f2fae.udd" 5195
"C:/Users/Yannick/AppData/Local/UnrealEngine/Common/DerivedDataCache/Buckets/LegacySTREAMEDAUDIO/fc/df/9d2d36ad9924ec4f6066408e395046b04c98.udd" 5196
"C:/Users/Yannick/AppData/Local/UnrealEngine/Common/DerivedDataCache/Buckets/LegacySTREAMEDAUDIO/87/f9/2ea28dd23c688bcedb41a412f4f62a772433.udd" 5197
"C:/Users/Yannick/AppData/Local/UnrealEngine/Common/DerivedDataCache/Buckets/LegacySTREAMEDAUDIO/c8/99/9924342756ef37c7680d58932ce6f62abd6c.udd" 5198
"C:/Users/Yannick/AppData/Local/UnrealEngine/Common/DerivedDataCache/Buckets/LegacySTREAMEDAUDIO/85/4e/8313d018a4a7472cebc370dcf666e21fa54a.udd" 5199
"C:/Users/Yannick/AppData/Local/UnrealEngine/Common/DerivedDataCache/Buckets/LegacySTREAMEDAUDIO/c9/43/dade2b9fc17341c77d5be5ea88972e22f890.udd" 5200
"C:/Users/Yannick/AppData/Local/UnrealEngine/Common/DerivedDataCache/Buckets/LegacySTREAMEDAUDIO/fa/0d/e73b7ff0286f13ddb07b79190dad61648210.udd" 5201
"C:/Users/Yannick/AppData/Local/UnrealEngine/Common/DerivedDataCache/Buckets/LegacySTREAMEDAUDIO/65/fc/6aa8cc28f10ef805485aeb6e0ba9ffe2b010.udd" 5202
"C:/Users/Yannick/AppData/Local/UnrealEngine/Common/DerivedDataCache/Buckets/LegacySTREAMEDAUDIO/0b/68/c6d022ace178ced2c8df540d2d3db1791f32.udd" 5203
"C:/Users/Yannick/AppData/Local/UnrealEngine/Common/DerivedDataCache/Buckets/LegacySTREAMEDAUDIO/52/7b/aa81231de877439f5e29a898b825e321ea15.udd" 5204
"C:/Users/Yannick/AppData/Local/UnrealEngine/Common/DerivedDataCache/Buckets/LegacySTREAMEDAUDIO/3b/01/43297bf9040dc526f4df37084af918086aa2.udd" 5205
"C:/Users/Yannick/AppData/Local/UnrealEngine/Common/DerivedDataCache/Buckets/LegacySTREAMEDAUDIO/67/2f/70197bba9fa80ad9eb5a438f45fe7d9c7a93.udd" 5206
"C:/Users/Yannick/AppData/Local/UnrealEngine/Common/DerivedDataCache/Buckets/LegacySTREAMEDAUDIO/05/67/5c8cb49d9e94cab941ae630ed6948758e858.udd" 5207
"C:/Users/Yannick/AppData/Local/UnrealEngine/Common/DerivedDataCache/Buckets/LegacySTREAMEDAUDIO/5b/81/0b5cc803a1662a384901f46702848bb3b453.udd" 5208
"C:/Users/Yannick/AppData/Local/UnrealEngine/Common/DerivedDataCache/Buckets/LegacySTREAMEDAUDIO/5d/00/3d6a92cb4b2f3fdf9d8025395c7b2ea47772.udd" 5209
"C:/Users/Yannick/AppData/Local/UnrealEngine/Common/DerivedDataCache/Buckets/LegacySTREAMEDAUDIO/c3/4b/53301e45f120a06bec7021b3758a5b021c5c.udd" 5210
"C:/Users/Yannick/AppData/Local/UnrealEngine/Common/DerivedDataCache/Buckets/LegacySTREAMEDAUDIO/ba/ad/255b00d9ee64bad70c97bfc83c51fda92fb1.udd" 5211
"C:/Users/Yannick/AppData/Local/UnrealEngine/Common/DerivedDataCache/Buckets/LegacySTREAMEDAUDIO/61/28/a55848f893eb586a5ca9714327b30f0cb31e.udd" 5212
"C:/Users/Yannick/AppData/Local/UnrealEngine/Common/DerivedDataCache/Buckets/LegacySTREAMEDAUDIO/ea/7a/a14d6c58a804f037bd88c003740326548210.udd" 5213
"C:/Users/Yannick/AppData/Local/UnrealEngine/Common/DerivedDataCache/Buckets/LegacySTREAMEDAUDIO/7e/09/9ddf6da779ecdfaee46aa9a259f2c458cdfb.udd" 5214
"C:/Users/Yannick/AppData/Local/UnrealEngine/Common/DerivedDataCache/Buckets/LegacySTREAMEDAUDIO/4c/d3/033c8120d0cc3825f19dedc010c1a9d85d46.udd" 5215
"C:/Users/Yannick/AppData/Local/UnrealEngine/Common/DerivedDataCache/Buckets/LegacySTREAMEDAUDIO/00/dc/45fc57f959048f84ba0472f2fa10cf770c6e.udd" 5216
"C:/Users/Yannick/AppData/Local/UnrealEngine/Common/DerivedDataCache/Buckets/LegacySTREAMEDAUDIO/5d/f4/91f60a3149de4adf722ae33b611c13b7febf.udd" 5217
"C:/Users/Yannick/AppData/Local/UnrealEngine/Common/DerivedDataCache/Buckets/LegacySTREAMEDAUDIO/59/89/43cf768561d2a9eb88fa0a26b94216d05180.udd" 5218
"C:/Users/Yannick/AppData/Local/UnrealEngine/Common/DerivedDataCache/Buckets/LegacySTREAMEDAUDIO/22/b2/dfa102f469cb6da3e59a229f6227a58ab7cd.udd" 5219
"C:/Users/Yannick/AppData/Local/UnrealEngine/Common/DerivedDataCache/Buckets/LegacySTREAMEDAUDIO/8e/42/d7600080d9c9104a8a9136cf726c37f702b8.udd" 5220
"C:/Users/Yannick/AppData/Local/UnrealEngine/Common/DerivedDataCache/Buckets/LegacySTREAMEDAUDIO/9c/55/30ae08c352cbc43e99b8fd05cefe6a9f2736.udd" 5221
"C:/Users/Yannick/AppData/Local/UnrealEngine/Common/DerivedDataCache/Buckets/LegacySTREAMEDAUDIO/47/18/86683f04a91b7db67736c28168dac97bf769.udd" 5222
"C:/Users/Yannick/AppData/Local/UnrealEngine/Common/DerivedDataCache/Buckets/LegacySTREAMEDAUDIO/20/31/7cb790bbb396c8479de4ff81e57f5e821e8c.udd" 5223
"C:/Users/Yannick/AppData/Local/UnrealEngine/Common/DerivedDataCache/Buckets/LegacySTREAMEDAUDIO/2b/95/1795eb1717f1006e3c8f7ab6b1ace3a0dc9e.udd" 5224
"C:/Users/Yannick/AppData/Local/UnrealEngine/Common/DerivedDataCache/Buckets/LegacySTREAMEDAUDIO/d7/68/432395cb8618669c06b2f765769993df08a9.udd" 5225
"C:/Users/Yannick/AppData/Local/UnrealEngine/Common/DerivedDataCache/Buckets/LegacySTREAMEDAUDIO/07/c9/0111b529d62e3a07f0b2afcdb60f300e223e.udd" 5226
"C:/Users/Yannick/AppData/Local/UnrealEngine/Common/DerivedDataCache/Buckets/LegacySTREAMEDAUDIO/97/5b/617c0bec0a575488ab624e37354960fb148d.udd" 5227
"C:/Users/Yannick/AppData/Local/UnrealEngine/Common/DerivedDataCache/Buckets/LegacySTREAMEDAUDIO/49/6a/38bb58108b2507c8fb5a4e1da34e957a7c3f.udd" 5228
"C:/Users/Yannick/AppData/Local/UnrealEngine/Common/DerivedDataCache/Buckets/LegacySTREAMEDAUDIO/ff/56/afdd95a478e08c71192c67e1ee37bf12c5a5.udd" 5229
"C:/Users/Yannick/AppData/Local/UnrealEngine/Common/DerivedDataCache/Buckets/LegacySTREAMEDAUDIO/7a/10/748b24fe451930ccfe7b55a36229f2aea1db.udd" 5230
"C:/Users/Yannick/AppData/Local/UnrealEngine/Common/DerivedDataCache/Buckets/LegacySTREAMEDAUDIO/b9/5c/fd89e9896af551498750d8b5e4ebbd211f4a.udd" 5231
"C:/Users/Yannick/AppData/Local/UnrealEngine/Common/DerivedDataCache/Buckets/LegacySTREAMEDAUDIO/4f/47/ccaffbcd5a4182d8fbbc69f6558b8cf2bbb3.udd" 5232
"C:/Users/Yannick/AppData/Local/UnrealEngine/Common/DerivedDataCache/Buckets/LegacySTREAMEDAUDIO/8c/31/302570bbeededb008218d696f43fb2d2c5db.udd" 5233
"C:/Users/Yannick/AppData/Local/UnrealEngine/Common/DerivedDataCache/Buckets/LegacySTREAMEDAUDIO/6f/ca/fba44e6b5155088b206823224233d5e651e8.udd" 5234
"C:/Users/Yannick/AppData/Local/UnrealEngine/Common/DerivedDataCache/Buckets/LegacySTREAMEDAUDIO/ee/cb/309e968bc4990e739ef6a167879153637ebe.udd" 5235
"C:/Users/Yannick/AppData/Local/UnrealEngine/Common/DerivedDataCache/Buckets/LegacySTREAMEDAUDIO/63/c7/1a77a6eadb8d2a03bb299d628a1bc0d07045.udd" 5236
"C:/Users/Yannick/AppData/Local/UnrealEngine/Common/DerivedDataCache/Buckets/LegacyTEXTURE/63/13/632f9e33ff9077354641ea9746a422fe9d58.udd" 5237
"C:/Users/Yannick/AppData/Local/UnrealEngine/Common/DerivedDataCache/Buckets/LegacyTEXTURE/80/4e/4a0879c0d2e2432e0a660f470368cd823935.udd" 5238
"C:/Users/Yannick/AppData/Local/UnrealEngine/Common/DerivedDataCache/Buckets/LegacyTEXTURE/6c/82/0469bcdea1d8161be75df8a20599767c3a4b.udd" 5239
"C:/Users/Yannick/AppData/Local/UnrealEngine/Common/DerivedDataCache/Buckets/LegacyTEXTURE/dd/81/b05c0308fcabb31ce19cb9a33117300626da.udd" 5240
"C:/Users/Yannick/AppData/Local/UnrealEngine/Common/DerivedDataCache/Buckets/LegacyTEXTURE/56/1a/00ed794cff4a5b540ee5d3ab36255b56f109.udd" 5241
"C:/Users/Yannick/AppData/Local/UnrealEngine/Common/DerivedDataCache/Buckets/LegacyTEXTURE/50/f3/ef218184bc44da20e6fcf0722fe9ca45c32b.udd" 5242
"../../../../../UnrealEngine_Project/Perpetual_Dependancy_Github/Perpetual_Dependancy/Perpetual_Dependancy/Content/OurContent/Widgets/Ressources/Test_FrameWork.uasset" 5243
"C:/Users/Yannick/AppData/Local/UnrealEngine/Common/DerivedDataCache/Buckets/LegacyTEXTURE/8c/7d/f336fdf61c81c90b9d8f12f20e62695f6e22.udd" 5244
"C:/Users/Yannick/AppData/Local/UnrealEngine/Common/DerivedDataCache/Buckets/LegacyTEXTURE/89/53/0e96e313c4049b675b25e8c31911981ea6c9.udd" 5245
"C:/Users/Yannick/AppData/Local/UnrealEngine/Common/DerivedDataCache/Buckets/LegacyTEXTURE/47/fd/adf0922c77c4528a36c2e3abcb2fed49f758.udd" 5246
"C:/Users/Yannick/AppData/Local/UnrealEngine/Common/DerivedDataCache/Buckets/LegacySTREAMEDAUDIO/d8/47/94d7e642ad6fe67c4ddf7730472429cae4b5.udd" 5247
"C:/Users/Yannick/AppData/Local/UnrealEngine/Common/DerivedDataCache/Buckets/LegacySTREAMEDAUDIO/2b/89/4886510f742e899b55179236bddaf6836d2a.udd" 5248
"C:/Users/Yannick/AppData/Local/UnrealEngine/Common/DerivedDataCache/Buckets/LegacySTREAMEDAUDIO/1c/77/bb6c2a006c9031481f3d9da9fb2cb0d171a6.udd" 5249
"C:/Users/Yannick/AppData/Local/UnrealEngine/Common/DerivedDataCache/Buckets/LegacySTREAMEDAUDIO/ac/4e/df8f31f1a7a13367e0f6f76028b98f2772f8.udd" 5250
"C:/Users/Yannick/AppData/Local/UnrealEngine/Common/DerivedDataCache/Buckets/LegacySTREAMEDAUDIO/25/9a/975e7fac225271895aee6af8f59360d7a68f.udd" 5251
"C:/Users/Yannick/AppData/Local/UnrealEngine/Common/DerivedDataCache/Buckets/LegacySTREAMEDAUDIO/99/e7/e7db8a9b4054699c015b464fa880092a5b0b.udd" 5252
"C:/Users/Yannick/AppData/Local/UnrealEngine/Common/DerivedDataCache/Buckets/LegacySTREAMEDAUDIO/62/b4/24c2c5b0596308f73810b51b30c598e11503.udd" 5253
"C:/Users/Yannick/AppData/Local/UnrealEngine/Common/DerivedDataCache/Buckets/LegacySTREAMEDAUDIO/1b/25/25aeece5012d8db68e3bb3eca6592662b156.udd" 5254
"C:/Users/Yannick/AppData/Local/UnrealEngine/Common/DerivedDataCache/Buckets/LegacySTREAMEDAUDIO/e7/9c/d334fbe3bcf4c052b0abc537d1078d168200.udd" 5255
"C:/Users/Yannick/AppData/Local/UnrealEngine/Common/DerivedDataCache/Buckets/LegacySTREAMEDAUDIO/af/f4/5567460f4f9b3a786d34475ccbbca766ebb6.udd" 5256
"C:/Users/Yannick/AppData/Local/UnrealEngine/Common/DerivedDataCache/Buckets/LegacySTREAMEDAUDIO/e2/d1/17fdd9b45f5be20ad82dec7d42f9cc7cf4f9.udd" 5257
"C:/Users/Yannick/AppData/Local/UnrealEngine/Common/DerivedDataCache/Buckets/LegacySTREAMEDAUDIO/a1/d2/bd1533036e8910499042c94c7cd295341ac1.udd" 5258
"C:/Users/Yannick/AppData/Local/UnrealEngine/Common/DerivedDataCache/Buckets/LegacySTREAMEDAUDIO/24/08/92b35e322051175b320c0676fc34ae7cd2c2.udd" 5259
"C:/Users/Yannick/AppData/Local/UnrealEngine/Common/DerivedDataCache/Buckets/LegacySTREAMEDAUDIO/c9/7e/1158cf617fdcdc1e2289877bdeca1c7df3cb.udd" 5260
"C:/Users/Yannick/AppData/Local/UnrealEngine/Common/DerivedDataCache/Buckets/LegacySTREAMEDAUDIO/49/ff/38a46027ba60272630a60d51509472cdcea1.udd" 5261
"C:/Users/Yannick/AppData/Local/UnrealEngine/Common/DerivedDataCache/Buckets/LegacyTEXTURE/01/bc/ddd0d1da2c41f481438fb20c0e24822417f5.udd" 5262
"C:/Users/Yannick/AppData/Local/UnrealEngine/Common/DerivedDataCache/Buckets/LegacyTEXTURE/db/26/14838072ad49b4dcc5e132a3b0fc4fa2d098.udd" 5263
"../../../../../UnrealEngine_Project/Perpetual_Dependancy_Github/Perpetual_Dependancy/Perpetual_Dependancy/Content/OurContent/Widgets/Ressources/SoundButton.uasset" 5264
"C:/Users/Yannick/AppData/Local/UnrealEngine/Common/DerivedDataCache/Buckets/LegacySTREAMEDAUDIO/2e/ce/b3d2281b27738cdfff21f0b03c66d95c3d7b.udd" 5265
"C:/Users/Yannick/AppData/Local/UnrealEngine/Common/DerivedDataCache/Buckets/LegacySTREAMEDAUDIO/22/a2/2edec5c748b61c5fdbe0262b6eaaa4dd3aae.udd" 5266
"C:/Users/Yannick/AppData/Local/UnrealEngine/Common/DerivedDataCache/Buckets/LegacySTREAMEDAUDIO/b4/b9/3e1132096f20d22a94fffe6ff56c07d37d25.udd" 5267
"C:/Users/Yannick/AppData/Local/UnrealEngine/Common/DerivedDataCache/Buckets/LegacySTREAMEDAUDIO/64/b1/f669fc60aee85575a85be15268d939a401ca.udd" 5268
"C:/Users/Yannick/AppData/Local/UnrealEngine/Common/DerivedDataCache/Buckets/LegacySTREAMEDAUDIO/69/56/16019f9a5739e0c5cb425d6d8ead8cba1044.udd" 5269
"C:/Users/Yannick/AppData/Local/UnrealEngine/Common/DerivedDataCache/Buckets/LegacySTREAMEDAUDIO/8a/77/2c760b8ce074884f8cc4e53fdf9475a207a3.udd" 5270
"C:/Users/Yannick/AppData/Local/UnrealEngine/Common/DerivedDataCache/Buckets/LegacySTREAMEDAUDIO/2c/86/c728e3e6f4593f697cf162d571165d756b33.udd" 5271
"C:/Users/Yannick/AppData/Local/UnrealEngine/Common/DerivedDataCache/Buckets/LegacySTREAMEDAUDIO/3c/f9/6dbd3d58b549c889e3a1a086f253878841b2.udd" 5272
"C:/Users/Yannick/AppData/Local/UnrealEngine/Common/DerivedDataCache/Buckets/LegacySTREAMEDAUDIO/6a/2a/b6c1004bf89620eef8384c9e2608828cf9d3.udd" 5273
"C:/Users/Yannick/AppData/Local/UnrealEngine/Common/DerivedDataCache/Buckets/LegacySTREAMEDAUDIO/7d/ef/f15d4ad84d952bc1dd3eedffcdd4a418339b.udd" 5274
"C:/Users/Yannick/AppData/Local/UnrealEngine/Common/DerivedDataCache/Buckets/LegacySTREAMEDAUDIO/0f/47/4b4ef77ff787f4fc8b8796a6907daf1bc456.udd" 5275
"C:/Users/Yannick/AppData/Local/UnrealEngine/Common/DerivedDataCache/Buckets/LegacySTREAMEDAUDIO/00/7c/87a13519d8f803ab2c317550521235f93308.udd" 5276
"C:/Users/Yannick/AppData/Local/UnrealEngine/Common/DerivedDataCache/Buckets/LegacyTEXTURE/cd/90/1e20a7d946bb06eb52b11060a4dfdef35e68.udd" 5277
"C:/Users/Yannick/AppData/Local/UnrealEngine/Common/DerivedDataCache/Buckets/LegacyTEXTURE/e7/cf/2120875827d06ff674616fcf5355d586f871.udd" 5278
"C:/Users/Yannick/AppData/Local/UnrealEngine/Common/DerivedDataCache/Buckets/LegacySTREAMEDAUDIO/36/85/647c9050d5756a18aa6d071d30e29cf9099c.udd" 5279
"C:/Users/Yannick/AppData/Local/UnrealEngine/Common/DerivedDataCache/Buckets/LegacySTREAMEDAUDIO/14/c6/2b34eec77a20e22b293a2ebeeb7a3897c2d1.udd" 5280
"C:/Users/Yannick/AppData/Local/UnrealEngine/Common/DerivedDataCache/Buckets/LegacySTREAMEDAUDIO/14/95/6b9e090cde4c1bc10f9389e3c21b1f38e359.udd" 5281
"C:/Users/Yannick/AppData/Local/UnrealEngine/Common/DerivedDataCache/Buckets/LegacyTEXTURE/46/b2/a6bd0c2d0b7c36479522e33756c40fc7762e.udd" 5282
"../../../../../UnrealEngine_Project/Perpetual_Dependancy_Github/Perpetual_Dependancy/Perpetual_Dependancy/Content/OurContent/Widgets/Ressources/list_button_icon_flat_black_white_symmetric_squares_lines_sketch_6921469.uasset" 5283
"C:/Users/Yannick/AppData/Local/UnrealEngine/Common/DerivedDataCache/Buckets/LegacyTEXTURE/73/28/6670e748b3b61cb11749fda65c9bdd78b137.udd" 5284
"C:/Users/Yannick/AppData/Local/UnrealEngine/Common/DerivedDataCache/Buckets/LegacyTEXTURE/6e/39/dfe825d055af3d463663c40a3e4e65a4dadd.udd" 5285
"C:/Users/Yannick/AppData/Local/UnrealEngine/Common/DerivedDataCache/Buckets/LegacyTEXTURE/f3/9b/e93bf5c8ece93b4fdf23ccdb7c7abca64ad9.udd" 5286
"C:/Users/Yannick/AppData/Local/UnrealEngine/Common/DerivedDataCache/Buckets/LegacyTEXTURE/89/99/5cce56c3e9bb86020d224be8d13cf3cf343c.udd" 5287
"C:/Users/Yannick/AppData/Local/UnrealEngine/Common/DerivedDataCache/Buckets/LegacyTEXTURE/f2/b0/0120d13c89b9e66f280abebb91152dec30cf.udd" 5288
"C:/Users/Yannick/AppData/Local/UnrealEngine/Common/DerivedDataCache/Buckets/LegacySTREAMEDAUDIO/64/7c/51dd1b8f7cae952f2286bd325949e0c8adbf.udd" 5289
"C:/Users/Yannick/AppData/Local/UnrealEngine/Common/DerivedDataCache/Buckets/LegacySTREAMEDAUDIO/98/2a/a8ab4fa7dc8b6ef51fb002b25803de326f31.udd" 5290
"C:/Users/Yannick/AppData/Local/UnrealEngine/Common/DerivedDataCache/Buckets/LegacySTREAMEDAUDIO/b8/b5/c7193ff4eba58a35744c0b78fdfd59f19012.udd" 5291
"C:/Users/Yannick/AppData/Local/UnrealEngine/Common/DerivedDataCache/Buckets/LegacySTREAMEDAUDIO/6f/f3/dd1f101b5cbf2efc04fe639754987301af54.udd" 5292
"C:/Users/Yannick/AppData/Local/UnrealEngine/Common/DerivedDataCache/Buckets/LegacySTREAMEDAUDIO/94/3e/f0bfda39d7eb23c25cc00f9e05bb4f42095c.udd" 5293
"C:/Users/Yannick/AppData/Local/UnrealEngine/Common/DerivedDataCache/Buckets/LegacySTREAMEDAUDIO/98/dd/3770672d1502781515867bf5d811926ccef8.udd" 5294
"C:/Users/Yannick/AppData/Local/UnrealEngine/Common/DerivedDataCache/Buckets/LegacySTREAMEDAUDIO/c5/58/02dd540886e412d1ef48f3f88646febecd4d.udd" 5295
"C:/Users/Yannick/AppData/Local/UnrealEngine/Common/DerivedDataCache/Buckets/LegacySTREAMEDAUDIO/0f/3c/aa075da69e9aee5a4ef2d942183c15623534.udd" 5296
"C:/Users/Yannick/AppData/Local/UnrealEngine/Common/DerivedDataCache/Buckets/LegacySTREAMEDAUDIO/0e/25/ab48d4167af2f49c6a17cc83d0a0a9ce8e95.udd" 5297
"C:/Users/Yannick/AppData/Local/UnrealEngine/Common/DerivedDataCache/Buckets/LegacySTREAMEDAUDIO/23/ef/6935bcd36d1f56938f3f1d904d2b6e8134d9.udd" 5298
"C:/Users/Yannick/AppData/Local/UnrealEngine/Common/DerivedDataCache/Buckets/LegacySTREAMEDAUDIO/b2/66/28ab8c76719ca1880e328c6b64850d72567a.udd" 5299
"C:/Users/Yannick/AppData/Local/UnrealEngine/Common/DerivedDataCache/Buckets/LegacySTREAMEDAUDIO/9c/18/bfa1ebb0dc37e2afb197f32f2da1613e9a5c.udd" 5300
"C:/Users/Yannick/AppData/Local/UnrealEngine/Common/DerivedDataCache/Buckets/LegacySTREAMEDAUDIO/3e/f7/60096fa3de0093221e96e06efd50ebc6b1d9.udd" 5301
"C:/Users/Yannick/AppData/Local/UnrealEngine/Common/DerivedDataCache/Buckets/LegacySTREAMEDAUDIO/5f/0e/43d5aa7d90a59dfe3593c5e1cef4209c1617.udd" 5302
"C:/Users/Yannick/AppData/Local/UnrealEngine/Common/DerivedDataCache/Buckets/LegacySTREAMEDAUDIO/92/59/2e801d14907819f950cde2a0db093cb65ebf.udd" 5303
"C:/Users/Yannick/AppData/Local/UnrealEngine/Common/DerivedDataCache/Buckets/LegacySTREAMEDAUDIO/eb/ab/3ffbf70a97124c72282d66eb5d541537d8af.udd" 5304
"C:/Users/Yannick/AppData/Local/UnrealEngine/Common/DerivedDataCache/Buckets/LegacySTREAMEDAUDIO/22/2a/bf0808f7355d8cf2c1c7ee56e452fc3c89ed.udd" 5305
"C:/Users/Yannick/AppData/Local/UnrealEngine/Common/DerivedDataCache/Buckets/LegacySTREAMEDAUDIO/f3/15/d413acb041c6f58c0268785f237376a56808.udd" 5306
"C:/Users/Yannick/AppData/Local/UnrealEngine/Common/DerivedDataCache/Buckets/LegacySTREAMEDAUDIO/4b/64/78a14d3958f9803e2a44e7d0d57aa98131b0.udd" 5307
"C:/Users/Yannick/AppData/Local/UnrealEngine/Common/DerivedDataCache/Buckets/LegacySTREAMEDAUDIO/d5/c9/cb4cce090eae0075cd31e9916488c397a777.udd" 5308
"C:/Users/Yannick/AppData/Local/UnrealEngine/Common/DerivedDataCache/Buckets/LegacySTREAMEDAUDIO/59/09/f441533d168a17b47ecfb41f4c9dcd8fc6d0.udd" 5309
"C:/Users/Yannick/AppData/Local/UnrealEngine/Common/DerivedDataCache/Buckets/LegacySTREAMEDAUDIO/86/c0/e77b95217c46917d30c1d97fdf0892619bd1.udd" 5310
"C:/Users/Yannick/AppData/Local/UnrealEngine/Common/DerivedDataCache/Buckets/LegacySTREAMEDAUDIO/93/25/2e1b6ace07de3198c99b4ba480f27fa73f35.udd" 5311
"C:/Users/Yannick/AppData/Local/UnrealEngine/Common/DerivedDataCache/Buckets/LegacyTEXTURE/95/1d/7189e8c5f42f90056539612bdabb906f45ff.udd" 5312
"C:/Users/Yannick/AppData/Local/UnrealEngine/Common/DerivedDataCache/Buckets/LegacyTEXTURE/7e/5a/eade543dc2dad305341dd8f27f13fcddf621.udd" 5313
"C:/Users/Yannick/AppData/Local/UnrealEngine/Common/DerivedDataCache/Buckets/LegacySTREAMEDAUDIO/2c/7f/10a2d1a11ed09db0841a75ed5cfa969704ed.udd" 5314
"C:/Users/Yannick/AppData/Local/UnrealEngine/Common/DerivedDataCache/Buckets/LegacySTREAMEDAUDIO/3b/47/e4aa5878619af647a39c6feb45630f81cb9c.udd" 5315
"C:/Users/Yannick/AppData/Local/UnrealEngine/Common/DerivedDataCache/Buckets/LegacySTREAMEDAUDIO/e1/43/047ad779d8e082a1763fd3c72c4c9d2d74b9.udd" 5316
"C:/Users/Yannick/AppData/Local/UnrealEngine/Common/DerivedDataCache/Buckets/LegacySTREAMEDAUDIO/ab/68/27203d4ca048345da2685dade85189ce959c.udd" 5317
"C:/Users/Yannick/AppData/Local/UnrealEngine/Common/DerivedDataCache/Buckets/LegacySTREAMEDAUDIO/0e/76/e6b675adf3bdf9a956c79af46c8f049bb8f6.udd" 5318
"C:/Users/Yannick/AppData/Local/UnrealEngine/Common/DerivedDataCache/Buckets/LegacyTEXTURE/5f/f6/dd58e7cfb9782d14d404fca29578e251db1f.udd" 5319
"C:/Users/Yannick/AppData/Local/UnrealEngine/Common/DerivedDataCache/Buckets/LegacyTEXTURE/f6/29/6beece3520dfcdb58f69b5e669d5c8921902.udd" 5320
"C:/Users/Yannick/AppData/Local/UnrealEngine/Common/DerivedDataCache/Content/a7/bd/e6520aebe4701c6524c3bdac1ac7f38dadaf.udd" 5321
"C:/Users/Yannick/AppData/Local/UnrealEngine/Common/DerivedDataCache/Buckets/LegacyTEXTURE/1c/31/8e07d28b8488ab60e5b9e091515929122035.udd" 5322
"C:/Users/Yannick/AppData/Local/UnrealEngine/Common/DerivedDataCache/Buckets/LegacyTEXTURE/68/67/05e22e86e23c3c9f96be1cf1dee68024c75e.udd" 5323
"C:/Users/Yannick/AppData/Local/UnrealEngine/Common/DerivedDataCache/Content/41/7e/4c199f3f0be1909e3eb07bd663e329510087.udd" 5324
"C:/Users/Yannick/AppData/Local/UnrealEngine/Common/DerivedDataCache/Buckets/LegacyTEXTURE/f4/1e/df32e6e19897a4ced1786d9fbccd90cf5b39.udd" 5325
"C:/Users/Yannick/AppData/Local/UnrealEngine/Common/DerivedDataCache/Buckets/LegacyTEXTURE/d4/98/16abe4562d919d2b5c3cec7eb61978dae559.udd" 5326
"C:/Users/Yannick/AppData/Local/UnrealEngine/Common/DerivedDataCache/Content/b2/0b/58d15682ffd505f17447e508075f28fdce84.udd" 5327
"C:/Users/Yannick/AppData/Local/UnrealEngine/Common/DerivedDataCache/Buckets/LegacyTEXTURE/4d/fe/66a9459af1063854c43a8734ec3a67a5d852.udd" 5328
"C:/Users/Yannick/AppData/Local/UnrealEngine/Common/DerivedDataCache/Buckets/LegacyTEXTURE/f3/23/d27578f26f21307641a53089dc74b4fb9a83.udd" 5329
"C:/Users/Yannick/AppData/Local/UnrealEngine/Common/DerivedDataCache/Buckets/LegacySTREAMEDAUDIO/01/fe/6b54406dc1c47d0e9ba80300bd68ec16a191.udd" 5330
"C:/Users/Yannick/AppData/Local/UnrealEngine/Common/DerivedDataCache/Buckets/LegacySTREAMEDAUDIO/a5/a6/034b7dba1effbf9c5454930c4c35de844c95.udd" 5331
"C:/Users/Yannick/AppData/Local/UnrealEngine/Common/DerivedDataCache/Buckets/LegacySTREAMEDAUDIO/1e/05/fd016ee6138fc339ec41830afbc1aed71ecc.udd" 5332
"C:/Users/Yannick/AppData/Local/UnrealEngine/Common/DerivedDataCache/Buckets/LegacySTREAMEDAUDIO/91/86/dede4d278b7374dc60d51de778717a2de121.udd" 5333
"C:/Users/Yannick/AppData/Local/UnrealEngine/Common/DerivedDataCache/Buckets/LegacySTREAMEDAUDIO/6b/59/ea8902dd836cfd16e7b79346494bc2a7e5e1.udd" 5334
"C:/Users/Yannick/AppData/Local/UnrealEngine/Common/DerivedDataCache/Buckets/LegacySTREAMEDAUDIO/5a/3a/b6ffeb463e3787734e26a29db4d2d31439fa.udd" 5335
"C:/Users/Yannick/AppData/Local/UnrealEngine/Common/DerivedDataCache/Buckets/LegacySTREAMEDAUDIO/cf/56/b99af2f9cc158a9a9854f176e146f4febb4e.udd" 5336
"C:/Users/Yannick/AppData/Local/UnrealEngine/Common/DerivedDataCache/Buckets/LegacySTREAMEDAUDIO/b1/f3/775497bbd77e4f2755a0a80a9c542279bd41.udd" 5337
"C:/Users/Yannick/AppData/Local/UnrealEngine/Common/DerivedDataCache/Buckets/LegacySTREAMEDAUDIO/71/27/990518d4f387705747e1b86ba3a11aa8cb50.udd" 5338
"C:/Users/Yannick/AppData/Local/UnrealEngine/Common/DerivedDataCache/Buckets/LegacySTREAMEDAUDIO/e3/75/397bd42f98bfc6f146519a35118aa7fc5f78.udd" 5339
"C:/Users/Yannick/AppData/Local/UnrealEngine/Common/DerivedDataCache/Buckets/LegacySTREAMEDAUDIO/fa/ec/19b010f4bc956b9a46f9f5f70e40a91992f7.udd" 5340
"C:/Users/Yannick/AppData/Local/UnrealEngine/Common/DerivedDataCache/Buckets/LegacySTREAMEDAUDIO/09/da/8d71f075939e62e7807e3d0e0c800855e725.udd" 5341
"C:/Users/Yannick/AppData/Local/UnrealEngine/Common/DerivedDataCache/Buckets/LegacySTREAMEDAUDIO/e9/6c/5fd0544e965c6c06b52ea29725bbc8245e08.udd" 5342
"C:/Users/Yannick/AppData/Local/UnrealEngine/Common/DerivedDataCache/Buckets/LegacySTREAMEDAUDIO/34/35/84c4f4cb762f260b7c51c696a5ae849ceadc.udd" 5343
"C:/Users/Yannick/AppData/Local/UnrealEngine/Common/DerivedDataCache/Buckets/LegacySTREAMEDAUDIO/f0/ab/1926f8734c92555d4a96e509b8ad10ff58f4.udd" 5344
"C:/Users/Yannick/AppData/Local/UnrealEngine/Common/DerivedDataCache/Buckets/LegacySTREAMEDAUDIO/d4/0d/488d31d105c4ee82e7cd6b3acc579327b2a9.udd" 5345
"C:/Users/Yannick/AppData/Local/UnrealEngine/Common/DerivedDataCache/Buckets/LegacySTREAMEDAUDIO/3b/a2/61eb814aca1264688360c2f9f15f2ad01290.udd" 5346
"C:/Users/Yannick/AppData/Local/UnrealEngine/Common/DerivedDataCache/Buckets/LegacySTREAMEDAUDIO/de/ce/edb860ab8b3dd278b7b6d66eb3e3d304784b.udd" 5347
"C:/Users/Yannick/AppData/Local/UnrealEngine/Common/DerivedDataCache/Buckets/LegacySTREAMEDAUDIO/da/46/5e49733e6cac476580c8c40487282cc4be9d.udd" 5348
"C:/Users/Yannick/AppData/Local/UnrealEngine/Common/DerivedDataCache/Buckets/LegacyTEXTURE/75/06/84557d89f0f88ed6c6a17d7d828b4cb84552.udd" 5349
"C:/Users/Yannick/AppData/Local/UnrealEngine/Common/DerivedDataCache/Buckets/LegacyTEXTURE/f3/84/0f07dda33af1ae4aaffa627059a0fc495638.udd" 5350
"C:/Users/Yannick/AppData/Local/UnrealEngine/Common/DerivedDataCache/Buckets/LegacyTEXTURE/36/b6/7d10923807ba0c5966f26aa29958324c0b99.udd" 5351
"C:/Users/Yannick/AppData/Local/UnrealEngine/Common/DerivedDataCache/Buckets/LegacyTEXTURE/4d/42/1f0d50019e490573902486a4621fde47e813.udd" 5352
"C:/Users/Yannick/AppData/Local/UnrealEngine/Common/DerivedDataCache/Buckets/LegacyTEXTURE/d2/c8/288f4c490775a66233b0279b91541531c546.udd" 5353
"C:/Users/Yannick/AppData/Local/UnrealEngine/Common/DerivedDataCache/Content/12/95/83ede002050043b876c53edd14c71b8e5b24.udd" 5354
"C:/Users/Yannick/AppData/Local/UnrealEngine/Common/DerivedDataCache/Buckets/LegacyTEXTURE/e8/9b/26c968e6d891afad71694e2ccba1a3bc203a.udd" 5355
"C:/Users/Yannick/AppData/Local/UnrealEngine/Common/DerivedDataCache/Buckets/LegacyTEXTURE/59/0e/006ad1f77112c316f26c3e83954c261b6567.udd" 5356
"C:/Users/Yannick/AppData/Local/UnrealEngine/Common/DerivedDataCache/Buckets/LegacyTEXTURE/3b/e7/1904d9003073de6108531fb31c04cb70fc4f.udd" 5357
"C:/Users/Yannick/AppData/Local/UnrealEngine/Common/DerivedDataCache/Buckets/LegacyTEXTURE/06/20/4b30e52610f2881213069a3f9198fc21d962.udd" 5358
"C:/Users/Yannick/AppData/Local/UnrealEngine/Common/DerivedDataCache/Buckets/LegacyTEXTURE/3e/88/46159a9a1b7c0feaacc0482a51b4f954a963.udd" 5359
"C:/Users/Yannick/AppData/Local/UnrealEngine/Common/DerivedDataCache/Buckets/LegacyTEXTURE/68/ab/5328ac1c924dc03df09c4bb2f62049eef9d6.udd" 5360
"C:/Users/Yannick/AppData/Local/UnrealEngine/Common/DerivedDataCache/Buckets/LegacyTEXTURE/23/16/18f3f14560995f818706f5305330f900b8cd.udd" 5361
"C:/Users/Yannick/AppData/Local/UnrealEngine/Common/DerivedDataCache/Buckets/LegacyTEXTURE/48/ba/bc301d6028a9d22004f2410ca631f104ad97.udd" 5362
"C:/Users/Yannick/AppData/Local/UnrealEngine/Common/DerivedDataCache/Buckets/LegacyTEXTURE/c1/72/5a2d4aaaa513c6ba7898de00913d633c358d.udd" 5363
"C:/Users/Yannick/AppData/Local/UnrealEngine/Common/DerivedDataCache/Buckets/LegacyTEXTURE/f7/39/47a2781362ac4f5e09bea4360520604ef3c5.udd" 5364
"C:/Users/Yannick/AppData/Local/UnrealEngine/Common/DerivedDataCache/Buckets/LegacyTEXTURE/24/d6/66b618231a1cd63319957b4aeab5bb11774a.udd" 5365
"C:/Users/Yannick/AppData/Local/UnrealEngine/Common/DerivedDataCache/Buckets/LegacyTEXTURE/9c/e6/f96c510c97818e08b52030900af59c07d7c5.udd" 5366
"C:/Users/Yannick/AppData/Local/UnrealEngine/Common/DerivedDataCache/Buckets/LegacyTEXTURE/7d/84/4d897681449a5b1c4ad68c7f2dfa45b7027c.udd" 5367
"C:/Users/Yannick/AppData/Local/UnrealEngine/Common/DerivedDataCache/Buckets/LegacyTEXTURE/a2/9c/1d1d6cef8b0c054928a573b286c741820c8e.udd" 5368
"C:/Users/Yannick/AppData/Local/UnrealEngine/Common/DerivedDataCache/Buckets/LegacyTEXTURE/72/45/1427d763f08e5e17b32469cc52fbd6054f8f.udd" 5369
"C:/Users/Yannick/AppData/Local/UnrealEngine/Common/DerivedDataCache/Buckets/LegacyTEXTURE/65/af/96c9daa70e6180f8ddc86cdb33e5b2253328.udd" 5370
"C:/Users/Yannick/AppData/Local/UnrealEngine/Common/DerivedDataCache/Buckets/LegacyTEXTURE/17/73/6e53bc8dc463c306fa5f4d18dedf1a4e9d83.udd" 5371
"C:/Users/Yannick/AppData/Local/UnrealEngine/Common/DerivedDataCache/Buckets/LegacyTEXTURE/ad/47/13e1f47679273e5a8bf4d55451e134a7b585.udd" 5372
"C:/Users/Yannick/AppData/Local/UnrealEngine/Common/DerivedDataCache/Buckets/LegacyTEXTURE/d1/e8/482e93333c483eae2e81b8e59509b9335bb5.udd" 5373
"C:/Users/Yannick/AppData/Local/UnrealEngine/Common/DerivedDataCache/Buckets/LegacyTEXTURE/c6/5a/468d7ffe3aea252565ff6cd5006ded7e99bc.udd" 5374
"C:/Users/Yannick/AppData/Local/UnrealEngine/Common/DerivedDataCache/Buckets/LegacyTEXTURE/88/18/a0b49a06103d2e624f23953e0bfc980987a3.udd" 5375
"C:/Users/Yannick/AppData/Local/UnrealEngine/Common/DerivedDataCache/Buckets/LegacyTEXTURE/e9/68/bd36a13a563a0de806e3df054b0edb903ed6.udd" 5376
"C:/Users/Yannick/AppData/Local/UnrealEngine/Common/DerivedDataCache/Buckets/LegacyTEXTURE/46/3f/fac081546dd44f37b4784349434957673990.udd" 5377
"C:/Users/Yannick/AppData/Local/UnrealEngine/Common/DerivedDataCache/Buckets/LegacySTREAMEDAUDIO/b3/a9/8f6a35a0e6de52f77ea5d8eeb234e6c24287.udd" 5378
"C:/Users/Yannick/AppData/Local/UnrealEngine/Common/DerivedDataCache/Buckets/LegacySTREAMEDAUDIO/8d/3a/2cc87273a2b8e5ccd02985a1b839e09aa98b.udd" 5379
"C:/Users/Yannick/AppData/Local/UnrealEngine/Common/DerivedDataCache/Buckets/LegacySTREAMEDAUDIO/a4/d7/0a13b82ada7347d3692ab78326d97a1ea005.udd" 5380
"C:/Users/Yannick/AppData/Local/UnrealEngine/Common/DerivedDataCache/Buckets/LegacySTREAMEDAUDIO/d7/21/36c9d24465ac959757194d0b388f4f3f0b38.udd" 5381
"C:/Users/Yannick/AppData/Local/UnrealEngine/Common/DerivedDataCache/Buckets/LegacySTREAMEDAUDIO/27/61/8b0e190c4a588e4f0f089ec6332a1076724f.udd" 5382
"C:/Users/Yannick/AppData/Local/UnrealEngine/Common/DerivedDataCache/Buckets/LegacySTREAMEDAUDIO/8e/74/4653bdf7d35e472d08873c414e034a70fd72.udd" 5383
"C:/Users/Yannick/AppData/Local/UnrealEngine/Common/DerivedDataCache/Buckets/LegacySTREAMEDAUDIO/96/c6/a3642796276bbb36c309e68474027fb2aac9.udd" 5384
"C:/Users/Yannick/AppData/Local/UnrealEngine/Common/DerivedDataCache/Buckets/LegacySTREAMEDAUDIO/f3/f1/8dbd5bf467ecb7db310330e074ce0077bfdb.udd" 5385
"C:/Users/Yannick/AppData/Local/UnrealEngine/Common/DerivedDataCache/Buckets/LegacySTREAMEDAUDIO/80/d4/34101f8e8e8021a25b3c89f431b7a44dc39f.udd" 5386
"C:/Users/Yannick/AppData/Local/UnrealEngine/Common/DerivedDataCache/Buckets/LegacySTREAMEDAUDIO/47/6f/e25a0fceded0dce5a701ab208ffe60ec5db0.udd" 5387
"C:/Users/Yannick/AppData/Local/UnrealEngine/Common/DerivedDataCache/Buckets/LegacySTREAMEDAUDIO/75/be/31c0e503c245cd0ba8469732093214dea543.udd" 5388
"C:/Users/Yannick/AppData/Local/UnrealEngine/Common/DerivedDataCache/Buckets/LegacySTREAMEDAUDIO/d9/fa/cad898092f0bc50aaed9235a0ae44e737183.udd" 5389
"C:/Users/Yannick/AppData/Local/UnrealEngine/Common/DerivedDataCache/Buckets/LegacyTEXTURE/d6/1b/50d3b3f0c9268d6e34f385b7e1e28d24e913.udd" 5390
"C:/Users/Yannick/AppData/Local/UnrealEngine/Common/DerivedDataCache/Buckets/LegacyTEXTURE/1f/91/85b5d56a88b5102bd48cf87e08654b1e85fb.udd" 5391
"C:/Users/Yannick/AppData/Local/UnrealEngine/Common/DerivedDataCache/Buckets/LegacyTEXTURE/a8/0b/a7d1336f09b612a84f584139f0c9d163e254.udd" 5392
"C:/Users/Yannick/AppData/Local/UnrealEngine/Common/DerivedDataCache/Buckets/LegacyTEXTURE/e8/3a/6f8294f5691eeb1c61fa43eb82fd30af4872.udd" 5393
"C:/Users/Yannick/AppData/Local/UnrealEngine/Common/DerivedDataCache/Buckets/LegacyTEXTURE/f8/00/e18456026d7faa49299347642819734828a1.udd" 5394
"C:/Users/Yannick/AppData/Local/UnrealEngine/Common/DerivedDataCache/Buckets/LegacyTEXTURE/62/f0/f3cdc7361c3e0d182b36b501c8306a901ddb.udd" 5395
"C:/Users/Yannick/AppData/Local/UnrealEngine/Common/DerivedDataCache/Buckets/LegacyTEXTURE/0b/ea/9ebdf1f977f39d0e85141c15daf4e57db24e.udd" 5396
"C:/Users/Yannick/AppData/Local/UnrealEngine/Common/DerivedDataCache/Buckets/LegacySTREAMEDAUDIO/69/68/0bf36ae711f12564ccf4fb3a273c3e8a9bd9.udd" 5397
"C:/Users/Yannick/AppData/Local/UnrealEngine/Common/DerivedDataCache/Buckets/LegacySTREAMEDAUDIO/6b/fe/0a4dda0c51dcba16690e88d905624bfb37b3.udd" 5398
"C:/Users/Yannick/AppData/Local/UnrealEngine/Common/DerivedDataCache/Buckets/LegacySTREAMEDAUDIO/66/38/e6d919b9e2da949635a5be59a87e4607d711.udd" 5399
"C:/Users/Yannick/AppData/Local/UnrealEngine/Common/DerivedDataCache/Buckets/LegacyTEXTURE/1d/f1/4178c268da2bf4c5bc8648cdbc6c94c7aa67.udd" 5400
"C:/Users/Yannick/AppData/Local/UnrealEngine/Common/DerivedDataCache/Buckets/LegacyTEXTURE/c6/4e/5486541737682dda4909aeb8ed0e9b6c8eb2.udd" 5401
"C:/Users/Yannick/AppData/Local/UnrealEngine/Common/DerivedDataCache/Buckets/LegacyTEXTURE/ce/ad/008091a0a5e58062f7fa2f0efce04347bbe9.udd" 5402
"C:/Users/Yannick/AppData/Local/UnrealEngine/Common/DerivedDataCache/Buckets/LegacyTEXTURE/a6/55/dcabf39b43ed851221a9c6705d02688f8f8b.udd" 5403
"C:/Users/Yannick/AppData/Local/UnrealEngine/Common/DerivedDataCache/Buckets/LegacyTEXTURE/51/e7/4c7a55fe0d4920643a7584cf06317276cbdb.udd" 5404
"C:/Users/Yannick/AppData/Local/UnrealEngine/Common/DerivedDataCache/Buckets/LegacyTEXTURE/4f/aa/f8404fa9d654ccd6636b70802fd9685ce574.udd" 5405
"C:/Users/Yannick/AppData/Local/UnrealEngine/Common/DerivedDataCache/Content/2b/bf/45f9497fc3f7ecf04bff36a2a59dda75ddd5.udd" 5406
"C:/Users/Yannick/AppData/Local/UnrealEngine/Common/DerivedDataCache/Buckets/LegacyTEXTURE/11/a8/8fbe442aadfaf55118de0982706288681deb.udd" 5407
"C:/Users/Yannick/AppData/Local/UnrealEngine/Common/DerivedDataCache/Buckets/LegacyTEXTURE/db/c0/156bba398e316b6cc7fec6e0d9d42e9fdde4.udd" 5408
"C:/Users/Yannick/AppData/Local/UnrealEngine/Common/DerivedDataCache/Buckets/LegacyTEXTURE/c2/17/94ba4374e7003173696023828670175686ac.udd" 5409
"C:/Users/Yannick/AppData/Local/UnrealEngine/Common/DerivedDataCache/Buckets/LegacyTEXTURE/f5/52/915fef44e0dfda4fa0ea9e577600cc2f1c70.udd" 5410
"C:/Users/Yannick/AppData/Local/UnrealEngine/Common/DerivedDataCache/Buckets/LegacyTEXTURE/a5/df/16dc56b9549afd1c547900424707971597aa.udd" 5411
"C:/Users/Yannick/AppData/Local/UnrealEngine/Common/DerivedDataCache/Buckets/LegacyTEXTURE/a9/87/f2da6c9880d8d44b105ba10eaed73f39e7a9.udd" 5412
"C:/Users/Yannick/AppData/Local/UnrealEngine/Common/DerivedDataCache/Buckets/LegacyTEXTURE/3b/81/91b00ff2ed33e5acb4a120ccacf1c139c226.udd" 5413
"C:/Users/Yannick/AppData/Local/UnrealEngine/Common/DerivedDataCache/Buckets/LegacyTEXTURE/a1/3f/eb2ef794af3d7cecf6fe23559610542d9152.udd" 5414
"C:/Users/Yannick/AppData/Local/UnrealEngine/Common/DerivedDataCache/Buckets/LegacyTEXTURE/96/94/c620db2026be2ddc1e466f36fca75f5b4dca.udd" 5415
"C:/Users/Yannick/AppData/Local/UnrealEngine/Common/DerivedDataCache/Buckets/LegacyTEXTURE/86/30/d289d0e214fd091b57290c3a4b34216f30df.udd" 5416
"C:/Users/Yannick/AppData/Local/UnrealEngine/Common/DerivedDataCache/Buckets/LegacyTEXTURE/88/1b/6187df16ddc09d3dbf584d86516358949817.udd" 5417
"C:/Users/Yannick/AppData/Local/UnrealEngine/Common/DerivedDataCache/Buckets/LegacyTEXTURE/08/8f/8b1611a35d13f83868dce21bd4ac249037cb.udd" 5418
"C:/Users/Yannick/AppData/Local/UnrealEngine/Common/DerivedDataCache/Buckets/LegacyTEXTURE/b0/a7/23aefc1dcefb7c12d78cfddfa49118ea1f8d.udd" 5419
"C:/Users/Yannick/AppData/Local/UnrealEngine/Common/DerivedDataCache/Buckets/LegacyTEXTURE/d9/b4/100e39d6158deda7e75aee577ee231deb96c.udd" 5420
"C:/Users/Yannick/AppData/Local/UnrealEngine/Common/DerivedDataCache/Buckets/LegacyTEXTURE/36/2b/525adc3ebcc818a5a35ad32e1b0d1e088f2d.udd" 5421
"C:/Users/Yannick/AppData/Local/UnrealEngine/Common/DerivedDataCache/Buckets/LegacyTEXTURE/02/af/278c003f897de84aab60af7fb3ddd492287e.udd" 5422
"C:/Users/Yannick/AppData/Local/UnrealEngine/Common/DerivedDataCache/Buckets/LegacyTEXTURE/4d/7b/e3cb8d3d3a463861b7047dcd116f6f70682c.udd" 5423
"C:/Users/Yannick/AppData/Local/UnrealEngine/Common/DerivedDataCache/Buckets/LegacyTEXTURE/0b/53/6d9301300f9302fd3a518607457736cc85f2.udd" 5424
"C:/Users/Yannick/AppData/Local/UnrealEngine/Common/DerivedDataCache/Buckets/LegacyTEXTURE/47/5d/03c632764825b1df04cd6f8cb59d6bd7a65e.udd" 5425
"C:/Users/Yannick/AppData/Local/UnrealEngine/Common/DerivedDataCache/Buckets/LegacyTEXTURE/0c/e6/c2709a0170950f8eb27570f3bc29724d5266.udd" 5426
"C:/Users/Yannick/AppData/Local/UnrealEngine/Common/DerivedDataCache/Buckets/LegacyTEXTURE/20/31/d8e9b23a9263b97df3b280a715e5fe2293fd.udd" 5427
"C:/Users/Yannick/AppData/Local/UnrealEngine/Common/DerivedDataCache/Buckets/LegacyTEXTURE/26/63/6b9b96e6edde3553b1385f08f3ec20397714.udd" 5428
"C:/Users/Yannick/AppData/Local/UnrealEngine/Common/DerivedDataCache/Buckets/LegacySTREAMEDAUDIO/d3/a7/9af8394f5c897f64569ebe9bcc150ba87c36.udd" 5429
"C:/Users/Yannick/AppData/Local/UnrealEngine/Common/DerivedDataCache/Buckets/LegacySTREAMEDAUDIO/16/7f/4f9b6511a5a55c504cabb1900e41735706ff.udd" 5430
"C:/Users/Yannick/AppData/Local/UnrealEngine/Common/DerivedDataCache/Buckets/LegacySTREAMEDAUDIO/50/78/47892ef454a06c3b22a528d7ac78b8ec8aa3.udd" 5431
"C:/Users/Yannick/AppData/Local/UnrealEngine/Common/DerivedDataCache/Buckets/LegacySTREAMEDAUDIO/af/f2/63533e5da08e3d199c70a096ce780da45142.udd" 5432
"C:/Users/Yannick/AppData/Local/UnrealEngine/Common/DerivedDataCache/Buckets/LegacySTREAMEDAUDIO/b1/9e/59127c38724f704499177412f5075b63bb9f.udd" 5433
"C:/Users/Yannick/AppData/Local/UnrealEngine/Common/DerivedDataCache/Buckets/LegacySTREAMEDAUDIO/08/ab/19d62ddb50ba505e1954add820a72ded09b6.udd" 5434
"C:/Users/Yannick/AppData/Local/UnrealEngine/Common/DerivedDataCache/Buckets/LegacySTREAMEDAUDIO/9a/90/7dbdfeebd853766211847780935c702e0c7a.udd" 5435
"C:/Users/Yannick/AppData/Local/UnrealEngine/Common/DerivedDataCache/Buckets/LegacySTREAMEDAUDIO/3a/94/41021164e338beb93b556c6c42aaf1e44491.udd" 5436
"C:/Users/Yannick/AppData/Local/UnrealEngine/Common/DerivedDataCache/Buckets/LegacySTREAMEDAUDIO/14/41/287e7aa6d19482c539d22df4fc69b3fbe0d8.udd" 5437
"C:/Users/Yannick/AppData/Local/UnrealEngine/Common/DerivedDataCache/Buckets/LegacySTREAMEDAUDIO/ac/79/fba427809769f2180f17c556b0a1886e96cd.udd" 5438
"C:/Users/Yannick/AppData/Local/UnrealEngine/Common/DerivedDataCache/Buckets/LegacySTREAMEDAUDIO/b5/30/c7e1cbde4f1ffa5ab68d33fe0482e825c49b.udd" 5439
"C:/Users/Yannick/AppData/Local/UnrealEngine/Common/DerivedDataCache/Buckets/LegacySTREAMEDAUDIO/00/7c/682d954f447765c1e879e67ccb17f87b2e26.udd" 5440
"C:/Users/Yannick/AppData/Local/UnrealEngine/Common/DerivedDataCache/Buckets/LegacySTREAMEDAUDIO/19/4c/25cd52577f8fc6dded6a82917aa3225a5b2a.udd" 5441
"C:/Users/Yannick/AppData/Local/UnrealEngine/Common/DerivedDataCache/Buckets/LegacySTREAMEDAUDIO/43/ed/435ef6f79396ed734f5b48972684f9205f5f.udd" 5442
"C:/Users/Yannick/AppData/Local/UnrealEngine/Common/DerivedDataCache/Buckets/LegacyTEXTURE/7d/be/066f837094d828886dd620fb4cc37eff973c.udd" 5443
"C:/Users/Yannick/AppData/Local/UnrealEngine/Common/DerivedDataCache/Buckets/LegacyTEXTURE/60/a6/8e02be8518f3a01aa7712387165fa0efb29b.udd" 5444
"C:/Users/Yannick/AppData/Local/UnrealEngine/Common/DerivedDataCache/Buckets/LegacyTEXTURE/c5/a2/cefeb7c3260c4055f401569e893d398d2605.udd" 5445
"C:/Users/Yannick/AppData/Local/UnrealEngine/Common/DerivedDataCache/Content/75/50/2861d75096f02dbff7bbc4507bedd2981476.udd" 5446
"C:/Users/Yannick/AppData/Local/UnrealEngine/Common/DerivedDataCache/Buckets/LegacyTEXTURE/2e/f2/d9e92c44ba3bb2d72af033f6381d681f4513.udd" 5447
"C:/Users/Yannick/AppData/Local/UnrealEngine/Common/DerivedDataCache/Buckets/LegacyTEXTURE/e9/5d/a1825e3a6c318aa805c9a6990da4034aebba.udd" 5448
"C:/Users/Yannick/AppData/Local/UnrealEngine/Common/DerivedDataCache/Buckets/LegacyTEXTURE/5d/60/76533b1b6fafb224ba5eed96f2cca5d79305.udd" 5449
"C:/Users/Yannick/AppData/Local/UnrealEngine/Common/DerivedDataCache/Buckets/LegacyTEXTURE/e3/2c/5402f2b407184243b31a0ff27c2d6fae1766.udd" 5450
"C:/Users/Yannick/AppData/Local/UnrealEngine/Common/DerivedDataCache/Buckets/LegacyTEXTURE/8a/30/16de8100bf49abc1f2dd5eeb72e433e4a34f.udd" 5451
"C:/Users/Yannick/AppData/Local/UnrealEngine/Common/DerivedDataCache/Buckets/LegacyTEXTURE/7e/e5/d76cb90a92090357d221014143a41805ead5.udd" 5452
"C:/Users/Yannick/AppData/Local/UnrealEngine/Common/DerivedDataCache/Buckets/LegacyTEXTURE/b5/f9/8d1a4f15c2ac676819f4a6146a5c199ee0fd.udd" 5453
"C:/Users/Yannick/AppData/Local/UnrealEngine/Common/DerivedDataCache/Buckets/LegacyTEXTURE/cb/5b/6ef9c2186ea2114e81d89991d30f30117e44.udd" 5454
"C:/Users/Yannick/AppData/Local/UnrealEngine/Common/DerivedDataCache/Buckets/LegacyTEXTURE/35/a5/5aa2f8acfc8ada73c4b4bafcdf18d80ae385.udd" 5455
"C:/Users/Yannick/AppData/Local/UnrealEngine/Common/DerivedDataCache/Buckets/LegacyTEXTURE/fa/29/17d047b60bde4979c50b79afdc2133201f8d.udd" 5456
"C:/Users/Yannick/AppData/Local/UnrealEngine/Common/DerivedDataCache/Buckets/LegacyTEXTURE/0f/38/cf2523586433b492de198dd6cf802a55d7b9.udd" 5457
"C:/Users/Yannick/AppData/Local/UnrealEngine/Common/DerivedDataCache/Buckets/LegacyTEXTURE/ac/e4/928d1c7bd03faee94a8c132d9a06cc3be556.udd" 5458
"C:/Users/Yannick/AppData/Local/UnrealEngine/Common/DerivedDataCache/Buckets/LegacyTEXTURE/12/3e/a4f71054a409d8c4eb3bb12282e43cfbb057.udd" 5459
"C:/Users/Yannick/AppData/Local/UnrealEngine/Common/DerivedDataCache/Buckets/LegacyTEXTURE/a3/eb/dc0612d9077058d0f792408ca5fd1fc1b09b.udd" 5460
"C:/Users/Yannick/AppData/Local/UnrealEngine/Common/DerivedDataCache/Buckets/LegacyTEXTURE/17/41/59471a354edd169d953b345f548be7cf1b1a.udd" 5461
"C:/Users/Yannick/AppData/Local/UnrealEngine/Common/DerivedDataCache/Buckets/LegacyTEXTURE/d4/5e/cc314ac500557d9d80fe085f72cc01ba1578.udd" 5462
"C:/Users/Yannick/AppData/Local/UnrealEngine/Common/DerivedDataCache/Buckets/LegacyTEXTURE/3c/fb/1a52b99e6a697d91ea85c9f6a1b3db3048ef.udd" 5463
"C:/Users/Yannick/AppData/Local/UnrealEngine/Common/DerivedDataCache/Buckets/LegacyTEXTURE/ab/91/baca7d154e57e089e4d9d61db52ae918f39f.udd" 5464
"C:/Users/Yannick/AppData/Local/UnrealEngine/Common/DerivedDataCache/Buckets/LegacyTEXTURE/cd/03/2017257a6c1f948a08c656b2767cd146cce3.udd" 5465
"C:/Users/Yannick/AppData/Local/UnrealEngine/Common/DerivedDataCache/Buckets/LegacyTEXTURE/d7/2a/640f047cc87abc8277306d18e2cb0436df73.udd" 5466
"C:/Users/Yannick/AppData/Local/UnrealEngine/Common/DerivedDataCache/Buckets/LegacyTEXTURE/34/d9/008a3c6f4887f8ca494bfd70c50af7825fd6.udd" 5467
"C:/Users/Yannick/AppData/Local/UnrealEngine/Common/DerivedDataCache/Buckets/LegacyTEXTURE/0c/10/93dcacf8c31d2f6045e79de48f2266298f01.udd" 5468
"C:/Users/Yannick/AppData/Local/UnrealEngine/Common/DerivedDataCache/Buckets/LegacyTEXTURE/60/5f/ab2489dc18d7aa3416b28e5cdece05800662.udd" 5469
"C:/Users/Yannick/AppData/Local/UnrealEngine/Common/DerivedDataCache/Buckets/LegacyTEXTURE/48/27/74fbda542151a686ad8a8723aee86398d8fb.udd" 5470
"C:/Users/Yannick/AppData/Local/UnrealEngine/Common/DerivedDataCache/Buckets/LegacyTEXTURE/4a/98/830b559de7b7fe3ee548ed696b6449b90ccc.udd" 5471
"C:/Users/Yannick/AppData/Local/UnrealEngine/Common/DerivedDataCache/Content/10/69/f067c51982f236b64e85a587dd1ebb2deb07.udd" 5472
"C:/Users/Yannick/AppData/Local/UnrealEngine/Common/DerivedDataCache/Buckets/LegacyTEXTURE/56/c9/ee67022995069d4842a34ac74376bd45b4b1.udd" 5473
"C:/Users/Yannick/AppData/Local/UnrealEngine/Common/DerivedDataCache/Buckets/LegacyTEXTURE/9f/d6/8d14d45630664563990f700bd959c843d3e4.udd" 5474
"C:/Users/Yannick/AppData/Local/UnrealEngine/Common/DerivedDataCache/Buckets/LegacyTEXTURE/be/50/2e58acc1cf9119403f2a55df8c459e7aee93.udd" 5475
"C:/Users/Yannick/AppData/Local/UnrealEngine/Common/DerivedDataCache/Buckets/LegacyTEXTURE/e6/5f/1d8539d1516f3cf9f8c4d9edeb8825322925.udd" 5476
"C:/Users/Yannick/AppData/Local/UnrealEngine/Common/DerivedDataCache/Buckets/LegacyTEXTURE/8e/73/e0b825e469bd82f8493f9fa8bae7af46c3c4.udd" 5477
"C:/Users/Yannick/AppData/Local/UnrealEngine/Common/DerivedDataCache/Buckets/LegacyTEXTURE/02/22/c44a9d8cee0d898b8cfb33fc329031c0ca67.udd" 5478
"C:/Users/Yannick/AppData/Local/UnrealEngine/Common/DerivedDataCache/Buckets/LegacyTEXTURE/6a/15/f58ee1a7ede13f30cfcb97e214b9bbf9bf54.udd" 5479
"C:/Users/Yannick/AppData/Local/UnrealEngine/Common/DerivedDataCache/Buckets/LegacySTREAMEDAUDIO/62/da/3d9bfe53ab168f38c09968132c37b26e1622.udd" 5480
"C:/Users/Yannick/AppData/Local/UnrealEngine/Common/DerivedDataCache/Buckets/LegacySTREAMEDAUDIO/82/1b/8e32f94f3b8aa392d17f08547be29c7f4685.udd" 5481
"C:/Users/Yannick/AppData/Local/UnrealEngine/Common/DerivedDataCache/Buckets/LegacySTREAMEDAUDIO/f4/11/afa496710da7342e8cbecfd0a860842d926e.udd" 5482
"C:/Users/Yannick/AppData/Local/UnrealEngine/Common/DerivedDataCache/Buckets/LegacySTREAMEDAUDIO/98/d9/da47f58a5051da3722052e6976d36a51d368.udd" 5483
"C:/Users/Yannick/AppData/Local/UnrealEngine/Common/DerivedDataCache/Buckets/LegacySTREAMEDAUDIO/73/76/919adc0368ddde99d3c6c72479c203e16c1b.udd" 5484
"C:/Users/Yannick/AppData/Local/UnrealEngine/Common/DerivedDataCache/Buckets/LegacySTREAMEDAUDIO/33/10/086cde62ab3963a88db02fbd953bb058c510.udd" 5485
"C:/Users/Yannick/AppData/Local/UnrealEngine/Common/DerivedDataCache/Buckets/LegacySTREAMEDAUDIO/71/fe/f1f37be8d881258da83431fe1fa3a8a02079.udd" 5486
"C:/Users/Yannick/AppData/Local/UnrealEngine/Common/DerivedDataCache/Buckets/LegacySTREAMEDAUDIO/c7/92/bd884d200d5af637bcfddba183816719b4bd.udd" 5487
"C:/Users/Yannick/AppData/Local/UnrealEngine/Common/DerivedDataCache/Buckets/LegacySTREAMEDAUDIO/68/35/2ed7c869f680d057484a58f9bfac9d056ca4.udd" 5488
"C:/Users/Yannick/AppData/Local/UnrealEngine/Common/DerivedDataCache/Buckets/LegacySTREAMEDAUDIO/63/96/4251ac4d186750cf81e5bbd304f6e1e816f3.udd" 5489
"C:/Users/Yannick/AppData/Local/UnrealEngine/Common/DerivedDataCache/Buckets/LegacySTREAMEDAUDIO/0d/a5/08565934f0d5afe0fd6eb467d402e5e47f45.udd" 5490
"C:/Users/Yannick/AppData/Local/UnrealEngine/Common/DerivedDataCache/Buckets/LegacySTREAMEDAUDIO/b2/27/34340714ebf90e1b2675299efa9844a5af4a.udd" 5491
"C:/Users/Yannick/AppData/Local/UnrealEngine/Common/DerivedDataCache/Buckets/LegacySTREAMEDAUDIO/02/21/91b9080f84549fea133881c31046bd83c0c9.udd" 5492
"C:/Users/Yannick/AppData/Local/UnrealEngine/Common/DerivedDataCache/Buckets/LegacyTEXTURE/da/65/78175a4a4e5c268f7fa782806ab32a9d9a04.udd" 5493
"C:/Users/Yannick/AppData/Local/UnrealEngine/Common/DerivedDataCache/Buckets/LegacyTEXTURE/69/4f/c5bed6f2aec46b6fc734657e040667ac0852.udd" 5494
"C:/Users/Yannick/AppData/Local/UnrealEngine/Common/DerivedDataCache/Buckets/LegacyTEXTURE/da/a7/5c41c1d64a85c95bc21c8899a16ede54c944.udd" 5495
"C:/Users/Yannick/AppData/Local/UnrealEngine/Common/DerivedDataCache/Buckets/LegacyTEXTURE/dd/9c/4dcd497528339f6409ed716a425c6d67e174.udd" 5496
"C:/Users/Yannick/AppData/Local/UnrealEngine/Common/DerivedDataCache/Buckets/LegacyTEXTURE/0c/b3/22215f406fc2ccc8f9447aebde3686160cb4.udd" 5497
"C:/Users/Yannick/AppData/Local/UnrealEngine/Common/DerivedDataCache/Buckets/LegacyTEXTURE/69/bb/9bca6371e4685866b935bd1d8dae54c6cc4c.udd" 5498
"C:/Users/Yannick/AppData/Local/UnrealEngine/Common/DerivedDataCache/Buckets/LegacyTEXTURE/1b/60/3f4d5b5bdd0546222541c0989a5fb1e97b8e.udd" 5499
"C:/Users/Yannick/AppData/Local/UnrealEngine/Common/DerivedDataCache/Buckets/LegacyTEXTURE/f8/c1/f88b0b858232e99a946dcde9f327803cf6d7.udd" 5500
"C:/Users/Yannick/AppData/Local/UnrealEngine/Common/DerivedDataCache/Buckets/LegacyTEXTURE/3f/eb/af4d921b8036c5a05b51a0bc4596ebb3d1f7.udd" 5501
"C:/Users/Yannick/AppData/Local/UnrealEngine/Common/DerivedDataCache/Buckets/LegacyTEXTURE/d1/4c/3dfd6676079f7b17cd4a4717ead791b3c8d4.udd" 5502
"C:/Users/Yannick/AppData/Local/UnrealEngine/Common/DerivedDataCache/Buckets/LegacyTEXTURE/a3/30/5ada0201fbb1fe84cc475d0418f26df7a2a3.udd" 5503
"C:/Users/Yannick/AppData/Local/UnrealEngine/Common/DerivedDataCache/Buckets/LegacyTEXTURE/8e/1f/bf90361a6d13037b23e2c7398753b5c0aa9e.udd" 5504
"C:/Users/Yannick/AppData/Local/UnrealEngine/Common/DerivedDataCache/Buckets/LegacyTEXTURE/39/90/c5eda90b67b915d417fa030794958f231ceb.udd" 5505
"C:/Users/Yannick/AppData/Local/UnrealEngine/Common/DerivedDataCache/Buckets/LegacyTEXTURE/71/fe/f420af05e63cf3576909ebb23eb9f0109ea3.udd" 5506
"C:/Users/Yannick/AppData/Local/UnrealEngine/Common/DerivedDataCache/Buckets/LegacyTEXTURE/94/f6/b572f50d4cbb004d579d353b2113ade762e7.udd" 5507
"C:/Users/Yannick/AppData/Local/UnrealEngine/Common/DerivedDataCache/Buckets/LegacyTEXTURE/ae/15/4f1ed5983dc2ddd76f8b0e1e6e36c46ac27d.udd" 5508
"C:/Users/Yannick/AppData/Local/UnrealEngine/Common/DerivedDataCache/Buckets/LegacyTEXTURE/d9/06/fac8828cd11ebd513dc2fd46fdc42e088a3c.udd" 5509
"C:/Users/Yannick/AppData/Local/UnrealEngine/Common/DerivedDataCache/Buckets/LegacyTEXTURE/67/57/f7b260eca59da80a2ed0d5cdffe8cf1469fb.udd" 5510
"C:/Users/Yannick/AppData/Local/UnrealEngine/Common/DerivedDataCache/Buckets/LegacyTEXTURE/31/ab/6d53b9ebadf706c904d4a91b754fee7d690e.udd" 5511
"C:/Users/Yannick/AppData/Local/UnrealEngine/Common/DerivedDataCache/Buckets/LegacyTEXTURE/c8/11/2b29373e674abfd1fbb7be648f90027ddd16.udd" 5512
"C:/Users/Yannick/AppData/Local/UnrealEngine/Common/DerivedDataCache/Buckets/LegacyTEXTURE/97/10/fac2154ddb873357e0766809558d5516a39f.udd" 5513
"C:/Users/Yannick/AppData/Local/UnrealEngine/Common/DerivedDataCache/Buckets/LegacyTEXTURE/d8/50/df8da70f0b1e82e2eb5cf9498aceee8ef8cf.udd" 5514
"C:/Users/Yannick/AppData/Local/UnrealEngine/Common/DerivedDataCache/Buckets/LegacyTEXTURE/1d/3e/2a5facb64cdc5edf7d8d6ceadff019d4636b.udd" 5515
"C:/Users/Yannick/AppData/Local/UnrealEngine/Common/DerivedDataCache/Buckets/LegacyTEXTURE/dd/45/12473e450d76d5487022572dad212265c770.udd" 5516
"C:/Users/Yannick/AppData/Local/UnrealEngine/Common/DerivedDataCache/Buckets/LegacyTEXTURE/9a/43/28d7d084aadc64128c905ce8387218576ff2.udd" 5517
"C:/Users/Yannick/AppData/Local/UnrealEngine/Common/DerivedDataCache/Content/86/c4/e6fcf8edc995ec5d91b0615901fe02d3a174.udd" 5518
"C:/Users/Yannick/AppData/Local/UnrealEngine/Common/DerivedDataCache/Buckets/LegacyTEXTURE/44/8c/db683acb199e1cb3138ed9e295734ddd1f3c.udd" 5519
"C:/Users/Yannick/AppData/Local/UnrealEngine/Common/DerivedDataCache/Buckets/LegacyTEXTURE/4a/ca/f27fd2dbf7c394d1c225b7bfafde6e6606da.udd" 5520
"C:/Users/Yannick/AppData/Local/UnrealEngine/Common/DerivedDataCache/Buckets/LegacyTEXTURE/de/e3/1f375e9b5f166ba050e19c0144fdc914772f.udd" 5521
"C:/Users/Yannick/AppData/Local/UnrealEngine/Common/DerivedDataCache/Buckets/LegacyTEXTURE/f2/ea/856a34539235f67cb42bf9267bed1dbd91c7.udd" 5522
"C:/Users/Yannick/AppData/Local/UnrealEngine/Common/DerivedDataCache/Buckets/LegacyTEXTURE/35/ce/141b1be77163513759fe1bc572d937c7cf46.udd" 5523
"C:/Users/Yannick/AppData/Local/UnrealEngine/Common/DerivedDataCache/Buckets/LegacyTEXTURE/d7/92/572b9e3f5d556f1b040b2d207dd4fe4f3afb.udd" 5524
"C:/Users/Yannick/AppData/Local/UnrealEngine/Common/DerivedDataCache/Buckets/LegacyTEXTURE/09/db/b0939691c7d615d2b848799c344ac94e8a7e.udd" 5525
"C:/Users/Yannick/AppData/Local/UnrealEngine/Common/DerivedDataCache/Buckets/LegacyTEXTURE/89/75/335c46350a567ecdebcc4332a0d491fc2c30.udd" 5526
"C:/Users/Yannick/AppData/Local/UnrealEngine/Common/DerivedDataCache/Buckets/LegacyTEXTURE/18/ac/47935444369bcc58eb09347c36459a72e247.udd" 5527
"C:/Users/Yannick/AppData/Local/UnrealEngine/Common/DerivedDataCache/Buckets/LegacyTEXTURE/f3/68/db993cde5108690cd69b6fdd473cb1c10752.udd" 5528
"C:/Users/Yannick/AppData/Local/UnrealEngine/Common/DerivedDataCache/Buckets/LegacySTREAMEDAUDIO/3b/fb/1eeff0ae7662e15cf0c931a87c75bba747f4.udd" 5529
"C:/Users/Yannick/AppData/Local/UnrealEngine/Common/DerivedDataCache/Buckets/LegacySTREAMEDAUDIO/7f/d6/3ac14a971361dab448c0c0569cf97f10a4c1.udd" 5530
"C:/Users/Yannick/AppData/Local/UnrealEngine/Common/DerivedDataCache/Buckets/LegacySTREAMEDAUDIO/02/c1/3d30effc1c0f2115b3ea8dba0b1e8e42075f.udd" 5531
"C:/Users/Yannick/AppData/Local/UnrealEngine/Common/DerivedDataCache/Buckets/LegacySTREAMEDAUDIO/fc/af/17008311e6733c4fd74c8d68b726f3faaa3d.udd" 5532
"C:/Users/Yannick/AppData/Local/UnrealEngine/Common/DerivedDataCache/Buckets/LegacySTREAMEDAUDIO/3c/7c/e0d393b9d0a55563d01746540854f5975d73.udd" 5533
"C:/Users/Yannick/AppData/Local/UnrealEngine/Common/DerivedDataCache/Buckets/LegacySTREAMEDAUDIO/56/9f/9ccb2cc7a91bfd76197d24fd8fde57f87a3c.udd" 5534
"C:/Users/Yannick/AppData/Local/UnrealEngine/Common/DerivedDataCache/Buckets/LegacySTREAMEDAUDIO/76/06/c78cc234b58cd6dc97b6e0f57de9b258b722.udd" 5535
"C:/Users/Yannick/AppData/Local/UnrealEngine/Common/DerivedDataCache/Buckets/LegacySTREAMEDAUDIO/b5/a0/8ff343c5d65c3dbc89732088a5f2e764f273.udd" 5536
"C:/Users/Yannick/AppData/Local/UnrealEngine/Common/DerivedDataCache/Buckets/LegacySTREAMEDAUDIO/ea/b1/b2da96e25cf02245c3fcae8699f71cc9fd77.udd" 5537
"C:/Users/Yannick/AppData/Local/UnrealEngine/Common/DerivedDataCache/Buckets/LegacyTEXTURE/e1/57/6d818b181d6039521d43a1e0b5f42e0c6442.udd" 5538
"C:/Users/Yannick/AppData/Local/UnrealEngine/Common/DerivedDataCache/Buckets/LegacyTEXTURE/57/38/b5e9f132cb2ae52b3249c17ffd5572616583.udd" 5539
"C:/Users/Yannick/AppData/Local/UnrealEngine/Common/DerivedDataCache/Buckets/LegacyTEXTURE/f6/94/528033917b69262db95adfbcd49332c58c34.udd" 5540
"C:/Users/Yannick/AppData/Local/UnrealEngine/Common/DerivedDataCache/Buckets/LegacyTEXTURE/8c/dd/808fb3d49d8931b383897780f704c120a0c2.udd" 5541
"C:/Users/Yannick/AppData/Local/UnrealEngine/Common/DerivedDataCache/Buckets/LegacyTEXTURE/73/55/fb36e8bc4ac925e567d2f24ff7a1cfb01109.udd" 5542
"C:/Users/Yannick/AppData/Local/UnrealEngine/Common/DerivedDataCache/Buckets/LegacyTEXTURE/20/d3/8ba585e6cbc367621c2aec723083512de663.udd" 5543
"C:/Users/Yannick/AppData/Local/UnrealEngine/Common/DerivedDataCache/Buckets/LegacyTEXTURE/b3/a2/658d48784ee1207d63485cf29cb5fcb71461.udd" 5544
"C:/Users/Yannick/AppData/Local/UnrealEngine/Common/DerivedDataCache/Buckets/LegacySTREAMEDAUDIO/6a/20/723447d062300b774d396875bb8ce185b86d.udd" 5545
"C:/Users/Yannick/AppData/Local/UnrealEngine/Common/DerivedDataCache/Buckets/LegacySTREAMEDAUDIO/0a/86/dc330cebd6f61845f6fd0d6f8f45351d7659.udd" 5546
"C:/Users/Yannick/AppData/Local/UnrealEngine/Common/DerivedDataCache/Buckets/LegacySTREAMEDAUDIO/70/a1/45a917228a90cbdbb18527a39438bb75a6ab.udd" 5547
"C:/Users/Yannick/AppData/Local/UnrealEngine/Common/DerivedDataCache/Buckets/LegacyTEXTURE/76/bb/45d43d6e1859be573f57ddcfc490a100eee8.udd" 5548
"C:/Users/Yannick/AppData/Local/UnrealEngine/Common/DerivedDataCache/Buckets/LegacyTEXTURE/e3/68/a5164a1bbecd5ac9c774b487028ad73ce4bc.udd" 5549
"C:/Users/Yannick/AppData/Local/UnrealEngine/Common/DerivedDataCache/Buckets/LegacyTEXTURE/d2/37/75528ceb156d3ca1bc50e847ae306b66d271.udd" 5550
"C:/Users/Yannick/AppData/Local/UnrealEngine/Common/DerivedDataCache/Buckets/LegacyTEXTURE/1e/08/7c5a1170550f98c1745b097ecaaa341f4056.udd" 5551
"C:/Users/Yannick/AppData/Local/UnrealEngine/Common/DerivedDataCache/Buckets/LegacyTEXTURE/4d/40/dab29402ae18d4be9eed38515c5b5bd132fd.udd" 5552
"C:/Users/Yannick/AppData/Local/UnrealEngine/Common/DerivedDataCache/Buckets/LegacyTEXTURE/60/36/42de5b06b120439b1f5829d6ab1063a1e6d3.udd" 5553
"C:/Users/Yannick/AppData/Local/UnrealEngine/Common/DerivedDataCache/Content/cb/a8/e0fae06e8ac7254a2313898d96c4609fed7d.udd" 5554
"C:/Users/Yannick/AppData/Local/UnrealEngine/Common/DerivedDataCache/Buckets/LegacyTEXTURE/5f/d4/cf1dd55264eeddd7d9bb6bdcf246c155b1e0.udd" 5555
"C:/Users/Yannick/AppData/Local/UnrealEngine/Common/DerivedDataCache/Buckets/LegacyTEXTURE/e7/95/c5965da5577e39252bbb628b21d8e5032fc2.udd" 5556
"C:/Users/Yannick/AppData/Local/UnrealEngine/Common/DerivedDataCache/Buckets/LegacyTEXTURE/c5/2f/d28e472f9ee4b275c7c32e8e7a551cbbc023.udd" 5557
"C:/Users/Yannick/AppData/Local/UnrealEngine/Common/DerivedDataCache/Buckets/LegacyTEXTURE/58/89/9e5f204136a5719bcae2943a19a068b35b8d.udd" 5558
"C:/Users/Yannick/AppData/Local/UnrealEngine/Common/DerivedDataCache/Buckets/LegacyTEXTURE/53/5f/a3bad72ab9c2d1c4ddc68691060b5179500b.udd" 5559
"C:/Users/Yannick/AppData/Local/UnrealEngine/Common/DerivedDataCache/Buckets/LegacyTEXTURE/77/0f/d591a70d7af9c9b10f3c3ae2e3c801e18829.udd" 5560
"C:/Users/Yannick/AppData/Local/UnrealEngine/Common/DerivedDataCache/Buckets/LegacyTEXTURE/60/f2/2bd57898b2a8beaa7eb1774335a5d5b5a53e.udd" 5561
"C:/Users/Yannick/AppData/Local/UnrealEngine/Common/DerivedDataCache/Buckets/LegacyTEXTURE/f9/33/68c58ce23324b6a84ae63463ef7aff461a98.udd" 5562
"C:/Users/Yannick/AppData/Local/UnrealEngine/Common/DerivedDataCache/Buckets/LegacyTEXTURE/c3/03/8e0458b665c1ff03988991c47a82399438e6.udd" 5563
"C:/Users/Yannick/AppData/Local/UnrealEngine/Common/DerivedDataCache/Buckets/LegacyTEXTURE/ed/2b/39e9fb6f651f534cbaf35147f342fe14c5eb.udd" 5564
"C:/Users/Yannick/AppData/Local/UnrealEngine/Common/DerivedDataCache/Buckets/LegacyTEXTURE/f3/67/22c379cc86076f1c635c7343eb339de50475.udd" 5565
"C:/Users/Yannick/AppData/Local/UnrealEngine/Common/DerivedDataCache/Buckets/LegacyTEXTURE/43/7b/42a126d517688e9aa8658c704ca420058f26.udd" 5566
"C:/Users/Yannick/AppData/Local/UnrealEngine/Common/DerivedDataCache/Buckets/LegacyTEXTURE/bd/4e/2def8d2792fa7798b6470578491e6697f892.udd" 5567
"C:/Users/Yannick/AppData/Local/UnrealEngine/Common/DerivedDataCache/Buckets/LegacyTEXTURE/85/b0/9f01f2d21e4d25f47a7eb57abde95ca54562.udd" 5568
"C:/Users/Yannick/AppData/Local/UnrealEngine/Common/DerivedDataCache/Buckets/LegacyTEXTURE/97/71/096bb08a1fda06d6b91fc474db1969bce0b8.udd" 5569
"C:/Users/Yannick/AppData/Local/UnrealEngine/Common/DerivedDataCache/Buckets/LegacyTEXTURE/d1/fa/a03d74925a1cb554d52195bb454303135ee8.udd" 5570
"C:/Users/Yannick/AppData/Local/UnrealEngine/Common/DerivedDataCache/Buckets/LegacyTEXTURE/88/29/4b60721962b7a34aaf153e7268b2b38417ad.udd" 5571
"C:/Users/Yannick/AppData/Local/UnrealEngine/Common/DerivedDataCache/Buckets/LegacyTEXTURE/c8/59/2431696037a6e7a2822aa080bba6aa465fbf.udd" 5572
"C:/Users/Yannick/AppData/Local/UnrealEngine/Common/DerivedDataCache/Buckets/LegacyTEXTURE/f6/ff/a57c4768ff86716cdb29373f80a8cacdea5f.udd" 5573
"C:/Users/Yannick/AppData/Local/UnrealEngine/Common/DerivedDataCache/Buckets/LegacyTEXTURE/35/20/f9a81f2d5b3c17ec1d6aa374639fb97e96c6.udd" 5574
"C:/Users/Yannick/AppData/Local/UnrealEngine/Common/DerivedDataCache/Buckets/LegacyTEXTURE/73/cc/87bdb6a0b7de93ecddb8c496eee1451f42a9.udd" 5575
"C:/Users/Yannick/AppData/Local/UnrealEngine/Common/DerivedDataCache/Buckets/LegacyTEXTURE/12/7b/c21f193425fed0d1d6823d108b8869f890c7.udd" 5576
"C:/Users/Yannick/AppData/Local/UnrealEngine/Common/DerivedDataCache/Buckets/LegacySTREAMEDAUDIO/0e/e3/f47ab661abb69728aba080581d8df9b8c985.udd" 5577
"C:/Users/Yannick/AppData/Local/UnrealEngine/Common/DerivedDataCache/Buckets/LegacySTREAMEDAUDIO/40/c6/27ab177981bc7faef3dd5f9bdc80657bc08c.udd" 5578
"C:/Users/Yannick/AppData/Local/UnrealEngine/Common/DerivedDataCache/Buckets/LegacySTREAMEDAUDIO/d7/ed/89aa130797302ceb9e88f1b038a0eae02ade.udd" 5579
"C:/Users/Yannick/AppData/Local/UnrealEngine/Common/DerivedDataCache/Buckets/LegacySTREAMEDAUDIO/3f/e6/e5f4cb5db27f3fde7469348d8e13ad6038a4.udd" 5580
"C:/Users/Yannick/AppData/Local/UnrealEngine/Common/DerivedDataCache/Buckets/LegacySTREAMEDAUDIO/d8/56/fab08640c5dbef40782077cad0c8fb75b49f.udd" 5581
"C:/Users/Yannick/AppData/Local/UnrealEngine/Common/DerivedDataCache/Buckets/LegacySTREAMEDAUDIO/0e/57/19da29165dc30d5f0edbd83b85d73f5ce730.udd" 5582
"C:/Users/Yannick/AppData/Local/UnrealEngine/Common/DerivedDataCache/Buckets/LegacySTREAMEDAUDIO/c3/30/9e5a6e0461459d8ed0e88e239fb8ccd93e02.udd" 5583
"C:/Users/Yannick/AppData/Local/UnrealEngine/Common/DerivedDataCache/Buckets/LegacySTREAMEDAUDIO/b6/43/52bf08e063f0ad4bce5db68c983c7e26620a.udd" 5584
"C:/Users/Yannick/AppData/Local/UnrealEngine/Common/DerivedDataCache/Buckets/LegacySTREAMEDAUDIO/54/2a/96b7b787ea5e8c5d1dad9c9cdf76237491fd.udd" 5585
"C:/Users/Yannick/AppData/Local/UnrealEngine/Common/DerivedDataCache/Buckets/LegacySTREAMEDAUDIO/bc/71/46c9c1841b7b527b50533646e0dc653a2dc5.udd" 5586
"C:/Users/Yannick/AppData/Local/UnrealEngine/Common/DerivedDataCache/Buckets/LegacySTREAMEDAUDIO/c8/54/b9433a2c431cb4e67d242d5e5322fad7cc53.udd" 5587
"C:/Users/Yannick/AppData/Local/UnrealEngine/Common/DerivedDataCache/Buckets/LegacySTREAMEDAUDIO/e6/4f/980ccb76bbadaabca55e34501e925958546d.udd" 5588
"C:/Users/Yannick/AppData/Local/UnrealEngine/Common/DerivedDataCache/Buckets/LegacyTEXTURE/59/6d/a76c186c850f44ed71cbdea9f710c94cd1ca.udd" 5589
"C:/Users/Yannick/AppData/Local/UnrealEngine/Common/DerivedDataCache/Buckets/LegacyTEXTURE/c9/49/6357b57e44f1c9da541416918c5997a9933f.udd" 5590
"C:/Users/Yannick/AppData/Local/UnrealEngine/Common/DerivedDataCache/Buckets/LegacyTEXTURE/b5/7d/e8651d97baef29bf544f57404740463661e1.udd" 5591
"C:/Users/Yannick/AppData/Local/UnrealEngine/Common/DerivedDataCache/Buckets/LegacyTEXTURE/a7/55/59765b20c0f979cd83dc697da7a9f8ad35a9.udd" 5592
"C:/Users/Yannick/AppData/Local/UnrealEngine/Common/DerivedDataCache/Buckets/LegacyTEXTURE/f7/09/59ea6514d784bc3ac6a42c843c6a8aaf8c52.udd" 5593
"C:/Users/Yannick/AppData/Local/UnrealEngine/Common/DerivedDataCache/Buckets/LegacyTEXTURE/ff/25/f36df37e58362d440794458b3122d18bf1a6.udd" 5594
"C:/Users/Yannick/AppData/Local/UnrealEngine/Common/DerivedDataCache/Buckets/LegacyTEXTURE/fe/9a/db2f6a022802903c0bcdb33e9a1b1be5bc1d.udd" 5595
"C:/Users/Yannick/AppData/Local/UnrealEngine/Common/DerivedDataCache/Buckets/LegacyTEXTURE/27/b7/1e283b7d527f8cc551af7141788633e5d96b.udd" 5596
"C:/Users/Yannick/AppData/Local/UnrealEngine/Common/DerivedDataCache/Buckets/LegacyTEXTURE/a9/7d/a8587c9ebb0f3f8e370d3822b798ced64abe.udd" 5597
"C:/Users/Yannick/AppData/Local/UnrealEngine/Common/DerivedDataCache/Buckets/LegacyTEXTURE/a0/f6/37aaec3bd7878436ae329f44695ea6be52d4.udd" 5598
"C:/Users/Yannick/AppData/Local/UnrealEngine/Common/DerivedDataCache/Buckets/LegacyTEXTURE/f1/db/d024dd6fe7d12d70362926002a53419fcc9a.udd" 5599
"C:/Users/Yannick/AppData/Local/UnrealEngine/Common/DerivedDataCache/Buckets/LegacyTEXTURE/91/f7/2f57907550320da135bb0ce4e887d37e9191.udd" 5600
"C:/Users/Yannick/AppData/Local/UnrealEngine/Common/DerivedDataCache/Buckets/LegacyTEXTURE/c9/3c/94b05d524703ddb7ebdb8bc14b6aa5fb748c.udd" 5601
"C:/Users/Yannick/AppData/Local/UnrealEngine/Common/DerivedDataCache/Content/88/9d/3dfcc2ecec7eb082bf8d95615b0962cfe4a7.udd" 5602
"C:/Users/Yannick/AppData/Local/UnrealEngine/Common/DerivedDataCache/Buckets/LegacyTEXTURE/f3/6a/e606508df6bd551c39c2a95d64579fd5060b.udd" 5603
"C:/Users/Yannick/AppData/Local/UnrealEngine/Common/DerivedDataCache/Buckets/LegacyTEXTURE/8e/cc/27c1ed05ed5afb7ce7ffa8bce068bf71dc1d.udd" 5604
"C:/Users/Yannick/AppData/Local/UnrealEngine/Common/DerivedDataCache/Buckets/LegacyTEXTURE/d5/f6/6b0280c6efbc02e18430058e3b0b745de3d1.udd" 5605
"C:/Users/Yannick/AppData/Local/UnrealEngine/Common/DerivedDataCache/Buckets/LegacyTEXTURE/92/e3/b0a46425fb4962483f17ded0c4aa4a7f397e.udd" 5606
"C:/Users/Yannick/AppData/Local/UnrealEngine/Common/DerivedDataCache/Buckets/LegacyTEXTURE/4c/cc/f822b7eda1ff95713d19a14315c6ad9a8ae2.udd" 5607
"C:/Users/Yannick/AppData/Local/UnrealEngine/Common/DerivedDataCache/Buckets/LegacyTEXTURE/e9/b3/47404a9b1058b3884953312f3d8ec0c0c6b5.udd" 5608
"C:/Users/Yannick/AppData/Local/UnrealEngine/Common/DerivedDataCache/Buckets/LegacyTEXTURE/d5/30/adf9454b96cf2f36dfe3bbd1ce80164cdef1.udd" 5609
"C:/Users/Yannick/AppData/Local/UnrealEngine/Common/DerivedDataCache/Buckets/LegacyTEXTURE/6d/81/5bae829dbca4d43ef6a47068e51345f086be.udd" 5610
"C:/Users/Yannick/AppData/Local/UnrealEngine/Common/DerivedDataCache/Buckets/LegacyTEXTURE/81/50/6da493156d5055b89b643c449bc7f281959a.udd" 5611
"C:/Users/Yannick/AppData/Local/UnrealEngine/Common/DerivedDataCache/Buckets/LegacyTEXTURE/c0/b4/c059a5599db720bb99459783cf57a7ce4bbd.udd" 5612
"C:/Users/Yannick/AppData/Local/UnrealEngine/Common/DerivedDataCache/Buckets/LegacyTEXTURE/6b/a9/6b86dad37faa30cb3bd0319de7f747415c0e.udd" 5613
"C:/Users/Yannick/AppData/Local/UnrealEngine/Common/DerivedDataCache/Buckets/LegacyTEXTURE/74/b7/1e260383edbbc50ace416263e3b05c9b2f64.udd" 5614
"C:/Users/Yannick/AppData/Local/UnrealEngine/Common/DerivedDataCache/Buckets/LegacyTEXTURE/04/ed/9ac2e87373c838c1100893541585bcca5859.udd" 5615
"C:/Users/Yannick/AppData/Local/UnrealEngine/Common/DerivedDataCache/Buckets/LegacyTEXTURE/a4/03/4bbf53acad23630d0152dfca11f647d19d13.udd" 5616
"C:/Users/Yannick/AppData/Local/UnrealEngine/Common/DerivedDataCache/Buckets/LegacyTEXTURE/60/8c/24cdf6af1f1452faccd185d9aaa8da7d9cf0.udd" 5617
"C:/Users/Yannick/AppData/Local/UnrealEngine/Common/DerivedDataCache/Buckets/LegacyTEXTURE/f2/82/9aee771902ddcc1b624a77ca56c6ecfa4289.udd" 5618
"C:/Users/Yannick/AppData/Local/UnrealEngine/Common/DerivedDataCache/Buckets/LegacyTEXTURE/93/9c/a87fcc9496342653f5064ee7a564a1a6e9c8.udd" 5619
"C:/Users/Yannick/AppData/Local/UnrealEngine/Common/DerivedDataCache/Buckets/LegacyTEXTURE/a2/2b/3abf4ca08d9ec4b9508a61601f0c83de0894.udd" 5620
"C:/Users/Yannick/AppData/Local/UnrealEngine/Common/DerivedDataCache/Buckets/LegacyTEXTURE/a7/38/3fbc6f979ff7f564b42cf1b3398bdceaa5c2.udd" 5621
"C:/Users/Yannick/AppData/Local/UnrealEngine/Common/DerivedDataCache/Buckets/LegacyTEXTURE/87/15/e7495fb3f84b7badc69835a1a8d7845ae13c.udd" 5622
"C:/Users/Yannick/AppData/Local/UnrealEngine/Common/DerivedDataCache/Buckets/LegacyTEXTURE/fe/0c/7cec18cfd8c44957bcdc4aeb7940e249134c.udd" 5623
"C:/Users/Yannick/AppData/Local/UnrealEngine/Common/DerivedDataCache/Buckets/LegacyTEXTURE/45/2e/beb6b880b33f2192055c47d83faa28ac4309.udd" 5624
"C:/Users/Yannick/AppData/Local/UnrealEngine/Common/DerivedDataCache/Buckets/LegacySTREAMEDAUDIO/58/c2/1b24ce97d4a8ed321d845fc55db58e7f368f.udd" 5625
"C:/Users/Yannick/AppData/Local/UnrealEngine/Common/DerivedDataCache/Buckets/LegacySTREAMEDAUDIO/bf/a4/0d26094be14c1bbe4ef49beb981842f76671.udd" 5626
"C:/Users/Yannick/AppData/Local/UnrealEngine/Common/DerivedDataCache/Buckets/LegacySTREAMEDAUDIO/b4/3f/29f2b4b99623495a8e05c9d183c78fdc2dbb.udd" 5627
"C:/Users/Yannick/AppData/Local/UnrealEngine/Common/DerivedDataCache/Buckets/LegacySTREAMEDAUDIO/7b/4a/590d88a13b6f233ed5498aba8a897e089332.udd" 5628
"C:/Users/Yannick/AppData/Local/UnrealEngine/Common/DerivedDataCache/Buckets/LegacySTREAMEDAUDIO/65/09/dc836f0e3bfaab5fa890ae1224298b6fcecf.udd" 5629
"C:/Users/Yannick/AppData/Local/UnrealEngine/Common/DerivedDataCache/Buckets/LegacySTREAMEDAUDIO/ef/05/94b0cdddda9c1f5cf662f961adcfb8512e98.udd" 5630
"C:/Users/Yannick/AppData/Local/UnrealEngine/Common/DerivedDataCache/Buckets/LegacySTREAMEDAUDIO/a5/dd/fdbe6346f0c21efd0c33afd355f45a3d6b19.udd" 5631
"C:/Users/Yannick/AppData/Local/UnrealEngine/Common/DerivedDataCache/Buckets/LegacySTREAMEDAUDIO/cb/ba/90acde3c1bf57b45612caf51c0136871792d.udd" 5632
"C:/Users/Yannick/AppData/Local/UnrealEngine/Common/DerivedDataCache/Buckets/LegacySTREAMEDAUDIO/6b/ce/beaa03b4dacf9ebda115717851a6c83c3849.udd" 5633
"C:/Users/Yannick/AppData/Local/UnrealEngine/Common/DerivedDataCache/Buckets/LegacySTREAMEDAUDIO/b3/96/5330436dff51a95cc90a5f09b2f2319478fa.udd" 5634
"C:/Users/Yannick/AppData/Local/UnrealEngine/Common/DerivedDataCache/Buckets/LegacySTREAMEDAUDIO/b0/70/d6d43139a4e07effab5a2ea70ebf76888944.udd" 5635
"C:/Users/Yannick/AppData/Local/UnrealEngine/Common/DerivedDataCache/Buckets/LegacySTREAMEDAUDIO/24/05/ac911694319de6b953b625f091f320a9002c.udd" 5636
"C:/Users/Yannick/AppData/Local/UnrealEngine/Common/DerivedDataCache/Buckets/LegacyTEXTURE/47/29/01878cde8d97faa79227f2fd5452ab89fa16.udd" 5637
"C:/Users/Yannick/AppData/Local/UnrealEngine/Common/DerivedDataCache/Buckets/LegacyTEXTURE/1f/aa/bf371e62a8bdb682a90ed06dab6709e642e8.udd" 5638
"C:/Users/Yannick/AppData/Local/UnrealEngine/Common/DerivedDataCache/Buckets/LegacyTEXTURE/fa/5a/69c3e38d7ae3ee2e28c386227a8da92f54b8.udd" 5639
"C:/Users/Yannick/AppData/Local/UnrealEngine/Common/DerivedDataCache/Content/98/9f/1e363ce8cfa3cb8552415c00451e7948d2db.udd" 5640
"C:/Users/Yannick/AppData/Local/UnrealEngine/Common/DerivedDataCache/Buckets/LegacyTEXTURE/54/fa/154ff78ea3f5f70142365ff6d44f8a491ba5.udd" 5641
"C:/Users/Yannick/AppData/Local/UnrealEngine/Common/DerivedDataCache/Buckets/LegacyTEXTURE/06/e2/c8f281e99bc6206d5ec4bec48b656e9be7cd.udd" 5642
"C:/Users/Yannick/AppData/Local/UnrealEngine/Common/DerivedDataCache/Buckets/LegacyTEXTURE/eb/fe/b06ae7e99db1d806731b52009e9d5f763f7d.udd" 5643
"C:/Users/Yannick/AppData/Local/UnrealEngine/Common/DerivedDataCache/Buckets/LegacyTEXTURE/2c/23/ad190a2609de4bf5c1a216e21430c6ab500d.udd" 5644
"C:/Users/Yannick/AppData/Local/UnrealEngine/Common/DerivedDataCache/Buckets/LegacySTREAMEDAUDIO/c9/32/e12867920ce4d7f054cdc244cd66cbb446ad.udd" 5645
"C:/Users/Yannick/AppData/Local/UnrealEngine/Common/DerivedDataCache/Buckets/LegacySTREAMEDAUDIO/d6/da/99ea192843003c724032aa657c742a532682.udd" 5646
"C:/Users/Yannick/AppData/Local/UnrealEngine/Common/DerivedDataCache/Buckets/LegacySTREAMEDAUDIO/39/5f/107c0a284d39dafa9005fd0da0f944e01276.udd" 5647
"C:/Users/Yannick/AppData/Local/UnrealEngine/Common/DerivedDataCache/Buckets/LegacyTEXTURE/05/c2/d069cb0766209c9c6f7c853503d68d7f4f2d.udd" 5648
"C:/Users/Yannick/AppData/Local/UnrealEngine/Common/DerivedDataCache/Buckets/LegacyTEXTURE/9f/42/9d61c8fcb11e88773e773148d091bf2fa8f9.udd" 5649
"C:/Users/Yannick/AppData/Local/UnrealEngine/Common/DerivedDataCache/Buckets/LegacyTEXTURE/6d/d6/90a285257548e0f8749c45c6ce506501164b.udd" 5650
"C:/Users/Yannick/AppData/Local/UnrealEngine/Common/DerivedDataCache/Buckets/LegacyTEXTURE/1c/dc/1ef01e9c6fcd38a8316cd01c59d94ebea222.udd" 5651
"C:/Users/Yannick/AppData/Local/UnrealEngine/Common/DerivedDataCache/Buckets/LegacyTEXTURE/28/24/bd689789be336f18140fe4f4a77f7c6c9efe.udd" 5652
"C:/Users/Yannick/AppData/Local/UnrealEngine/Common/DerivedDataCache/Buckets/LegacyTEXTURE/9e/ca/07ba5519b6e473af2efc7a591bc2a430555f.udd" 5653
"C:/Users/Yannick/AppData/Local/UnrealEngine/Common/DerivedDataCache/Content/6d/2a/262fb80a2e414fa13c574f5b400bc0b8ec8f.udd" 5654
"C:/Users/Yannick/AppData/Local/UnrealEngine/Common/DerivedDataCache/Buckets/LegacyTEXTURE/a4/20/a072dab5d50da679c7216fd61dfa2bd4ef85.udd" 5655
"C:/Users/Yannick/AppData/Local/UnrealEngine/Common/DerivedDataCache/Buckets/LegacyTEXTURE/08/d9/d86fbf06db7fedf540aad2c0aaa025509c5a.udd" 5656
"C:/Users/Yannick/AppData/Local/UnrealEngine/Common/DerivedDataCache/Buckets/LegacyTEXTURE/39/68/3bfee799a083a5ff1d7582007a2ce6768543.udd" 5657
"C:/Users/Yannick/AppData/Local/UnrealEngine/Common/DerivedDataCache/Buckets/LegacyTEXTURE/f6/0f/24250b536eea9a32b9ad56391e78511e84d8.udd" 5658
"C:/Users/Yannick/AppData/Local/UnrealEngine/Common/DerivedDataCache/Buckets/LegacyTEXTURE/4f/b5/9c8b45acb9153be264ea01e4c5f0e16f6d3a.udd" 5659
"C:/Users/Yannick/AppData/Local/UnrealEngine/Common/DerivedDataCache/Buckets/LegacyTEXTURE/03/3c/ec1e6f080db887104c1a9d4d943da6e8408a.udd" 5660
"C:/Users/Yannick/AppData/Local/UnrealEngine/Common/DerivedDataCache/Buckets/LegacyTEXTURE/29/2c/b4a9c4da305887a364320cf0ed57230615c2.udd" 5661
"C:/Users/Yannick/AppData/Local/UnrealEngine/Common/DerivedDataCache/Buckets/LegacyTEXTURE/de/49/de4aced5eae4a508e0373ba8c9486398bc8a.udd" 5662
"C:/Users/Yannick/AppData/Local/UnrealEngine/Common/DerivedDataCache/Buckets/LegacyTEXTURE/44/28/27524074de871ec3599493a5896661e71feb.udd" 5663
"C:/Users/Yannick/AppData/Local/UnrealEngine/Common/DerivedDataCache/Buckets/LegacyTEXTURE/c4/a5/660b164762544e44f50b3958e25d1835d4bb.udd" 5664
"C:/Users/Yannick/AppData/Local/UnrealEngine/Common/DerivedDataCache/Buckets/LegacyTEXTURE/fa/1e/3710484c346825a6922004c5f8db92d37274.udd" 5665
"C:/Users/Yannick/AppData/Local/UnrealEngine/Common/DerivedDataCache/Buckets/LegacyTEXTURE/bb/ae/93f5d5dc2f6de2210ca380238947cac3235a.udd" 5666
"C:/Users/Yannick/AppData/Local/UnrealEngine/Common/DerivedDataCache/Buckets/LegacyTEXTURE/19/f7/df2d200ed5ff0522fded52f7d05640f02434.udd" 5667
"C:/Users/Yannick/AppData/Local/UnrealEngine/Common/DerivedDataCache/Buckets/LegacyTEXTURE/74/69/28312196dc84ada73c8fb5f433d23890edf5.udd" 5668
"C:/Users/Yannick/AppData/Local/UnrealEngine/Common/DerivedDataCache/Content/fa/0a/bdf706d95394d53b900cb3a25325d5c609a9.udd" 5669
"C:/Users/Yannick/AppData/Local/UnrealEngine/Common/DerivedDataCache/Buckets/LegacyTEXTURE/9a/6a/a342c3fc9361645db8d34b19f70c3ec56fb4.udd" 5670
"C:/Users/Yannick/AppData/Local/UnrealEngine/Common/DerivedDataCache/Buckets/LegacyTEXTURE/a9/cd/2d458a726dcfb303d9f546dbe5a5db942071.udd" 5671
"C:/Users/Yannick/AppData/Local/UnrealEngine/Common/DerivedDataCache/Buckets/LegacyTEXTURE/cd/96/cdc301f02971600ada640e32807a43a15750.udd" 5672
"C:/Users/Yannick/AppData/Local/UnrealEngine/Common/DerivedDataCache/Buckets/LegacyTEXTURE/d0/43/94b5688f8c9f4bbfe8e6f0de1bc3f24a749c.udd" 5673
"C:/Users/Yannick/AppData/Local/UnrealEngine/Common/DerivedDataCache/Buckets/LegacyTEXTURE/57/13/722a08f432038932864a44bbdbb96d7c41a4.udd" 5674
"C:/Users/Yannick/AppData/Local/UnrealEngine/Common/DerivedDataCache/Buckets/LegacyTEXTURE/ea/e2/65b6e431b1e68d358c8a53d9213450b99e86.udd" 5675
"C:/Users/Yannick/AppData/Local/UnrealEngine/Common/DerivedDataCache/Buckets/LegacyTEXTURE/2a/13/d451851acbd7256b95ae98d3ea96af6d2117.udd" 5676
"C:/Users/Yannick/AppData/Local/UnrealEngine/Common/DerivedDataCache/Buckets/LegacyTEXTURE/85/44/0c860558ad2da2df171c370060c0867d599f.udd" 5677
"C:/Users/Yannick/AppData/Local/UnrealEngine/Common/DerivedDataCache/Buckets/LegacySTREAMEDAUDIO/9b/5c/ec8b23db9beb0e168431298327540b2fea77.udd" 5678
"C:/Users/Yannick/AppData/Local/UnrealEngine/Common/DerivedDataCache/Buckets/LegacySTREAMEDAUDIO/7b/be/78cbf6adb521df517313c9a70c6fa4506739.udd" 5679
"C:/Users/Yannick/AppData/Local/UnrealEngine/Common/DerivedDataCache/Buckets/LegacySTREAMEDAUDIO/5e/59/16e83c1b5a989d44539dae1fe0b357b4b0bc.udd" 5680
"C:/Users/Yannick/AppData/Local/UnrealEngine/Common/DerivedDataCache/Buckets/LegacySTREAMEDAUDIO/2a/7e/3593418d19153ac1da021a479c3ec996b524.udd" 5681
"C:/Users/Yannick/AppData/Local/UnrealEngine/Common/DerivedDataCache/Buckets/LegacySTREAMEDAUDIO/ae/ee/1de27690b5b080e2e253f6c7cd0452a6774c.udd" 5682
"C:/Users/Yannick/AppData/Local/UnrealEngine/Common/DerivedDataCache/Buckets/LegacySTREAMEDAUDIO/2a/1d/c06984416aa65a2cec5a34fd6150d4568e40.udd" 5683
"C:/Users/Yannick/AppData/Local/UnrealEngine/Common/DerivedDataCache/Buckets/LegacySTREAMEDAUDIO/ef/95/4d6cfef815381da913ad7e91c9e6f46fcf50.udd" 5684
"C:/Users/Yannick/AppData/Local/UnrealEngine/Common/DerivedDataCache/Buckets/LegacySTREAMEDAUDIO/10/5c/fae60f561aee78219e72a3d24c12413ed767.udd" 5685
"C:/Users/Yannick/AppData/Local/UnrealEngine/Common/DerivedDataCache/Buckets/LegacySTREAMEDAUDIO/a8/da/d99f55c88e627b38332f6e52093afcd7928c.udd" 5686
"C:/Users/Yannick/AppData/Local/UnrealEngine/Common/DerivedDataCache/Buckets/LegacySTREAMEDAUDIO/7e/30/7facbeffbb54c5aa9b56276b68228df4abef.udd" 5687
"C:/Users/Yannick/AppData/Local/UnrealEngine/Common/DerivedDataCache/Buckets/LegacySTREAMEDAUDIO/a1/93/dd140500d3bb6accc6461e949bcce6ef497c.udd" 5688
"C:/Users/Yannick/AppData/Local/UnrealEngine/Common/DerivedDataCache/Buckets/LegacySTREAMEDAUDIO/a8/f5/e7556e8c5d6b215d066d486f477bc0aa898f.udd" 5689
"C:/Users/Yannick/AppData/Local/UnrealEngine/Common/DerivedDataCache/Buckets/LegacySTREAMEDAUDIO/ba/81/e3c0dcf9bf9791187b3ca52f3311e666c5af.udd" 5690
"C:/Users/Yannick/AppData/Local/UnrealEngine/Common/DerivedDataCache/Buckets/LegacySTREAMEDAUDIO/7b/67/255723a6ff3a1346c5367ca5f4326de8c621.udd" 5691
"C:/Users/Yannick/AppData/Local/UnrealEngine/Common/DerivedDataCache/Buckets/LegacySTREAMEDAUDIO/3b/2f/30484efe54eef1cdc9b7363e0881dbd188e0.udd" 5692
"C:/Users/Yannick/AppData/Local/UnrealEngine/Common/DerivedDataCache/Buckets/LegacySTREAMEDAUDIO/78/6f/7bd3c64b708255bc208b4edede645884e69c.udd" 5693
"C:/Users/Yannick/AppData/Local/UnrealEngine/Common/DerivedDataCache/Buckets/LegacyTEXTURE/f7/c4/504c7b121f157c013eafcbf9cec4f1a7afca.udd" 5694
"C:/Users/Yannick/AppData/Local/UnrealEngine/Common/DerivedDataCache/Buckets/LegacyTEXTURE/66/8c/d7fedf9ac059e9d8f9a9eeec8b6e6ef7ed6c.udd" 5695
"C:/Users/Yannick/AppData/Local/UnrealEngine/Common/DerivedDataCache/Buckets/LegacyTEXTURE/2e/8a/1a354fd8578a8adebf90552d6eb0468d4da9.udd" 5696
"C:/Users/Yannick/AppData/Local/UnrealEngine/Common/DerivedDataCache/Buckets/LegacyTEXTURE/93/b3/825c4fb4b80e52f6a5c6f06dd88b0baa7f29.udd" 5697
"C:/Users/Yannick/AppData/Local/UnrealEngine/Common/DerivedDataCache/Buckets/LegacyTEXTURE/cd/db/84c63ebd2cd940537d366744f6420a9e6499.udd" 5698
"C:/Users/Yannick/AppData/Local/UnrealEngine/Common/DerivedDataCache/Buckets/LegacyTEXTURE/92/b0/1320905dcc8b9daaf2aca7eecbd380101345.udd" 5699
"C:/Users/Yannick/AppData/Local/UnrealEngine/Common/DerivedDataCache/Buckets/LegacyTEXTURE/85/91/56ad252512831c005a576629acea534ddcac.udd" 5700
"C:/Users/Yannick/AppData/Local/UnrealEngine/Common/DerivedDataCache/Buckets/LegacySTREAMEDAUDIO/35/32/27a1eb900063fa9e0997f23639684a66049a.udd" 5701
"C:/Users/Yannick/AppData/Local/UnrealEngine/Common/DerivedDataCache/Buckets/LegacySTREAMEDAUDIO/63/87/82f64cdd787d01cbc292494753feb3cb391c.udd" 5702
"C:/Users/Yannick/AppData/Local/UnrealEngine/Common/DerivedDataCache/Buckets/LegacySTREAMEDAUDIO/9c/6a/7aba3e5cb3b968e1f0f98f633f45d7ac5089.udd" 5703
"C:/Users/Yannick/AppData/Local/UnrealEngine/Common/DerivedDataCache/Buckets/LegacyTEXTURE/e4/7b/d813d14c07fb94fbfc18ef040380ddf4b3c7.udd" 5704
"C:/Users/Yannick/AppData/Local/UnrealEngine/Common/DerivedDataCache/Buckets/LegacyTEXTURE/f8/24/646dcaccbfd308bd570f154b6c87f48fe21a.udd" 5705
"C:/Users/Yannick/AppData/Local/UnrealEngine/Common/DerivedDataCache/Buckets/LegacyTEXTURE/b7/cd/6e951d4104f61c4050b83fec60c7a5219a0f.udd" 5706
"C:/Users/Yannick/AppData/Local/UnrealEngine/Common/DerivedDataCache/Buckets/LegacyTEXTURE/e1/ce/3ff31b55a566c7184d2c6882638815e104ab.udd" 5707
"C:/Users/Yannick/AppData/Local/UnrealEngine/Common/DerivedDataCache/Buckets/LegacyTEXTURE/7e/74/6a0f76f623fda8b5147d55b0a2a653e422b3.udd" 5708
"C:/Users/Yannick/AppData/Local/UnrealEngine/Common/DerivedDataCache/Buckets/LegacyTEXTURE/83/90/489f17fc1efeb608482bea49889f7019b284.udd" 5709
"C:/Users/Yannick/AppData/Local/UnrealEngine/Common/DerivedDataCache/Buckets/LegacyTEXTURE/49/9b/483d2e457cd6d121a944b8702dea2aaabc71.udd" 5710
"C:/Users/Yannick/AppData/Local/UnrealEngine/Common/DerivedDataCache/Buckets/LegacyTEXTURE/ae/f6/570c95ccef045b504d4a955415d06a7a97a6.udd" 5711
"C:/Users/Yannick/AppData/Local/UnrealEngine/Common/DerivedDataCache/Buckets/LegacyTEXTURE/88/51/b9072b2615e690c67d081929ba152d314c5d.udd" 5712
"C:/Users/Yannick/AppData/Local/UnrealEngine/Common/DerivedDataCache/Buckets/LegacyTEXTURE/dd/81/c3a97b6992f126c87ddc98cffa8b05182ef7.udd" 5713
"C:/Users/Yannick/AppData/Local/UnrealEngine/Common/DerivedDataCache/Buckets/LegacyTEXTURE/22/a6/ded6133c3fd5e230e778c74599a122a966ba.udd" 5714
"C:/Users/Yannick/AppData/Local/UnrealEngine/Common/DerivedDataCache/Buckets/LegacyTEXTURE/4a/4b/ad7eb4a50abf9379fae8142ec416ef655397.udd" 5715
"C:/Users/Yannick/AppData/Local/UnrealEngine/Common/DerivedDataCache/Buckets/LegacyTEXTURE/2f/54/0082016d31c7323e290e8ae758c8a02b5996.udd" 5716
"C:/Users/Yannick/AppData/Local/UnrealEngine/Common/DerivedDataCache/Buckets/LegacyTEXTURE/da/53/fef7a45ff3f9c9808804d502695e4cc2ac0a.udd" 5717
"C:/Users/Yannick/AppData/Local/UnrealEngine/Common/DerivedDataCache/Buckets/LegacyTEXTURE/90/3b/ac3587e19a0f948afc271bb92d802c9145fb.udd" 5718
"C:/Users/Yannick/AppData/Local/UnrealEngine/Common/DerivedDataCache/Buckets/LegacyTEXTURE/f6/46/b455da56f9e2f224f12056d65ff6863bd58d.udd" 5719
"C:/Users/Yannick/AppData/Local/UnrealEngine/Common/DerivedDataCache/Buckets/LegacyTEXTURE/17/57/145175f7321ede4e8fe731f4935ba8994f97.udd" 5720
"C:/Users/Yannick/AppData/Local/UnrealEngine/Common/DerivedDataCache/Content/ba/47/7c5981c15ff211552533b6b5e624958077ff.udd" 5721
"C:/Users/Yannick/AppData/Local/UnrealEngine/Common/DerivedDataCache/Buckets/LegacyTEXTURE/cb/f2/c4325aff06793251a4824f388e71629503ae.udd" 5722
"C:/Users/Yannick/AppData/Local/UnrealEngine/Common/DerivedDataCache/Buckets/LegacyTEXTURE/12/db/ae4f834dc1b72c8e850f5a3428d2b594e620.udd" 5723
"C:/Users/Yannick/AppData/Local/UnrealEngine/Common/DerivedDataCache/Buckets/LegacyTEXTURE/c2/76/47b7b17bef2515d075e0b93c2ef0318295ed.udd" 5724
"C:/Users/Yannick/AppData/Local/UnrealEngine/Common/DerivedDataCache/Buckets/LegacyTEXTURE/5f/76/c1fc797e216e834447daeb77889cd25214e4.udd" 5725
"C:/Users/Yannick/AppData/Local/UnrealEngine/Common/DerivedDataCache/Buckets/LegacyTEXTURE/78/92/079902d8c35f3676ae1417192a8d87615fb5.udd" 5726
"C:/Users/Yannick/AppData/Local/UnrealEngine/Common/DerivedDataCache/Buckets/LegacyTEXTURE/93/78/d19c7c6c98ddc453a474481558b18953de4e.udd" 5727
"C:/Users/Yannick/AppData/Local/UnrealEngine/Common/DerivedDataCache/Buckets/LegacyTEXTURE/b0/6e/86f5b64181a18da26fe8ae19ba7bc79e9f3b.udd" 5728
"C:/Users/Yannick/AppData/Local/UnrealEngine/Common/DerivedDataCache/Buckets/LegacyTEXTURE/d9/b0/9a214b556313b0f64f7668a731ff74871e25.udd" 5729
"C:/Users/Yannick/AppData/Local/UnrealEngine/Common/DerivedDataCache/Buckets/LegacyTEXTURE/51/c1/8059c1315fd09379f004efcbff4ca50d3f51.udd" 5730
"C:/Users/Yannick/AppData/Local/UnrealEngine/Common/DerivedDataCache/Buckets/LegacyTEXTURE/20/33/6d54427cc0ad38789da9d2a13623b2e06032.udd" 5731
"C:/Users/Yannick/AppData/Local/UnrealEngine/Common/DerivedDataCache/Buckets/LegacyTEXTURE/6f/5b/aeac55de208b670ba23104ce319267a61fbf.udd" 5732
"C:/Users/Yannick/AppData/Local/UnrealEngine/Common/DerivedDataCache/Buckets/LegacySTREAMEDAUDIO/5d/21/560a9bbdb5503434df280b24278309827e9f.udd" 5733
"C:/Users/Yannick/AppData/Local/UnrealEngine/Common/DerivedDataCache/Buckets/LegacySTREAMEDAUDIO/0c/53/9f94dc7c3665c91c97f6d092d3c0631ea10b.udd" 5734
"C:/Users/Yannick/AppData/Local/UnrealEngine/Common/DerivedDataCache/Buckets/LegacySTREAMEDAUDIO/45/ea/47bc39e52d16a64fc4e20a26a81f232fbc1a.udd" 5735
"C:/Users/Yannick/AppData/Local/UnrealEngine/Common/DerivedDataCache/Buckets/LegacySTREAMEDAUDIO/28/f1/03f5322d37f80e38cedfa64504a2b1f41671.udd" 5736
"C:/Users/Yannick/AppData/Local/UnrealEngine/Common/DerivedDataCache/Buckets/LegacySTREAMEDAUDIO/1c/b9/f7a2eccc29a8d9d73044ee9d3dcc4389e19f.udd" 5737
"C:/Users/Yannick/AppData/Local/UnrealEngine/Common/DerivedDataCache/Buckets/LegacySTREAMEDAUDIO/55/08/abebd08645491fce2dff725d4bac88f97a4f.udd" 5738
"C:/Users/Yannick/AppData/Local/UnrealEngine/Common/DerivedDataCache/Buckets/LegacySTREAMEDAUDIO/26/38/421cfed2d5431293f07fae7b419ca1c7abd7.udd" 5739
"C:/Users/Yannick/AppData/Local/UnrealEngine/Common/DerivedDataCache/Buckets/LegacySTREAMEDAUDIO/7e/78/5150fefba41627c3eb9cc2e5d85f27bd0478.udd" 5740
"C:/Users/Yannick/AppData/Local/UnrealEngine/Common/DerivedDataCache/Buckets/LegacySTREAMEDAUDIO/37/60/43c497e78d87af0afa773f6d7f134a48a749.udd" 5741
"C:/Users/Yannick/AppData/Local/UnrealEngine/Common/DerivedDataCache/Buckets/LegacySTREAMEDAUDIO/94/65/e15ebbda215b0f75431a33b6dd4a20c707c5.udd" 5742
"C:/Users/Yannick/AppData/Local/UnrealEngine/Common/DerivedDataCache/Buckets/LegacySTREAMEDAUDIO/05/1f/35298d7ac01f1fc141f3b1d16275d76b70eb.udd" 5743
"C:/Users/Yannick/AppData/Local/UnrealEngine/Common/DerivedDataCache/Buckets/LegacySTREAMEDAUDIO/65/66/e760890007d9a42f64bc6bf62f06e25cfdb3.udd" 5744
"C:/Users/Yannick/AppData/Local/UnrealEngine/Common/DerivedDataCache/Buckets/LegacyTEXTURE/8e/c0/9b4f10b20a87a2f5db52ac72b64a2c9b8c04.udd" 5745
"C:/Users/Yannick/AppData/Local/UnrealEngine/Common/DerivedDataCache/Buckets/LegacyTEXTURE/e3/50/933beff92e01c7d64e6196fd1f0fa24e2732.udd" 5746
"C:/Users/Yannick/AppData/Local/UnrealEngine/Common/DerivedDataCache/Buckets/LegacyTEXTURE/46/54/d9d0df0be6d77a8cbb4eefded0e6149c1305.udd" 5747
"C:/Users/Yannick/AppData/Local/UnrealEngine/Common/DerivedDataCache/Buckets/LegacyTEXTURE/43/bf/c298bd7bc55d81eb467d8797f437a6f97e4a.udd" 5748
"C:/Users/Yannick/AppData/Local/UnrealEngine/Common/DerivedDataCache/Buckets/LegacyTEXTURE/4d/95/e354bfbbd8faf494c0a1cb41e882d0561b70.udd" 5749
"C:/Users/Yannick/AppData/Local/UnrealEngine/Common/DerivedDataCache/Buckets/LegacyTEXTURE/81/a7/57bed97ddadcaacc4c2911f48ad1f4d4c417.udd" 5750
"C:/Users/Yannick/AppData/Local/UnrealEngine/Common/DerivedDataCache/Buckets/LegacyTEXTURE/31/ac/3e78683977014486c82f95064b57b7a5fe6b.udd" 5751
"C:/Users/Yannick/AppData/Local/UnrealEngine/Common/DerivedDataCache/Buckets/LegacySTREAMEDAUDIO/32/bc/eb3a29f14b0ff5017a8941b854239e9f26f3.udd" 5752
"C:/Users/Yannick/AppData/Local/UnrealEngine/Common/DerivedDataCache/Buckets/LegacySTREAMEDAUDIO/7b/42/411b6736a6f3893ea178f61ff125333dda87.udd" 5753
"C:/Users/Yannick/AppData/Local/UnrealEngine/Common/DerivedDataCache/Buckets/LegacySTREAMEDAUDIO/42/f1/3d4c8922fba204b5497a625bd36da0f81b20.udd" 5754
"C:/Users/Yannick/AppData/Local/UnrealEngine/Common/DerivedDataCache/Buckets/LegacyTEXTURE/a0/21/195e272c783c917eb7a609340c4ffcb79f3a.udd" 5755
"C:/Users/Yannick/AppData/Local/UnrealEngine/Common/DerivedDataCache/Buckets/LegacyTEXTURE/ee/1f/eda28e64cfff481b61ab19b112af034928f0.udd" 5756
"C:/Users/Yannick/AppData/Local/UnrealEngine/Common/DerivedDataCache/Buckets/LegacyTEXTURE/aa/83/4a2a6f71d0b77f39192f14ab77e92f962302.udd" 5757
"C:/Users/Yannick/AppData/Local/UnrealEngine/Common/DerivedDataCache/Buckets/LegacyTEXTURE/41/c2/93938f13243eb6b0af16015227ae31c48b61.udd" 5758
"C:/Users/Yannick/AppData/Local/UnrealEngine/Common/DerivedDataCache/Buckets/LegacyTEXTURE/eb/e6/8a7e574ab8f3258e211c804699ddc8a2ae1f.udd" 5759
"C:/Users/Yannick/AppData/Local/UnrealEngine/Common/DerivedDataCache/Buckets/LegacyTEXTURE/d5/d7/c945df609ab28cc24e09f43dd4864df8d1d5.udd" 5760
"C:/Users/Yannick/AppData/Local/UnrealEngine/Common/DerivedDataCache/Content/cb/66/c2f16d7769b134e2fec309b8eec7eb5637a3.udd" 5761
"C:/Users/Yannick/AppData/Local/UnrealEngine/Common/DerivedDataCache/Buckets/LegacyTEXTURE/77/07/18687d0e97f2fbbfcb7def2a74e75fc4737e.udd" 5762
"C:/Users/Yannick/AppData/Local/UnrealEngine/Common/DerivedDataCache/Buckets/LegacyTEXTURE/ae/44/a35e7679f2764d494256abb0351fffedbce3.udd" 5763
"C:/Users/Yannick/AppData/Local/UnrealEngine/Common/DerivedDataCache/Buckets/LegacyTEXTURE/f3/e9/29ac7fa2169f9b6dda7a2ed9fedc58e1681c.udd" 5764
"C:/Users/Yannick/AppData/Local/UnrealEngine/Common/DerivedDataCache/Buckets/LegacyTEXTURE/e6/93/7644e28683b3e8dd365bd663f5f17a06762a.udd" 5765
"C:/Users/Yannick/AppData/Local/UnrealEngine/Common/DerivedDataCache/Buckets/LegacyTEXTURE/2c/d1/6cc6511bd3e1d848db05b5329de4c9f0fd00.udd" 5766
"C:/Users/Yannick/AppData/Local/UnrealEngine/Common/DerivedDataCache/Buckets/LegacyTEXTURE/01/e2/55e52cc79c03d1fa569a317947d098561c61.udd" 5767
"C:/Users/Yannick/AppData/Local/UnrealEngine/Common/DerivedDataCache/Buckets/LegacyTEXTURE/29/75/96886cbf6045bec94d8ee5b56a0e4b43ea8a.udd" 5768
"C:/Users/Yannick/AppData/Local/UnrealEngine/Common/DerivedDataCache/Buckets/LegacyTEXTURE/ab/e8/b19a06f9f9954712a2502a15946e3cc3ebb7.udd" 5769
"C:/Users/Yannick/AppData/Local/UnrealEngine/Common/DerivedDataCache/Buckets/LegacyTEXTURE/c1/58/f71bbb642e873c11be06de4fe7af8615d7e8.udd" 5770
"C:/Users/Yannick/AppData/Local/UnrealEngine/Common/DerivedDataCache/Buckets/LegacyTEXTURE/80/d3/cb6ed32ceab61cda8151db892ee5907b251c.udd" 5771
"C:/Users/Yannick/AppData/Local/UnrealEngine/Common/DerivedDataCache/Buckets/LegacyTEXTURE/8f/37/22dcfeddf359ffe9d02277cc59bf5d1b3cff.udd" 5772
"C:/Users/Yannick/AppData/Local/UnrealEngine/Common/DerivedDataCache/Buckets/LegacyTEXTURE/c9/70/cceed20daf14803c8b8e70b83fed91865e46.udd" 5773
"C:/Users/Yannick/AppData/Local/UnrealEngine/Common/DerivedDataCache/Buckets/LegacyTEXTURE/03/fb/10698e073d0a74200885670dee5464c75c65.udd" 5774
"C:/Users/Yannick/AppData/Local/UnrealEngine/Common/DerivedDataCache/Buckets/LegacyTEXTURE/51/df/d45b3e0af1d1df3a015ca30385ef03f4df37.udd" 5775
"C:/Users/Yannick/AppData/Local/UnrealEngine/Common/DerivedDataCache/Buckets/LegacyTEXTURE/cc/c3/6b481fe9f0d07a7d2e7c33e4b5d115335962.udd" 5776
"C:/Users/Yannick/AppData/Local/UnrealEngine/Common/DerivedDataCache/Buckets/LegacyTEXTURE/ba/f2/33011e32d9cab71ea82fe43fa18ea668cba1.udd" 5777
"C:/Users/Yannick/AppData/Local/UnrealEngine/Common/DerivedDataCache/Buckets/LegacyTEXTURE/d9/79/e7967a6be250420cb315433f55c0ae991aac.udd" 5778
"C:/Users/Yannick/AppData/Local/UnrealEngine/Common/DerivedDataCache/Buckets/LegacyTEXTURE/1b/e3/c4f4c142ce20ea9d7bff7808b1ea827c8590.udd" 5779
"C:/Users/Yannick/AppData/Local/UnrealEngine/Common/DerivedDataCache/Buckets/LegacyTEXTURE/a4/95/ed5f0323d5a24dd3c11b546ccc7aa5b7423e.udd" 5780
"C:/Users/Yannick/AppData/Local/UnrealEngine/Common/DerivedDataCache/Buckets/LegacyTEXTURE/99/9c/42d4c7bc7892a265f503c3e133aea670a9b4.udd" 5781
"C:/Users/Yannick/AppData/Local/UnrealEngine/Common/DerivedDataCache/Buckets/LegacyTEXTURE/b3/32/cdf966340d103ac1326b27f0b8fc0c240e8a.udd" 5782
"C:/Users/Yannick/AppData/Local/UnrealEngine/Common/DerivedDataCache/Buckets/LegacyTEXTURE/e2/d9/af2609d502d9faf30f1353c0536c95ba983f.udd" 5783
"C:/Users/Yannick/AppData/Local/UnrealEngine/Common/DerivedDataCache/Buckets/LegacySTREAMEDAUDIO/1f/f9/116fb00bf0235e9ca6270603b1174ad3b9c8.udd" 5784
"C:/Users/Yannick/AppData/Local/UnrealEngine/Common/DerivedDataCache/Buckets/LegacySTREAMEDAUDIO/0e/33/7ea472ef2fea28a2950fd9bde5e40e3bb2b6.udd" 5785
"C:/Users/Yannick/AppData/Local/UnrealEngine/Common/DerivedDataCache/Buckets/LegacySTREAMEDAUDIO/69/c2/ef3dd058c45ae7c6597ea478362eb9af4624.udd" 5786
"C:/Users/Yannick/AppData/Local/UnrealEngine/Common/DerivedDataCache/Buckets/LegacySTREAMEDAUDIO/d4/48/733a414fe323df5771680e158a7d9e5a185c.udd" 5787
"C:/Users/Yannick/AppData/Local/UnrealEngine/Common/DerivedDataCache/Buckets/LegacySTREAMEDAUDIO/60/b8/339af176c3ca19d524ac9ea8d9645568647b.udd" 5788
"C:/Users/Yannick/AppData/Local/UnrealEngine/Common/DerivedDataCache/Buckets/LegacySTREAMEDAUDIO/c2/59/79767875babb044e77491fd4393c8c1197ee.udd" 5789
"C:/Users/Yannick/AppData/Local/UnrealEngine/Common/DerivedDataCache/Buckets/LegacySTREAMEDAUDIO/05/20/0fdd3b73cd3d3d8d66815bcddf0e563dc79d.udd" 5790
"C:/Users/Yannick/AppData/Local/UnrealEngine/Common/DerivedDataCache/Buckets/LegacySTREAMEDAUDIO/ad/b7/3427025681f4481910a8471c3b2b1c63299e.udd" 5791
"C:/Users/Yannick/AppData/Local/UnrealEngine/Common/DerivedDataCache/Buckets/LegacySTREAMEDAUDIO/2a/25/3aa16f50c2c18572d87fa6440c432f09ee86.udd" 5792
"C:/Users/Yannick/AppData/Local/UnrealEngine/Common/DerivedDataCache/Buckets/LegacySTREAMEDAUDIO/b3/d4/0c2ce119a383722df8407e373a4337d7cfb3.udd" 5793
"C:/Users/Yannick/AppData/Local/UnrealEngine/Common/DerivedDataCache/Buckets/LegacySTREAMEDAUDIO/4b/16/bfd5a53cb744e49ffb4a25c8b6bbcf4e922b.udd" 5794
"C:/Users/Yannick/AppData/Local/UnrealEngine/Common/DerivedDataCache/Buckets/LegacySTREAMEDAUDIO/09/ea/61734718e32b7d66b96e2b7b5942ec565371.udd" 5795
"C:/Users/Yannick/AppData/Local/UnrealEngine/Common/DerivedDataCache/Buckets/LegacyTEXTURE/09/d6/2c26c4498de319d1a48639348683f83c9407.udd" 5796
"C:/Users/Yannick/AppData/Local/UnrealEngine/Common/DerivedDataCache/Buckets/LegacyTEXTURE/c6/9b/5609b4d96403cd91ec2d57ab7dbe5e2a560f.udd" 5797
"C:/Users/Yannick/AppData/Local/UnrealEngine/Common/DerivedDataCache/Buckets/LegacyTEXTURE/3e/f4/bfc683dece628f8a5ba6a91aa893c6b19739.udd" 5798
"C:/Users/Yannick/AppData/Local/UnrealEngine/Common/DerivedDataCache/Buckets/LegacyTEXTURE/68/f4/d0d68c9382558da5f10db7130e70e42900d6.udd" 5799
"C:/Users/Yannick/AppData/Local/UnrealEngine/Common/DerivedDataCache/Buckets/LegacyTEXTURE/2b/b5/885fe502395b0ed7672956cbfc8dc30ee0d1.udd" 5800
"C:/Users/Yannick/AppData/Local/UnrealEngine/Common/DerivedDataCache/Buckets/LegacyTEXTURE/78/24/b9a24fa7b25f7dae6e1b3383c2fd930fc8f8.udd" 5801
"C:/Users/Yannick/AppData/Local/UnrealEngine/Common/DerivedDataCache/Buckets/LegacyTEXTURE/83/61/102e63237cc02f6c1cad2b3fbd3ec83d6df2.udd" 5802
"C:/Users/Yannick/AppData/Local/UnrealEngine/Common/DerivedDataCache/Buckets/LegacySTREAMEDAUDIO/67/b1/8e169865e0d4cf8c9bf8e6336d3ec72bce69.udd" 5803
"C:/Users/Yannick/AppData/Local/UnrealEngine/Common/DerivedDataCache/Buckets/LegacySTREAMEDAUDIO/02/5d/7c8910bec413f7a7989f68266dd2cba70cc4.udd" 5804
"C:/Users/Yannick/AppData/Local/UnrealEngine/Common/DerivedDataCache/Buckets/LegacySTREAMEDAUDIO/5d/b6/924884a258b06533b67e3f907cef04c5a85a.udd" 5805
"C:/Users/Yannick/AppData/Local/UnrealEngine/Common/DerivedDataCache/Buckets/LegacyTEXTURE/79/8f/1eafbf99ae77e12129a71156c6302ff6091c.udd" 5806
"C:/Users/Yannick/AppData/Local/UnrealEngine/Common/DerivedDataCache/Buckets/LegacyTEXTURE/67/c5/3bc9e01f4bea4b782a245244dada7d246501.udd" 5807
"C:/Users/Yannick/AppData/Local/UnrealEngine/Common/DerivedDataCache/Buckets/LegacyTEXTURE/76/91/d4b3f43010e330a3f3042b0cb9a0c546763e.udd" 5808
"C:/Users/Yannick/AppData/Local/UnrealEngine/Common/DerivedDataCache/Buckets/LegacyTEXTURE/80/85/7ef1e780dcf349b71a791e0a4b572d4b33ab.udd" 5809
"C:/Users/Yannick/AppData/Local/UnrealEngine/Common/DerivedDataCache/Buckets/LegacyTEXTURE/63/5d/dabdf08ee245761b4fdbe9ef3f56ed9a4687.udd" 5810
"C:/Users/Yannick/AppData/Local/UnrealEngine/Common/DerivedDataCache/Content/c6/8f/7a172f052a507ae6b036c9acd383095056c2.udd" 5811
"C:/Users/Yannick/AppData/Local/UnrealEngine/Common/DerivedDataCache/Buckets/LegacyTEXTURE/6c/03/866d3cab50a27c66d54db6b1fc61b5776e7c.udd" 5812
"C:/Users/Yannick/AppData/Local/UnrealEngine/Common/DerivedDataCache/Buckets/LegacyTEXTURE/05/59/085d9aa1d6a8622328cf3c54353d7df159e3.udd" 5813
"C:/Users/Yannick/AppData/Local/UnrealEngine/Common/DerivedDataCache/Buckets/LegacyTEXTURE/e5/9c/9bb183149899f6228f26909b008bd821e218.udd" 5814
"C:/Users/Yannick/AppData/Local/UnrealEngine/Common/DerivedDataCache/Buckets/LegacyTEXTURE/f5/38/c2a59419c4af7a4397dd3a64b44d895a55ba.udd" 5815
"C:/Users/Yannick/AppData/Local/UnrealEngine/Common/DerivedDataCache/Buckets/LegacyTEXTURE/a9/d9/2946331f8d470ad8452c93c50112fea5ecf9.udd" 5816
"C:/Users/Yannick/AppData/Local/UnrealEngine/Common/DerivedDataCache/Buckets/LegacyTEXTURE/7d/bf/b4c685ddd8b5e788152facfff2e7c644f4fa.udd" 5817
"C:/Users/Yannick/AppData/Local/UnrealEngine/Common/DerivedDataCache/Buckets/LegacyTEXTURE/1e/48/5c072a851b3b22f613c51e95bf6682a9afa4.udd" 5818
"C:/Users/Yannick/AppData/Local/UnrealEngine/Common/DerivedDataCache/Buckets/LegacyTEXTURE/b5/85/6b5f08cd2a3de6e8ce171c4162faecb6a40e.udd" 5819
"C:/Users/Yannick/AppData/Local/UnrealEngine/Common/DerivedDataCache/Buckets/LegacyTEXTURE/0b/8f/d61bbf5e0f9234cc72accd3591de3515277b.udd" 5820
"C:/Users/Yannick/AppData/Local/UnrealEngine/Common/DerivedDataCache/Buckets/LegacyTEXTURE/3c/69/e23e80069fa916aba507e33a3774fb1f081c.udd" 5821
"C:/Users/Yannick/AppData/Local/UnrealEngine/Common/DerivedDataCache/Buckets/LegacyTEXTURE/a2/3a/938ab0b29918478e43329124d1d3916b7aee.udd" 5822
"C:/Users/Yannick/AppData/Local/UnrealEngine/Common/DerivedDataCache/Buckets/LegacyTEXTURE/44/df/c807527f4a8d2271bed4428a99edac978cf5.udd" 5823
"C:/Users/Yannick/AppData/Local/UnrealEngine/Common/DerivedDataCache/Buckets/LegacyTEXTURE/1d/14/d65a33193d6326b8e8cc2c0395e5dc7450f2.udd" 5824
"C:/Users/Yannick/AppData/Local/UnrealEngine/Common/DerivedDataCache/Buckets/LegacyTEXTURE/89/d6/45165eb2c99dcce9989c7215848f8164e0f5.udd" 5825
"C:/Users/Yannick/AppData/Local/UnrealEngine/Common/DerivedDataCache/Buckets/LegacyTEXTURE/6c/bd/d5424635d737cca428f7cc09e1752508b5a8.udd" 5826
"C:/Users/Yannick/AppData/Local/UnrealEngine/Common/DerivedDataCache/Buckets/LegacyTEXTURE/21/eb/6d59765d4022c9aa67cdcf00d8401280b22a.udd" 5827
"C:/Users/Yannick/AppData/Local/UnrealEngine/Common/DerivedDataCache/Buckets/LegacyTEXTURE/67/58/5bfc6dcd5248032e89c198c71e6cdbc6dd43.udd" 5828
"C:/Users/Yannick/AppData/Local/UnrealEngine/Common/DerivedDataCache/Buckets/LegacyTEXTURE/22/0d/00bbc1f8b1dde7febcc3b142a5d8268d78b1.udd" 5829
"C:/Users/Yannick/AppData/Local/UnrealEngine/Common/DerivedDataCache/Buckets/LegacyTEXTURE/e8/88/da72309934199cae0dbf9aec15315c3a08c1.udd" 5830
"C:/Users/Yannick/AppData/Local/UnrealEngine/Common/DerivedDataCache/Buckets/LegacyTEXTURE/2b/1f/f01635eba3490046f9521fca2ef08461f3d1.udd" 5831
"C:/Users/Yannick/AppData/Local/UnrealEngine/Common/DerivedDataCache/Buckets/LegacyTEXTURE/3e/1a/91d8d8d3855a33b5b54bc62ce78807678e6f.udd" 5832
"C:/Users/Yannick/AppData/Local/UnrealEngine/Common/DerivedDataCache/Buckets/LegacyTEXTURE/67/6a/e0bd12668751a9675f160f52cd6f5d62fe4a.udd" 5833
"C:/Users/Yannick/AppData/Local/UnrealEngine/Common/DerivedDataCache/Buckets/LegacyTEXTURE/41/51/8c08edcf3e509c85a1badb5570806c778357.udd" 5834
"C:/Users/Yannick/AppData/Local/UnrealEngine/Common/DerivedDataCache/Buckets/LegacySTREAMEDAUDIO/fb/ed/8eab1d29512e4f6a1165b9613c02094116e9.udd" 5835
"C:/Users/Yannick/AppData/Local/UnrealEngine/Common/DerivedDataCache/Buckets/LegacySTREAMEDAUDIO/14/b3/91a84cb3f04818cd8ae51f9f0644320bd522.udd" 5836
"C:/Users/Yannick/AppData/Local/UnrealEngine/Common/DerivedDataCache/Buckets/LegacySTREAMEDAUDIO/ca/ee/041e386f9bef87e8891071b452aaf3c72811.udd" 5837
"C:/Users/Yannick/AppData/Local/UnrealEngine/Common/DerivedDataCache/Buckets/LegacySTREAMEDAUDIO/4d/f0/5e5c6a4b8bad3c6c61617f03c9ca15001c41.udd" 5838
"C:/Users/Yannick/AppData/Local/UnrealEngine/Common/DerivedDataCache/Buckets/LegacySTREAMEDAUDIO/ae/ce/419f599800d546eb2effbe719be14464d081.udd" 5839
"C:/Users/Yannick/AppData/Local/UnrealEngine/Common/DerivedDataCache/Buckets/LegacySTREAMEDAUDIO/dc/07/f33e5cd777834077790a7894f43a7423cb8d.udd" 5840
"C:/Users/Yannick/AppData/Local/UnrealEngine/Common/DerivedDataCache/Buckets/LegacySTREAMEDAUDIO/69/13/6c103ae2334f57486049a24decca1b4bcd4f.udd" 5841
"C:/Users/Yannick/AppData/Local/UnrealEngine/Common/DerivedDataCache/Buckets/LegacySTREAMEDAUDIO/bf/0e/d5f6ce065597f4dc2d334e6b2e8e6355e1bd.udd" 5842
"C:/Users/Yannick/AppData/Local/UnrealEngine/Common/DerivedDataCache/Buckets/LegacySTREAMEDAUDIO/a6/97/2f7ef602d7c23e48aa83851a00c275911b3b.udd" 5843
"C:/Users/Yannick/AppData/Local/UnrealEngine/Common/DerivedDataCache/Buckets/LegacySTREAMEDAUDIO/5a/e8/db762ef85994d8d16febdd8db48b33641412.udd" 5844
"C:/Users/Yannick/AppData/Local/UnrealEngine/Common/DerivedDataCache/Buckets/LegacyTEXTURE/b9/41/2b35e1a62b468f73d85535139bfb465054ce.udd" 5845
"C:/Users/Yannick/AppData/Local/UnrealEngine/Common/DerivedDataCache/Buckets/LegacyTEXTURE/68/69/9ae3b064c71e38aa5770a27b898790a136b7.udd" 5846
"C:/Users/Yannick/AppData/Local/UnrealEngine/Common/DerivedDataCache/Buckets/LegacyTEXTURE/6c/d8/a6e7d1954b03159d5ca5caf97f0e89afadf7.udd" 5847
"C:/Users/Yannick/AppData/Local/UnrealEngine/Common/DerivedDataCache/Buckets/LegacyTEXTURE/5c/1d/a57790e6f34ef80959309d3f5f40fa349831.udd" 5848
"C:/Users/Yannick/AppData/Local/UnrealEngine/Common/DerivedDataCache/Buckets/LegacyTEXTURE/e6/4a/2b8c588342ce18204f5d22f80dab4f84e639.udd" 5849
"C:/Users/Yannick/AppData/Local/UnrealEngine/Common/DerivedDataCache/Content/20/f9/17156ce9d1fc66aba951fa4b0b7c97676877.udd" 5850
"C:/Users/Yannick/AppData/Local/UnrealEngine/Common/DerivedDataCache/Buckets/LegacyTEXTURE/aa/66/47eb381f34dcdca277f6023676cf5423fad4.udd" 5851
"C:/Users/Yannick/AppData/Local/UnrealEngine/Common/DerivedDataCache/Buckets/LegacyTEXTURE/e4/3d/5c3dc6aedf507977d8e136813cae6108f6c3.udd" 5852
"C:/Users/Yannick/AppData/Local/UnrealEngine/Common/DerivedDataCache/Buckets/LegacyTEXTURE/f1/6f/86278ef8a3004cb5aa0a62b660d40cb9ed7b.udd" 5853
"C:/Users/Yannick/AppData/Local/UnrealEngine/Common/DerivedDataCache/Buckets/LegacyTEXTURE/33/8a/e53b3ea9918a70c6395ff286fd330365535f.udd" 5854
"C:/Users/Yannick/AppData/Local/UnrealEngine/Common/DerivedDataCache/Buckets/LegacyTEXTURE/36/d3/1c989ee78b98d22064c54e70abaedbaeb59d.udd" 5855
"C:/Users/Yannick/AppData/Local/UnrealEngine/Common/DerivedDataCache/Buckets/LegacyTEXTURE/dd/2c/6f77b7fbe168f6fae0c2434879acfec33406.udd" 5856
"C:/Users/Yannick/AppData/Local/UnrealEngine/Common/DerivedDataCache/Buckets/LegacyTEXTURE/c5/bb/76f119fecfdf1f8d40b0ff6e68b71590b057.udd" 5857
"C:/Users/Yannick/AppData/Local/UnrealEngine/Common/DerivedDataCache/Buckets/LegacyTEXTURE/2e/47/46a181242d9fa51d3d90778c4107deaf304d.udd" 5858
"C:/Users/Yannick/AppData/Local/UnrealEngine/Common/DerivedDataCache/Buckets/LegacyTEXTURE/34/52/e3b8a2c581c0488eb9b520b4a09324c76021.udd" 5859
"C:/Users/Yannick/AppData/Local/UnrealEngine/Common/DerivedDataCache/Buckets/LegacyTEXTURE/9e/c7/b21377aa97177b05449fcc0e7acc0b108331.udd" 5860
"C:/Users/Yannick/AppData/Local/UnrealEngine/Common/DerivedDataCache/Buckets/LegacyTEXTURE/c5/76/0e0b359e8d76d1d6a31fdd4b9b98bca1c2fc.udd" 5861
"C:/Users/Yannick/AppData/Local/UnrealEngine/Common/DerivedDataCache/Buckets/LegacyTEXTURE/d1/3f/dd53e6ba2d160bd170021a84b0af23ddc1cf.udd" 5862
"C:/Users/Yannick/AppData/Local/UnrealEngine/Common/DerivedDataCache/Buckets/LegacyTEXTURE/44/85/ad1d17d46a3e8341342677873f6a113d319d.udd" 5863
"C:/Users/Yannick/AppData/Local/UnrealEngine/Common/DerivedDataCache/Buckets/LegacyTEXTURE/c2/32/3b79ff7a19a3ee3b530fbb6b539856bd9cbd.udd" 5864
"C:/Users/Yannick/AppData/Local/UnrealEngine/Common/DerivedDataCache/Buckets/LegacyTEXTURE/98/6a/b59d7b9c536e2c57372116891450886e7048.udd" 5865
"C:/Users/Yannick/AppData/Local/UnrealEngine/Common/DerivedDataCache/Buckets/LegacyTEXTURE/f9/ca/8fd1824d8837e3273b2eb2d595d9e5d4a062.udd" 5866
"C:/Users/Yannick/AppData/Local/UnrealEngine/Common/DerivedDataCache/Buckets/LegacyTEXTURE/40/35/00d423bf840a541df5350c1f612f696861ec.udd" 5867
"C:/Users/Yannick/AppData/Local/UnrealEngine/Common/DerivedDataCache/Buckets/LegacyTEXTURE/f3/8e/a56d64b939afce2540aad6532b40549950ba.udd" 5868
"C:/Users/Yannick/AppData/Local/UnrealEngine/Common/DerivedDataCache/Buckets/LegacyTEXTURE/89/6b/27b5ddd6763e0d778f792e5092de4d5fdbc0.udd" 5869
"C:/Users/Yannick/AppData/Local/UnrealEngine/Common/DerivedDataCache/Buckets/LegacyTEXTURE/8b/ce/a1e4cc1b8fc494bb2d649e3a3864374db9ea.udd" 5870
"C:/Users/Yannick/AppData/Local/UnrealEngine/Common/DerivedDataCache/Buckets/LegacyTEXTURE/6e/7b/6f978a217f2bdb4a889acb1b7f16de997fec.udd" 5871
"C:/Users/Yannick/AppData/Local/UnrealEngine/Common/DerivedDataCache/Buckets/LegacyTEXTURE/9f/8b/7fa1a137064a6c9e0515067c1425758082ce.udd" 5872
"C:/Users/Yannick/AppData/Local/UnrealEngine/Common/DerivedDataCache/Buckets/LegacyTEXTURE/54/66/18a3fbd2ac730a6a83721241741cb73efa1e.udd" 5873
"C:/Users/Yannick/AppData/Local/UnrealEngine/Common/DerivedDataCache/Buckets/LegacyTEXTURE/3b/a0/11b855fc626d4aab1941e3d25074fef9d89b.udd" 5874
"C:/Users/Yannick/AppData/Local/UnrealEngine/Common/DerivedDataCache/Content/ad/21/9aa2db99069815e86d980c05ba34cabcca7f.udd" 5875
"C:/Users/Yannick/AppData/Local/UnrealEngine/Common/DerivedDataCache/Buckets/LegacyTEXTURE/53/ab/efd5816aabe5dcd7c9be52ceb1b3ace2c08f.udd" 5876
"C:/Users/Yannick/AppData/Local/UnrealEngine/Common/DerivedDataCache/Buckets/LegacyTEXTURE/09/60/781fd34666f98b052465d8c9bc5d249d2423.udd" 5877
"C:/Users/Yannick/AppData/Local/UnrealEngine/Common/DerivedDataCache/Buckets/LegacyTEXTURE/2e/a9/9010b1b539a30b1e1c6d603a27aba74502c4.udd" 5878
"C:/Users/Yannick/AppData/Local/UnrealEngine/Common/DerivedDataCache/Buckets/LegacyTEXTURE/eb/ce/37a8ff953ab6b1b6dae236d6a67d8bd447e0.udd" 5879
"C:/Users/Yannick/AppData/Local/UnrealEngine/Common/DerivedDataCache/Buckets/LegacyTEXTURE/ba/54/c1a9670b6fe47d994c0351dad89fc69330b4.udd" 5880
"C:/Users/Yannick/AppData/Local/UnrealEngine/Common/DerivedDataCache/Buckets/LegacyTEXTURE/87/43/0dc18962001c109ba63629c272cd3b02f067.udd" 5881
"C:/Users/Yannick/AppData/Local/UnrealEngine/Common/DerivedDataCache/Buckets/LegacyTEXTURE/04/1b/5d3a3aa316fafe8b964dfcde432ca111f9a0.udd" 5882
"C:/Users/Yannick/AppData/Local/UnrealEngine/Common/DerivedDataCache/Buckets/LegacyTEXTURE/ef/25/0090144e608a3e2ad7cdb6ad7c9d53966eab.udd" 5883
"C:/Users/Yannick/AppData/Local/UnrealEngine/Common/DerivedDataCache/Buckets/LegacyTEXTURE/4e/75/55f86304dd64d8740d1ce376627d8dfc531d.udd" 5884
"C:/Users/Yannick/AppData/Local/UnrealEngine/Common/DerivedDataCache/Buckets/LegacyTEXTURE/e3/3e/34ed47012cc9d8695c49465fc0706e016fdc.udd" 5885
"C:/Users/Yannick/AppData/Local/UnrealEngine/Common/DerivedDataCache/Buckets/LegacyTEXTURE/0d/91/54ed5054a59113d2d7a86f836a5a32e83600.udd" 5886
"C:/Users/Yannick/AppData/Local/UnrealEngine/Common/DerivedDataCache/Buckets/LegacyTEXTURE/5d/e1/ac2c2dc8c361004e1844c34c105ed0acc433.udd" 5887
"C:/Users/Yannick/AppData/Local/UnrealEngine/Common/DerivedDataCache/Buckets/LegacyTEXTURE/15/bb/31ae12dbc2805cd9a66dde78bd0a45370f3d.udd" 5888
"C:/Users/Yannick/AppData/Local/UnrealEngine/Common/DerivedDataCache/Buckets/LegacyTEXTURE/ec/ba/c32ffd9fad6a7bdb085d57547a9f62d857a5.udd" 5889
"C:/Users/Yannick/AppData/Local/UnrealEngine/Common/DerivedDataCache/Buckets/LegacyTEXTURE/fd/88/b1202906d42d12d26378515c1f4ddd79d8b1.udd" 5890
"C:/Users/Yannick/AppData/Local/UnrealEngine/Common/DerivedDataCache/Buckets/LegacyTEXTURE/03/25/025123f37ef9852b3bc7eefc1b2de52b43c3.udd" 5891
"C:/Users/Yannick/AppData/Local/UnrealEngine/Common/DerivedDataCache/Buckets/LegacyTEXTURE/71/c3/ceb354ac9ccd30f6d098f5e2c515e34e45da.udd" 5892
"C:/Users/Yannick/AppData/Local/UnrealEngine/Common/DerivedDataCache/Buckets/LegacyTEXTURE/39/ad/738491134a68de8a7d7e299e106ad789b59d.udd" 5893
"C:/Users/Yannick/AppData/Local/UnrealEngine/Common/DerivedDataCache/Buckets/LegacyTEXTURE/b1/ac/b6405d9a8f02c7d8f5e3874920cecaaaddfa.udd" 5894
"C:/Users/Yannick/AppData/Local/UnrealEngine/Common/DerivedDataCache/Buckets/LegacyTEXTURE/e4/9d/83d769cc6e3035283f6eea54350dc94d43b7.udd" 5895
"C:/Users/Yannick/AppData/Local/UnrealEngine/Common/DerivedDataCache/Buckets/LegacyTEXTURE/24/51/8f1333538c71b08910cebf586373ed02d1f1.udd" 5896
"C:/Users/Yannick/AppData/Local/UnrealEngine/Common/DerivedDataCache/Buckets/LegacyTEXTURE/d8/12/7538bb4804489954a38b799fbb6a0a7ab3b3.udd" 5897
"C:/Users/Yannick/AppData/Local/UnrealEngine/Common/DerivedDataCache/Buckets/LegacyTEXTURE/54/e4/3c46b82b0a61997c58828659083065725c86.udd" 5898
"C:/Users/Yannick/AppData/Local/UnrealEngine/Common/DerivedDataCache/Buckets/LegacyTEXTURE/08/50/3a6ba69c042bc946ad64545b73be2e771085.udd" 5899
"C:/Users/Yannick/AppData/Local/UnrealEngine/Common/DerivedDataCache/Buckets/LegacyTEXTURE/04/2d/9a2422adc00d9d5576863cf3335d00933c11.udd" 5900
"C:/Users/Yannick/AppData/Local/UnrealEngine/Common/DerivedDataCache/Buckets/LegacyTEXTURE/a8/d0/1b0de04707d2180fc0263bc5974823c2b572.udd" 5901
"C:/Users/Yannick/AppData/Local/UnrealEngine/Common/DerivedDataCache/Buckets/LegacyTEXTURE/54/dd/0d7fbdb9e116adfbededdf43ee7f5d0aa17b.udd" 5902
"C:/Users/Yannick/AppData/Local/UnrealEngine/Common/DerivedDataCache/Buckets/LegacyTEXTURE/a4/94/a3be4ec3f0633e64d17fde50e051bc0fc9ef.udd" 5903
"C:/Users/Yannick/AppData/Local/UnrealEngine/Common/DerivedDataCache/Buckets/LegacyTEXTURE/b5/98/166b1305cc73e113be419bdf98e62f56ee6d.udd" 5904
"C:/Users/Yannick/AppData/Local/UnrealEngine/Common/DerivedDataCache/Buckets/LegacyTEXTURE/a7/2f/c1bfa704889e7dd307d4cc5c80c1532b1262.udd" 5905
"C:/Users/Yannick/AppData/Local/UnrealEngine/Common/DerivedDataCache/Buckets/LegacyTEXTURE/27/97/1a83503e5a54da662394c0837d275954fa3b.udd" 5906
"C:/Users/Yannick/AppData/Local/UnrealEngine/Common/DerivedDataCache/Buckets/LegacyTEXTURE/6d/66/398adaeebf5855910388b46a5ff6877d5e92.udd" 5907
"C:/Users/Yannick/AppData/Local/UnrealEngine/Common/DerivedDataCache/Buckets/LegacyTEXTURE/01/fa/14788ee872809098970e63a0f5ff9297e442.udd" 5908
"C:/Users/Yannick/AppData/Local/UnrealEngine/Common/DerivedDataCache/Buckets/LegacyTEXTURE/94/7a/ad2e87cf9f0bf8aa4969d5f1f70c408e90fb.udd" 5909
"C:/Users/Yannick/AppData/Local/UnrealEngine/Common/DerivedDataCache/Buckets/LegacyTEXTURE/61/dc/e8631af59d4ca4c8c247e3dadaba61601c60.udd" 5910
"C:/Users/Yannick/AppData/Local/UnrealEngine/Common/DerivedDataCache/Buckets/LegacyTEXTURE/70/88/cc1a3685781142d4b7a0030cadd61fd8fe94.udd" 5911
"C:/Users/Yannick/AppData/Local/UnrealEngine/Common/DerivedDataCache/Buckets/LegacyTEXTURE/b0/3d/c7233a4f2271320d4b8b88b6cbbe4afa5888.udd" 5912
"C:/Users/Yannick/AppData/Local/UnrealEngine/Common/DerivedDataCache/Buckets/LegacyTEXTURE/c4/28/e8be526f67685f8c486b426b952f0928c367.udd" 5913
"C:/Users/Yannick/AppData/Local/UnrealEngine/Common/DerivedDataCache/Buckets/LegacyTEXTURE/40/8c/22978c7d11f8142bee6f84fbf59705cd413e.udd" 5914
"C:/Users/Yannick/AppData/Local/UnrealEngine/Common/DerivedDataCache/Buckets/LegacyTEXTURE/08/22/dd35c2a25503c4ac0effce4f9dade41c09bd.udd" 5915
"C:/Users/Yannick/AppData/Local/UnrealEngine/Common/DerivedDataCache/Buckets/LegacyTEXTURE/7e/6b/94912fcdd9ebb4eb3dee87c01b5874650aa7.udd" 5916
"C:/Users/Yannick/AppData/Local/UnrealEngine/Common/DerivedDataCache/Buckets/LegacyTEXTURE/85/5f/08f28de5000181784fc1769f1fa3a597be77.udd" 5917
"C:/Users/Yannick/AppData/Local/UnrealEngine/Common/DerivedDataCache/Buckets/LegacyTEXTURE/7b/d4/cfd7fbb5fa3fde9c8cbb3a3f81226d2e8f95.udd" 5918
"C:/Users/Yannick/AppData/Local/UnrealEngine/Common/DerivedDataCache/Buckets/LegacyTEXTURE/09/b2/61f3beab110424d790f5d561bdb1c01850c4.udd" 5919
"C:/Users/Yannick/AppData/Local/UnrealEngine/Common/DerivedDataCache/Buckets/LegacyTEXTURE/ca/b0/db264a3a685115fd5d9902c8ec57add5666d.udd" 5920
"C:/Users/Yannick/AppData/Local/UnrealEngine/Common/DerivedDataCache/Buckets/LegacyTEXTURE/3c/f8/a4dabd0c6f2e777e84b8468737ce65d1ace7.udd" 5921
"C:/Users/Yannick/AppData/Local/UnrealEngine/Common/DerivedDataCache/Buckets/LegacyTEXTURE/1a/d4/16a2d34fa45f418ccb7d02fee3c39eeb9cce.udd" 5922
"C:/Users/Yannick/AppData/Local/UnrealEngine/Common/DerivedDataCache/Buckets/LegacyTEXTURE/4d/16/37d36ba94cc21b7ce86608f53106d9e8de05.udd" 5923
"C:/Users/Yannick/AppData/Local/UnrealEngine/Common/DerivedDataCache/Buckets/LegacyTEXTURE/9b/8c/c711d2ed0f56c8230ebd91c1a80e9209fc7f.udd" 5924
"C:/Users/Yannick/AppData/Local/UnrealEngine/Common/DerivedDataCache/Buckets/LegacyTEXTURE/cc/92/dbcacc4e1d59d4b09f2604883ed02b1dfd0f.udd" 5925
"C:/Users/Yannick/AppData/Local/UnrealEngine/Common/DerivedDataCache/Buckets/LegacyTEXTURE/43/5b/4c707b540a6e76fa414d869ccc90bd874b8e.udd" 5926
"C:/Users/Yannick/AppData/Local/UnrealEngine/Common/DerivedDataCache/Buckets/LegacyTEXTURE/7b/3d/2e61b1e494a80cb631c35bfcb5b28925e32e.udd" 5927
"C:/Users/Yannick/AppData/Local/UnrealEngine/Common/DerivedDataCache/Buckets/LegacyTEXTURE/d4/76/cd7e123c4cf6a737675169bc2a012d2aead7.udd" 5928
"C:/Users/Yannick/AppData/Local/UnrealEngine/Common/DerivedDataCache/Buckets/LegacyTEXTURE/65/bd/45bdb23bae2911f8104cfe170576968964f7.udd" 5929
"C:/Users/Yannick/AppData/Local/UnrealEngine/Common/DerivedDataCache/Buckets/LegacyTEXTURE/22/0c/9f8874af1243664f417b5c4b1d9f5e55c817.udd" 5930
"C:/Users/Yannick/AppData/Local/UnrealEngine/Common/DerivedDataCache/Buckets/LegacyTEXTURE/b7/30/624611ea2bc1efa5efb1505bbff396bd58ef.udd" 5931
"C:/Users/Yannick/AppData/Local/UnrealEngine/Common/DerivedDataCache/Buckets/LegacyTEXTURE/38/3f/cd0ac5eea644f520e5ce385b67e45c40e6a4.udd" 5932
"C:/Users/Yannick/AppData/Local/UnrealEngine/Common/DerivedDataCache/Buckets/LegacyTEXTURE/2f/e5/df3dc337a0266d6a8b1935deec7da3d95fb5.udd" 5933
"C:/Users/Yannick/AppData/Local/UnrealEngine/Common/DerivedDataCache/Buckets/LegacyTEXTURE/d8/1c/495b8966969fb05691f09149154410761899.udd" 5934
"C:/Users/Yannick/AppData/Local/UnrealEngine/Common/DerivedDataCache/Buckets/LegacyTEXTURE/df/92/a1045d02695b66152c5bbc5b613ff6384112.udd" 5935
"C:/Users/Yannick/AppData/Local/UnrealEngine/Common/DerivedDataCache/Buckets/LegacyTEXTURE/5c/b3/2b5f73c406f56247fbbc11243d4fdbbbc537.udd" 5936
"C:/Users/Yannick/AppData/Local/UnrealEngine/Common/DerivedDataCache/Buckets/LegacyTEXTURE/65/85/55f9ad3cb04caff582cf6df48c91c3153999.udd" 5937
"C:/Users/Yannick/AppData/Local/UnrealEngine/Common/DerivedDataCache/Buckets/LegacyTEXTURE/ca/fb/9d21fc4c13427a76cdbeb95ea56d32a76d9e.udd" 5938
"C:/Users/Yannick/AppData/Local/UnrealEngine/Common/DerivedDataCache/Buckets/LegacyTEXTURE/f2/7f/5254aad7a62b1d055abe795efaeaae08678c.udd" 5939
"C:/Users/Yannick/AppData/Local/UnrealEngine/Common/DerivedDataCache/Buckets/LegacyTEXTURE/55/91/24dd29d9b62288c340996921b8c8da489890.udd" 5940
"C:/Users/Yannick/AppData/Local/UnrealEngine/Common/DerivedDataCache/Buckets/LegacyTEXTURE/75/cf/febafe78fa58d1c9daae1fdb1f773af57d3a.udd" 5941
"C:/Users/Yannick/AppData/Local/UnrealEngine/Common/DerivedDataCache/Buckets/LegacyTEXTURE/8d/49/06f59da0f8e4e189d14f999592338c69ef88.udd" 5942
"C:/Users/Yannick/AppData/Local/UnrealEngine/Common/DerivedDataCache/Buckets/LegacyTEXTURE/3b/45/4bc1df66c7fdbf50c63f01d13e1dc3d1683a.udd" 5943
"C:/Users/Yannick/AppData/Local/UnrealEngine/Common/DerivedDataCache/Buckets/LegacyTEXTURE/28/cb/f4d4408559acd40ec3901e87d3abfbb3d7d9.udd" 5944
"C:/Users/Yannick/AppData/Local/UnrealEngine/Common/DerivedDataCache/Buckets/LegacyTEXTURE/14/b2/ccad986a0521dbba6023192624c52e2c312d.udd" 5945
"C:/Users/Yannick/AppData/Local/UnrealEngine/Common/DerivedDataCache/Buckets/LegacyTEXTURE/8d/8f/2f54abad28e9e1d6945c68fbe83042c550f8.udd" 5946
"C:/Users/Yannick/AppData/Local/UnrealEngine/Common/DerivedDataCache/Buckets/LegacyTEXTURE/0b/94/00d79b418335cfc4a66371b668bf4d06b07c.udd" 5947
"C:/Users/Yannick/AppData/Local/UnrealEngine/Common/DerivedDataCache/Buckets/LegacyTEXTURE/b6/37/42d71966ebb4ea8bd08cc4b725dc88d00620.udd" 5948
"C:/Users/Yannick/AppData/Local/UnrealEngine/Common/DerivedDataCache/Buckets/LegacyTEXTURE/35/cd/91f5f0a5479b2d5bafac05931803cf627471.udd" 5949
"C:/Users/Yannick/AppData/Local/UnrealEngine/Common/DerivedDataCache/Buckets/LegacyTEXTURE/34/ee/b2be82419312cf6b6a0b764bc6f7685215d6.udd" 5950
"C:/Users/Yannick/AppData/Local/UnrealEngine/Common/DerivedDataCache/Buckets/LegacyTEXTURE/b9/b7/c5fc546bd4c9cdc9eac5be3e7d5ed2776849.udd" 5951
"C:/Users/Yannick/AppData/Local/UnrealEngine/Common/DerivedDataCache/Buckets/LegacyTEXTURE/01/35/8b4b876ce2bd1f0b8311d4cf39e38d4a3ccf.udd" 5952
"C:/Users/Yannick/AppData/Local/UnrealEngine/Common/DerivedDataCache/Buckets/LegacyTEXTURE/be/17/5b33286dba4d0fbca72e99e056b784d57d0c.udd" 5953
"C:/Users/Yannick/AppData/Local/UnrealEngine/Common/DerivedDataCache/Buckets/LegacyTEXTURE/b2/4f/c9102ccd09beb6ee6e0712d911efd6a4f79d.udd" 5954
"C:/Users/Yannick/AppData/Local/UnrealEngine/Common/DerivedDataCache/Buckets/LegacyTEXTURE/36/d4/9679b8b7f4db08309332b65f2d631093fde1.udd" 5955
"C:/Users/Yannick/AppData/Local/UnrealEngine/Common/DerivedDataCache/Buckets/LegacyTEXTURE/e1/29/260fbb09b028bac65c01f2f25b5782c1cd54.udd" 5956
"C:/Users/Yannick/AppData/Local/UnrealEngine/Common/DerivedDataCache/Buckets/LegacyTEXTURE/07/66/cbf95ae519b0f3054ccb544cd238a4e3de62.udd" 5957
"C:/Users/Yannick/AppData/Local/UnrealEngine/Common/DerivedDataCache/Buckets/LegacyTEXTURE/85/2f/496ed1f7327bc933c349fa4ead849ab139dd.udd" 5958
"C:/Users/Yannick/AppData/Local/UnrealEngine/Common/DerivedDataCache/Buckets/LegacyTEXTURE/8b/42/868f543186bd4a606e25f3c91e1d4d6649a1.udd" 5959
"C:/Users/Yannick/AppData/Local/UnrealEngine/Common/DerivedDataCache/Buckets/LegacyTEXTURE/7b/7b/b6959aa8f41d78aafc07fed85e85997bb902.udd" 5960
"C:/Users/Yannick/AppData/Local/UnrealEngine/Common/DerivedDataCache/Buckets/LegacyTEXTURE/35/04/bdad8748d80be1a9157eaa3e39e556d31849.udd" 5961
"C:/Users/Yannick/AppData/Local/UnrealEngine/Common/DerivedDataCache/Buckets/LegacyTEXTURE/e0/d4/6354c27457771f68d234d6e4ad4656c7f055.udd" 5962
"C:/Users/Yannick/AppData/Local/UnrealEngine/Common/DerivedDataCache/Buckets/LegacyTEXTURE/9d/6d/45e904abed82e865ed17ff92d3e53354d885.udd" 5963
"C:/Users/Yannick/AppData/Local/UnrealEngine/Common/DerivedDataCache/Buckets/LegacyTEXTURE/68/3f/f518db6bdf90d3b03114838c8133e4078f0d.udd" 5964
"C:/Users/Yannick/AppData/Local/UnrealEngine/Common/DerivedDataCache/Buckets/LegacyTEXTURE/c5/61/7be9701b53d6e52d69f685f27dfdd2dc7802.udd" 5965
"C:/Users/Yannick/AppData/Local/UnrealEngine/Common/DerivedDataCache/Buckets/LegacyTEXTURE/d9/80/eb5c327ccb5440ffd1086fe7974617532fa9.udd" 5966
"C:/Users/Yannick/AppData/Local/UnrealEngine/Common/DerivedDataCache/Buckets/LegacyTEXTURE/16/67/864c6512df6cb9cf0cef036930a7e8aeb0e1.udd" 5967
"C:/Users/Yannick/AppData/Local/UnrealEngine/Common/DerivedDataCache/Buckets/LegacyTEXTURE/25/12/10904391f03627951b0e60f4ff832fb8854f.udd" 5968
"C:/Users/Yannick/AppData/Local/UnrealEngine/Common/DerivedDataCache/Buckets/LegacyTEXTURE/8d/8f/edf4c4f030d85655214a63d87fff19df069a.udd" 5969
"C:/Users/Yannick/AppData/Local/UnrealEngine/Common/DerivedDataCache/Buckets/LegacyTEXTURE/d9/77/830587eb99f59fd2ee23b3f380222f1b31f0.udd" 5970
"C:/Users/Yannick/AppData/Local/UnrealEngine/Common/DerivedDataCache/Buckets/LegacyTEXTURE/0a/32/4145acd0d2d9969f2b5d2aed49f907b68d15.udd" 5971
"C:/Users/Yannick/AppData/Local/UnrealEngine/Common/DerivedDataCache/Buckets/LegacyTEXTURE/87/72/00d9f489c2a022c9229b47a8b870d54415d9.udd" 5972
"C:/Users/Yannick/AppData/Local/UnrealEngine/Common/DerivedDataCache/Buckets/LegacyTEXTURE/b3/58/9110d51b18c44197eb010272eda39e13c7f8.udd" 5973
"C:/Users/Yannick/AppData/Local/UnrealEngine/Common/DerivedDataCache/Buckets/LegacyTEXTURE/a4/97/525292af17526acb2007a22c9c5445e419f9.udd" 5974
"C:/Users/Yannick/AppData/Local/UnrealEngine/Common/DerivedDataCache/Buckets/LegacyTEXTURE/85/17/a4952b7f8a37a7d9a37fcee570084bb5738e.udd" 5975
"C:/Users/Yannick/AppData/Local/UnrealEngine/Common/DerivedDataCache/Buckets/LegacyTEXTURE/16/e0/cd96479b7828695540b4b671d7a81f7988ab.udd" 5976
"C:/Users/Yannick/AppData/Local/UnrealEngine/Common/DerivedDataCache/Buckets/LegacyTEXTURE/3f/e5/85ce002260c3c80681c1a01878aa25495267.udd" 5977
"C:/Users/Yannick/AppData/Local/UnrealEngine/Common/DerivedDataCache/Buckets/LegacyTEXTURE/59/38/8deb85d8cc96e616f6d33e761133afc1bcd4.udd" 5978
"C:/Users/Yannick/AppData/Local/UnrealEngine/Common/DerivedDataCache/Buckets/LegacyTEXTURE/d2/24/8a849ca6c4ff0f0c2e1199ca1c7f84a2534a.udd" 5979
"C:/Users/Yannick/AppData/Local/UnrealEngine/Common/DerivedDataCache/Buckets/LegacyTEXTURE/e6/a3/78d4a22c6babbe6adc689a6f436e0aca729d.udd" 5980
"C:/Users/Yannick/AppData/Local/UnrealEngine/Common/DerivedDataCache/Buckets/LegacyTEXTURE/68/e3/a6175187d48dfa08c3fb71b849b165541e72.udd" 5981
"C:/Users/Yannick/AppData/Local/UnrealEngine/Common/DerivedDataCache/Buckets/LegacyTEXTURE/6f/4b/c88ce4c55799271ed77fffcd44681b4374c5.udd" 5982
"../../../../../UnrealEngine_Project/Perpetual_Dependancy_Github/Perpetual_Dependancy/Perpetual_Dependancy/Content/Game_art/Post_process/OverDose/eye_veins_effect.uasset" 5983
"C:/Users/Yannick/AppData/Local/UnrealEngine/Common/DerivedDataCache/Buckets/LegacyTEXTURE/cb/b5/4285401c0a5b2e54190fc3a302b9641f97f2.udd" 5984
"C:/Users/Yannick/AppData/Local/UnrealEngine/Common/DerivedDataCache/Buckets/LegacyTEXTURE/89/22/6e484bba35c17e0dd79905c07dba73e831a2.udd" 5985
"C:/Users/Yannick/AppData/Local/UnrealEngine/Common/DerivedDataCache/Buckets/LegacyTEXTURE/80/56/b8576335ebbc38cd2668536e2977dbaf8b8f.udd" 5986
"C:/Users/Yannick/AppData/Local/UnrealEngine/Common/DerivedDataCache/Buckets/LegacyTEXTURE/9a/4f/675a91dbdb9cdad31197f05159ca8bb4470c.udd" 5987
"C:/Users/Yannick/AppData/Local/UnrealEngine/Common/DerivedDataCache/Buckets/LegacyTEXTURE/b6/16/a0b30779567410f106c5dc4bc9d2b0ffeddb.udd" 5988
"C:/Users/Yannick/AppData/Local/UnrealEngine/Common/DerivedDataCache/Buckets/LegacyTEXTURE/48/e8/a202ff91e0927b6d269521fec3b171c1d626.udd" 5989
"C:/Users/Yannick/AppData/Local/UnrealEngine/Common/DerivedDataCache/Buckets/LegacyTEXTURE/76/0e/9ccb050be51c7476c741cb7d2cb47b68b6f0.udd" 5990
"C:/Users/Yannick/AppData/Local/UnrealEngine/Common/DerivedDataCache/Buckets/LegacyTEXTURE/c6/b3/b77c6a705e855d167aa4bb2614ed9abed6c2.udd" 5991
"C:/Users/Yannick/AppData/Local/UnrealEngine/Common/DerivedDataCache/Buckets/LegacyTEXTURE/f0/e7/e1d58e2b448331ac5a67118a04198fbb74ba.udd" 5992
"C:/Users/Yannick/AppData/Local/UnrealEngine/Common/DerivedDataCache/Buckets/LegacyTEXTURE/18/1c/c05da5add13603c8e0a09aafb7456da1fa01.udd" 5993
"C:/Users/Yannick/AppData/Local/UnrealEngine/Common/DerivedDataCache/Buckets/LegacyTEXTURE/6e/0c/c31a3c5437fee73382fd8215cbce8ced4716.udd" 5994
"C:/Users/Yannick/AppData/Local/UnrealEngine/Common/DerivedDataCache/Buckets/LegacyTEXTURE/87/02/21b8d83006d5cd90addb2b8ada4caf6bebf7.udd" 5995
"C:/Users/Yannick/AppData/Local/UnrealEngine/Common/DerivedDataCache/Buckets/LegacyTEXTURE/31/3b/48e347e184eb7fa2938333b3cd6cfb5d91cf.udd" 5996
"C:/Users/Yannick/AppData/Local/UnrealEngine/Common/DerivedDataCache/Buckets/LegacyTEXTURE/c3/ec/e6cbc3bb0febe538735bc1f60b030fc19ad7.udd" 5997
"C:/Users/Yannick/AppData/Local/UnrealEngine/Common/DerivedDataCache/Buckets/LegacyTEXTURE/a5/87/f670504c1d295143d7a2ebc97b25ce897be8.udd" 5998
"C:/Users/Yannick/AppData/Local/UnrealEngine/Common/DerivedDataCache/Buckets/LegacyTEXTURE/37/8e/cd6d0e0d58c6324cd927df9f872e49581fa6.udd" 5999
"C:/Users/Yannick/AppData/Local/UnrealEngine/Common/DerivedDataCache/Buckets/LegacyTEXTURE/3c/66/34aa3ac1b74d2d1b1f6aff0cfb0bf94a86e9.udd" 6000
"C:/Users/Yannick/AppData/Local/UnrealEngine/Common/DerivedDataCache/Buckets/LegacyTEXTURE/8b/e6/0157a140565d030a2eefd339174924f37e32.udd" 6001
"C:/Users/Yannick/AppData/Local/UnrealEngine/Common/DerivedDataCache/Content/22/74/8a4a44e1e9d4af17206cfae75693dc326378.udd" 6002
"C:/Users/Yannick/AppData/Local/UnrealEngine/Common/DerivedDataCache/Buckets/LegacyTEXTURE/73/ae/5e629a98df78aad5916da023fb9d0683f9a9.udd" 6003
"C:/Users/Yannick/AppData/Local/UnrealEngine/Common/DerivedDataCache/Buckets/LegacyTEXTURE/db/c7/7a3d33a8184d0bc656d038ef340c6244598e.udd" 6004
"C:/Users/Yannick/AppData/Local/UnrealEngine/Common/DerivedDataCache/Buckets/LegacyTEXTURE/8f/5a/3b525fbd50ea13528def2de45a9610852ece.udd" 6005
"C:/Users/Yannick/AppData/Local/UnrealEngine/Common/DerivedDataCache/Buckets/LegacyTEXTURE/d7/82/77a4953d2d8ab82807c5653482ca47965fce.udd" 6006
"C:/Users/Yannick/AppData/Local/UnrealEngine/Common/DerivedDataCache/Buckets/LegacyTEXTURE/35/c5/428f401b8d8a17f86203f81198f53400b72b.udd" 6007
"C:/Users/Yannick/AppData/Local/UnrealEngine/Common/DerivedDataCache/Buckets/LegacyTEXTURE/40/f0/d7d461f7ee97c3cfdfb07be9482a14b9573c.udd" 6008
"C:/Users/Yannick/AppData/Local/UnrealEngine/Common/DerivedDataCache/Buckets/LegacyTEXTURE/d5/b1/24cffaf1a614b0b76d581741a5cbb21ddd30.udd" 6009
"C:/Users/Yannick/AppData/Local/UnrealEngine/Common/DerivedDataCache/Buckets/LegacyTEXTURE/95/10/b2e6d99b0b019d1797bf62ebe984cd2c8b2b.udd" 6010
"C:/Users/Yannick/AppData/Local/UnrealEngine/Common/DerivedDataCache/Buckets/LegacyTEXTURE/88/c9/a0fcde2d1873ab5b3fbb6689266a36637d62.udd" 6011
"C:/Users/Yannick/AppData/Local/UnrealEngine/Common/DerivedDataCache/Buckets/LegacyTEXTURE/be/4e/b5269cb27d636e462348e44ad1bcd3f751e5.udd" 6012
"C:/Users/Yannick/AppData/Local/UnrealEngine/Common/DerivedDataCache/Buckets/LegacyTEXTURE/48/27/71d942a928da47c6295a554761ed576d4707.udd" 6013
"C:/Users/Yannick/AppData/Local/UnrealEngine/Common/DerivedDataCache/Buckets/LegacyTEXTURE/fd/fd/3f4ae4096a1075a0a7dd1ef387601837b306.udd" 6014
"C:/Users/Yannick/AppData/Local/UnrealEngine/Common/DerivedDataCache/Buckets/LegacyTEXTURE/25/09/e68ef31b543b1085bac5a0c6a6b5bc607f44.udd" 6015
"C:/Users/Yannick/AppData/Local/UnrealEngine/Common/DerivedDataCache/Buckets/LegacyTEXTURE/5a/d4/b9590237dc335d7143938246e867ad329bd3.udd" 6016
"C:/Users/Yannick/AppData/Local/UnrealEngine/Common/DerivedDataCache/Buckets/LegacyTEXTURE/47/7c/9c954210061bd91fa728496586a0d4296c42.udd" 6017
"C:/Users/Yannick/AppData/Local/UnrealEngine/Common/DerivedDataCache/Buckets/LegacyTEXTURE/b1/d4/2270a02afdb57faacfdd85aaf97722eed190.udd" 6018
"C:/Users/Yannick/AppData/Local/UnrealEngine/Common/DerivedDataCache/Buckets/LegacyTEXTURE/07/bc/0c38700fe3c4348e1eeafc348a122b55def5.udd" 6019
"C:/Users/Yannick/AppData/Local/UnrealEngine/Common/DerivedDataCache/Buckets/LegacyTEXTURE/43/96/a88dea47d9322c7fb0614cf0e58e49ac97fc.udd" 6020
"C:/Users/Yannick/AppData/Local/UnrealEngine/Common/DerivedDataCache/Buckets/LegacyTEXTURE/28/c0/4231be26b200f1f6dde136adc663881ec64c.udd" 6021
"C:/Users/Yannick/AppData/Local/UnrealEngine/Common/DerivedDataCache/Buckets/LegacyTEXTURE/f0/0f/2f537f5ce367e10f9c695b7b040d4ca68fdf.udd" 6022
"C:/Users/Yannick/AppData/Local/UnrealEngine/Common/DerivedDataCache/Buckets/LegacyTEXTURE/46/62/4867b798579e225076bd5b0675ce895eb280.udd" 6023
"../../../../../UnrealEngine_Project/Perpetual_Dependancy_Github/Perpetual_Dependancy/Perpetual_Dependancy/Content/Characters/Mannequin_UE4/Textures/T_UELogo_N_TGA.uasset" 6024
"C:/Users/Yannick/AppData/Local/UnrealEngine/Common/DerivedDataCache/Buckets/LegacyTEXTURE/16/18/6f34ea643e044bfc58ac757f537d37b5b5d5.udd" 6025
"C:/Users/Yannick/AppData/Local/UnrealEngine/Common/DerivedDataCache/Buckets/LegacyTEXTURE/a5/33/50bbf5bf0d618ce26cba0738475467d7c8b0.udd" 6026
"C:/Users/Yannick/AppData/Local/UnrealEngine/Common/DerivedDataCache/Buckets/LegacyTEXTURE/44/75/11bf7976a3f69e2156dcd380a0e103416d2c.udd" 6027
"C:/Users/Yannick/AppData/Local/UnrealEngine/Common/DerivedDataCache/Buckets/LegacyTEXTURE/6b/a5/71111fe41220a0ccb5121735d61bf41402e8.udd" 6028
"../../../../../UnrealEngine_Project/Perpetual_Dependancy_Github/Perpetual_Dependancy/Perpetual_Dependancy/Content/Characters/Mannequin_UE4/Textures/T_UELogo_Mask.uasset" 6029
"../../../../../UnrealEngine_Project/Perpetual_Dependancy_Github/Perpetual_Dependancy/Perpetual_Dependancy/Content/Characters/Mannequin_UE4/Textures/T_UE4_Mannequin__normals.uasset" 6030
"C:/Users/Yannick/AppData/Local/UnrealEngine/Common/DerivedDataCache/Buckets/LegacyTEXTURE/5f/d6/3aeb3b163abc1505bdc0bcb39a3628276ab1.udd" 6031
"../../../../../UnrealEngine_Project/Perpetual_Dependancy_Github/Perpetual_Dependancy/Perpetual_Dependancy/Content/Characters/Mannequin_UE4/Textures/T_UE4_Mannequin_MAT_MASKA.uasset" 6032
"../../../../../UnrealEngine_Project/Perpetual_Dependancy_Github/Perpetual_Dependancy/Perpetual_Dependancy/Content/Characters/Mannequin_UE4/Textures/T_ML_Rubber_Blue_01_N.uasset" 6033
"C:/Users/Yannick/AppData/Local/UnrealEngine/Common/DerivedDataCache/Buckets/LegacyTEXTURE/92/21/b1825410147809b7412dbf3b35e2e6cf6505.udd" 6034
"C:/Users/Yannick/AppData/Local/UnrealEngine/Common/DerivedDataCache/Buckets/LegacyTEXTURE/13/46/2666625151313ca0927c9b33295d4143f2e6.udd" 6035
"C:/Users/Yannick/AppData/Local/UnrealEngine/Common/DerivedDataCache/Buckets/LegacyTEXTURE/80/4c/7e5dd78e12f2e4b20e1885af0a7fea9ca9f7.udd" 6036
"C:/Users/Yannick/AppData/Local/UnrealEngine/Common/DerivedDataCache/Buckets/LegacyTEXTURE/56/69/ca4d65b33d37d5975f6c9169c55ffc9acfea.udd" 6037
"C:/Users/Yannick/AppData/Local/UnrealEngine/Common/DerivedDataCache/Content/ca/f4/18a3f0ab20ed72ffc54703531187ab380c69.udd" 6038
"C:/Users/Yannick/AppData/Local/UnrealEngine/Common/DerivedDataCache/Buckets/LegacyTEXTURE/cf/ca/5cf24a07df6c64bc990e96f99eff1622ec6e.udd" 6039
"C:/Users/Yannick/AppData/Local/UnrealEngine/Common/DerivedDataCache/Buckets/LegacyTEXTURE/e5/ca/8614f10763e75ef1f4a1ba00e4f40ffb7b5e.udd" 6040
"../../../../../UnrealEngine_Project/Perpetual_Dependancy_Github/Perpetual_Dependancy/Perpetual_Dependancy/Content/Characters/Mannequin_UE4/Textures/T_ML_Rubber_Blue_01_D.uasset" 6041
"../../../../../UnrealEngine_Project/Perpetual_Dependancy_Github/Perpetual_Dependancy/Perpetual_Dependancy/Content/Characters/Mannequin_UE4/Textures/T_ML_Aluminum01_N.uasset" 6042
"C:/Users/Yannick/AppData/Local/UnrealEngine/Common/DerivedDataCache/Buckets/LegacyTEXTURE/8a/73/afdc97984156cf6fe94729c49dc5d691e92a.udd" 6043
"C:/Users/Yannick/AppData/Local/UnrealEngine/Common/DerivedDataCache/Buckets/LegacyTEXTURE/d3/4c/0a59c540d4f9e2d1df4f9505d21af4926d9c.udd" 6044
"../../../../../UnrealEngine_Project/Perpetual_Dependancy_Github/Perpetual_Dependancy/Perpetual_Dependancy/Content/Characters/Mannequin_UE4/Textures/T_ML_Aluminum01.uasset" 6045
"C:/Users/Yannick/AppData/Local/UnrealEngine/Common/DerivedDataCache/Buckets/LegacyTEXTURE/22/21/c3937949ee2609d14f9a5811ff396ed77579.udd" 6046
"C:/Users/Yannick/AppData/Local/UnrealEngine/Common/DerivedDataCache/Buckets/LegacyTEXTURE/db/ee/cad096d0459e2381fca68517ecc0b2c37708.udd" 6047
"C:/Users/Yannick/AppData/Local/UnrealEngine/Common/DerivedDataCache/Buckets/LegacyTEXTURE/11/d8/8bcc8211a34580f046bc847c6c1448dd07e8.udd" 6048
"C:/Users/Yannick/AppData/Local/UnrealEngine/Common/DerivedDataCache/Buckets/LegacyTEXTURE/e2/71/0248c7f25e714dd11f20fbccd2583567e45f.udd" 6049
"C:/Users/Yannick/AppData/Local/UnrealEngine/Common/DerivedDataCache/Buckets/LegacyTEXTURE/e9/a7/12bfc7670595e5f656e2ef6575a3daf809ee.udd" 6050
"C:/Users/Yannick/AppData/Local/UnrealEngine/Common/DerivedDataCache/Buckets/LegacyTEXTURE/ed/fc/c1fe2a8dd75878a578b0e1020b79abdc0dbf.udd" 6051
"C:/Users/Yannick/AppData/Local/UnrealEngine/Common/DerivedDataCache/Buckets/LegacyTEXTURE/4d/d4/bad956e8b219dfb15651488ea4153da49dfa.udd" 6052
"C:/Users/Yannick/AppData/Local/UnrealEngine/Common/DerivedDataCache/Buckets/LegacyTEXTURE/3f/4e/958f5b0cdf022f22e34175ca845960938fef.udd" 6053
